iteration,best_so_far,best_iter,worst_iter,mean_fitness,median_fitness,stddev_fitness
1,1008.55,1008.55,9602.83,4154.94,3856.89,2029.34
2,30.4947,30.4947,9602.83,256.556,57.8005,1335.44
3,30.4947,457.049,10434,3834.25,3501.7,2380.22
4,30.4947,58.768,10411.1,1335.46,859.555,1705.61
5,30.4947,121.742,10471.3,1125.31,822.674,1480
6,30.4947,53.9829,10548.9,612.801,279.592,1473.03
7,30.4947,74.3937,10577,1084.89,668.462,1539.36
8,30.4947,50.9038,10596.3,447.124,169.571,1466.29
9,30.4947,177.225,10610,1284.28,722.548,1583.78
10,30.4947,30.6068,10621.8,512.633,142.925,1521.19
11,30.4947,69.7415,10633.1,1390.09,1038.57,1597.36
12,30.4947,45.9675,10642.8,580.514,154.351,1549.19
13,30.4947,56.9973,10652.4,1497.97,1077.27,1643.44
14,30.3834,30.3834,10660,571.792,111.958,1548.67
15,30.3834,64.8226,10666,1246.05,810.295,1596.49
16,30.3834,43.1072,10671.2,596.043,115.905,1569.2
17,30.3834,75.1184,10672.9,1226.19,730.953,1578.4
18,30.3834,33.7015,10674.4,522.418,140.966,1523.77
19,30.3834,182.994,10674.7,1593.32,1186.57,1686.69
20,30.3834,50.713,10675.1,574.772,181.368,1527.2
21,30.3834,229.581,10675.1,1709.14,1442.1,1637.03
22,30.3834,52.05,10675.1,532.922,198.135,1500.68
23,30.3834,134.34,10675.1,1573.28,985.833,1780.34
24,30.3834,48.2356,10675.1,713.758,246.98,1608.63
25,30.3834,89.8942,10675.1,1167.66,743.707,1602.26
26,30.3834,47.4802,10675.1,497.751,182.911,1510.31
27,30.3834,98.8365,10675.1,1419.7,965.461,1599.25
28,30.3834,53.5515,10675.1,560.907,226.504,1511.92
29,30.3834,149.662,10675.1,1563.99,1083.61,1619.29
30,30.3834,37.4145,10675.1,607.505,214.347,1563.36
31,30.3834,137.915,10675.1,1437.36,986.908,1612.19
32,25.9426,25.9426,10675.1,487.251,140.847,1528.09
33,25.9426,66.8591,10675.1,1428.71,934.359,1598.71
34,25.9426,38.54,10675.1,512.921,155.177,1507.37
35,25.9426,262.903,10675.1,1605.67,1361.28,1540.06
36,25.9426,47.7786,10675.1,615.946,231.926,1510.4
37,25.9426,214.153,10675.1,1852.47,1449.15,1655.44
38,25.9426,39.437,10675.1,748.024,247.864,1587.06
39,25.9426,209.754,10675.1,1830.69,1356.33,1808.04
40,25.9426,83.7082,10675.1,713.292,256.864,1536.97
41,25.9426,146.486,10675.1,1673.78,1244.5,1707.39
42,25.9426,67.0805,10675.1,792.404,244.355,1577.79
43,25.9426,121.324,10675.1,1429.14,1045.5,1545.99
44,25.9426,55.7579,10675.1,728.362,240.18,1558.19
45,25.9426,208.736,10675.1,1394.1,903.476,1603.26
46,25.9426,80.7169,10675.1,526.294,224.771,1494.2
47,25.9426,151.202,10675.1,1331.7,908.933,1559.45
48,25.9426,52.2462,10675.1,545.66,223.202,1519.11
49,25.9426,139.551,10675.1,1563.57,1267.87,1631.1
50,25.9426,77.2621,10675.1,507.729,191.514,1488.93
51,25.9426,137.919,10675.1,1803.6,1419.8,1769.99
52,25.9426,71.3347,10675.1,785.116,250.222,1622.65
53,25.9426,104.567,10675.1,1494.5,812.06,1737.96
54,25.9426,55.3078,10675.1,715.679,136.28,1583.23
55,25.9426,111.195,10675.1,1319.76,965.192,1570.26
56,25.9426,28.0909,10675.1,583.282,151.991,1570
57,25.9426,147.437,10675.1,1302.83,858.531,1591.91
58,25.9426,58.4527,10675.1,584.167,149.008,1537.52
59,25.9426,99.2841,10675.1,1226.45,850.27,1622.64
60,25.9426,27.3784,10675.1,483.256,111.059,1509.26
61,25.9426,72.717,10675.1,1165.61,456.127,1703.71
62,25.9426,36.762,10675.1,417.399,108.686,1496.49
63,25.9426,82.6379,10675.1,1158.52,670.475,1580.44
64,25.9426,39.8361,10675.1,486.324,103.153,1520.74
65,25.9426,84.2704,10675.1,1071.39,545.774,1543.27
66,25.9426,47.5829,10675.1,438.455,92.8597,1503.84
67,25.9426,45.9486,10675.1,1152.84,714.457,1511.89
68,25.9426,26.3627,10675.1,522.917,150.898,1523.23
69,25.9426,99.9903,10675.1,1323.1,919.22,1549.15
70,25.9426,40.788,10675.1,496.728,111.414,1515.47
71,25.9426,102.094,10675.1,1255.61,687.942,1609.13
72,25.9426,38.9194,10675.1,571.633,129.159,1551.02
73,25.9426,118.54,10675.1,1271.22,836.048,1590.4
74,25.9426,34.343,10675.1,473.724,157.875,1489.26
75,25.9426,118.13,10675.1,1138.98,747.037,1602.67
76,25.9426,34.6063,10675.1,491.064,118.919,1523.92
77,25.9426,76.9406,10675.1,1050.26,655.396,1512.98
78,25.9426,40.3309,10675.1,424.979,140.165,1479.16
79,25.9426,101.04,10675.1,1322.29,760.936,1657.88
80,25.9426,51.8767,10675.1,504.198,168.228,1515.45
81,25.9426,139.645,10675.1,1257.17,851.628,1535.59
82,25.9426,62.2893,10675.1,521.969,163.92,1505.31
83,25.9426,145.215,10675.1,1085.55,631.151,1536.41
84,25.9426,52.1182,10675.1,523.339,163.237,1505.49
85,25.9426,143.084,10675.1,1162.7,659.697,1565.05
86,25.9426,35.8937,10675.1,402.847,149.432,1474.89
87,25.9426,120.622,10675.1,1232.46,845.451,1546.27
88,25.9426,32.6051,10675.1,489.636,139.151,1523
89,25.9426,80.3672,10675.1,1234.42,785.87,1551.78
90,22.9904,22.9904,10675.1,521.934,169.914,1495.12
91,22.9904,91.227,10675.1,1179.31,699.4,1562.18
92,22.9904,32.2989,10675.1,440.388,106.851,1502.47
93,22.9904,73.7405,10675.1,1093.93,686.545,1523.13
94,22.9904,39.1432,10675.1,472.02,89.8268,1525.02
95,22.9904,47.0209,10675.1,1090.68,680.39,1554.8
96,22.9904,34.9682,10675.1,397.131,110.521,1491.97
97,22.9904,124.907,10675.1,1098.94,653.373,1528.64
98,22.9904,34.7539,10675.1,523.68,131.246,1525.05
99,22.9904,111.262,10675.1,1026.42,556.123,1573.34
100,22.9904,29.9944,10675.1,388.521,111.149,1497.57
101,22.9904,75.1633,10675.1,1123.22,528.408,1646
102,22.9904,43.8702,10675.1,510.603,103.378,1599.02
103,22.9904,72.8492,10675.1,962.304,571.41,1507.97
104,22.9904,41.4231,10675.1,447.248,94.5055,1508.96
105,22.9904,44.3824,10675.1,1056.76,637.019,1530.53
106,22.9904,26.1511,10675.1,341.843,87.702,1481.47
107,22.9904,118.59,10675.1,1154.65,848.902,1527.16
108,18.454,18.454,10675.1,517.222,98.8251,1544.66
109,18.454,99.1989,10675.1,1000.8,558.609,1599.65
110,18.454,23.95,10675.1,456.972,115.368,1532.66
111,18.454,55.3547,10675.1,954.023,682.325,1515.79
112,18.454,24.747,10675.1,459.598,93.6817,1514.14
113,18.454,24.9174,10675.1,1022.62,674.158,1529.65
114,18.454,27.0544,10675.1,434.281,96.6302,1504.01
115,18.454,125.587,10675.1,958.222,501.861,1522.1
116,18.454,24.6018,10675.1,423.656,104.985,1514.48
117,18.454,94.1789,10675.1,1086.26,640.553,1577.19
118,18.454,27.1794,10675.1,429.945,89.6465,1513.69
119,18.454,139.353,10675.1,1100.53,851.332,1509.51
120,18.454,44.0632,10675.1,473.998,114.078,1495.04
121,18.454,123.311,10675.1,922.838,519.129,1539.63
122,18.454,35.0443,10675.1,574.786,121.223,1592.25
123,18.454,61.4156,10675.1,977.771,505.006,1593.17
124,18.454,23.1616,10675.1,517.017,101.498,1526.43
125,18.454,33.5627,10675.1,964.351,491.581,1553.43
126,18.454,26.6164,10675.1,352.884,82.1658,1485.22
127,18.454,109.823,10675.1,985.398,632.084,1511.78
128,18.454,20.766,10675.1,458.783,110.072,1507.01
129,18.454,183.906,10675.1,1027.34,662.523,1509.77
130,18.454,20.29,10675.1,526.071,95.2232,1535.36
131,18.454,53.2531,10675.1,894.739,482.724,1521.03
132,18.454,18.5296,10675.1,378.722,74.3971,1489.56
133,18.454,79.0576,10675.1,898.499,500.918,1528.53
134,18.454,22.8939,10675.1,364.963,84.93,1501.86
135,18.454,42.8035,10675.1,996.256,544.243,1532.04
136,18.454,27.3739,10675.1,531.049,103.478,1557.28
137,18.454,55.8497,10675.1,969.231,520.54,1539.43
138,18.454,32.5599,10675.1,529.451,122.645,1536.52
139,18.454,24.3172,10675.1,795.036,425.388,1529.95
140,18.454,21.4268,10675.1,430.689,92.7545,1524.39
141,18.454,51.2083,10675.1,803.799,432.171,1528.59
142,18.454,24.4616,10675.1,373.103,76.7293,1494.11
143,18.454,87.238,10675.1,869.495,467.418,1500.85
144,18.454,29.3745,10675.1,404.348,101.154,1508.19
145,18.454,62.6886,10675.1,808.494,449.741,1492.82
146,18.454,36.4069,10675.1,407.888,96.0741,1504.26
147,18.454,87.3157,10675.1,1019.58,593.781,1536.65
148,18.454,34.3856,10675.1,471.129,103.11,1522.19
149,18.454,92.9715,10675.1,882.727,507.291,1478.19
150,18.454,29.437,10675.1,440.523,109.357,1502.2
151,18.454,91.4052,10675.1,980.998,539.206,1563.47
152,17.492,17.492,10675.1,524.229,113.059,1536.44
153,17.492,45.6717,10675.1,849.68,440.907,1527.2
154,17.492,30.8631,10675.1,355.496,89.4778,1483.24
155,17.492,71.9688,10675.1,932.123,542.381,1514.55
156,17.492,31.1139,10675.1,423.3,92.3608,1515.66
157,17.492,93.6254,10675.1,915.591,543.207,1515.46
158,17.492,36.6089,10675.1,491.475,116.103,1518.1
159,17.492,54.9466,10675.1,851.551,483.852,1518.95
160,17.492,26.9389,10675.1,500.745,116.513,1533.61
161,17.492,57.344,10675.1,712.622,337.406,1515.61
162,17.492,26.7513,10675.1,357.894,96.6241,1483.75
163,17.492,67.119,10675.1,745.883,397.704,1504.71
164,17.492,30.4657,10675.1,421.713,107.894,1501.87
165,17.492,67.0315,10675.1,653.302,294.173,1485.5
166,17.492,30.7617,10675.1,382.666,91.1989,1497.59
167,17.492,72.2822,10675.1,741.952,297.931,1540.79
168,17.492,23.0377,10675.1,362.734,81.1298,1496.52
169,17.492,86.1903,10675.1,878.97,451.769,1526.3
170,17.492,35.0601,10675.1,348.731,70.3314,1492
171,17.492,93.4279,10675.1,974.051,497.512,1553.42
172,17.492,38.4174,10675.1,392.588,70.4983,1507.64
173,17.492,72.7408,10675.1,1024.52,499.63,1591.99
174,17.492,24.2443,10675.1,509.905,113.118,1537.3
175,17.492,32.7615,10675.1,765.958,342.139,1511.25
176,17.492,25.048,10675.1,355.793,71.8588,1490.56
177,17.492,33.2903,10675.1,745.294,411.634,1482.03
178,17.492,21.452,10675.1,436.369,72.3045,1510.84
179,17.492,74.6066,10675.1,712.612,384.94,1503.95
180,17.2931,17.2931,10675.1,377.555,73.2207,1497.8
181,17.2931,44.9767,10675.1,764.202,399.433,1522.71
182,17.2931,31.8455,10675.1,493.717,79.8484,1545.99
183,17.2931,61.7386,10675.1,782.369,354.191,1530.06
184,17.2931,24.9335,10675.1,439.463,72.0154,1538.29
185,17.2931,77.0427,10675.1,850.931,475.563,1514.88
186,17.2931,27.8751,10675.1,394.504,67.3511,1509.48
187,17.2931,44.8611,10675.1,910.84,442.365,1543.55
188,17.2931,27.5421,10675.1,549.364,96.3362,1562.53
189,17.2931,82.3836,10675.1,855.267,492.462,1499.16
190,17.2931,25.6357,10675.1,534.854,105.721,1543.2
191,17.2931,30.3714,10675.1,704.274,320.424,1490.02
192,17.2931,29.9954,10675.1,373.855,79.1314,1489.99
193,17.2931,62.1584,10675.1,779.902,351.125,1522.97
194,17.2931,20.3126,10675.1,406.767,81.3915,1496.91
195,17.2931,57.4106,10675.1,704.526,391.135,1484.97
196,17.2931,40.2781,10675.1,344.619,89.5526,1491.57
197,17.2931,70.2421,10675.1,746.339,467.768,1488.82
198,17.2931,35.637,10675.1,377.715,107.086,1488.06
199,17.2931,57.4172,10675.1,873.328,410.952,1568.65
200,17.2931,26.1898,10675.1,431.442,113.457,1515.1
201,17.2931,68.6301,10675.1,938.792,573.891,1509.08
202,17.2931,52.2989,10675.1,486.986,167.006,1497.12
203,17.2931,93.8935,10675.1,817.365,425.57,1530.36
204,17.2931,62.8437,10675.1,393.411,158.193,1472.52
205,17.2931,71.5644,10675.1,775.661,434.711,1486.04
206,17.2931,34.5744,10675.1,482.022,102.609,1541.65
207,17.2931,50.3669,10675.1,698.764,391.628,1468.57
208,17.2931,44.1884,10675.1,412.544,120.816,1488.69
209,17.2931,88.184,10675.1,779.305,425.89,1481.75
210,17.2931,45.3373,10675.1,428.546,137.542,1482.16
211,17.2931,42.5206,10675.1,648.455,303.508,1476.73
212,17.2931,33.0561,10675.1,340.583,93.2117,1479.31
213,17.2931,62.6268,10675.1,854.827,468.285,1510.1
214,17.2931,35.1088,10675.1,390.938,93.4649,1487.24
215,17.2931,112.511,10675.1,915.148,530.625,1503.12
216,17.2931,28.582,10675.1,471.874,133.18,1502.91
217,17.2931,54.8298,10675.1,740.937,353.379,1484.9
218,17.2931,45.7417,10675.1,443.45,111.167,1499.94
219,17.2931,66.7281,10675.1,642.004,259.296,1501.65
220,17.2931,45.1493,10675.1,434.425,112.625,1499.24
221,17.2931,57.4579,10675.1,634.174,328.821,1470.87
222,17.2931,34.6489,10675.1,409.089,104.138,1489.23
223,17.2931,76.1948,10675.1,640.267,358.411,1469.16
224,17.2931,42.3529,10675.1,417.16,163.186,1480.2
225,17.2931,57.8801,10675.1,843.763,456.963,1521.97
226,17.2931,43.563,10675.1,388.594,149.446,1473.66
227,17.2931,66.471,10675.1,902.693,401.036,1564.41
228,17.2931,46.4111,10675.1,501.51,131.072,1531.61
229,17.2931,53.3987,10675.1,721.601,290.769,1528.57
230,17.2931,31.88,10675.1,406.708,128.736,1490.19
231,17.2931,63.6735,10675.1,707.711,394.644,1492.62
232,17.2931,24.3016,10675.1,507.455,113.14,1550.66
233,17.2931,57.4096,10675.1,800.137,362.386,1540.2
234,17.2931,29.5088,10675.1,479.811,124.621,1517.99
235,17.2931,41.9565,10675.1,638.207,312.43,1489.19
236,17.2931,29.5257,10675.1,366.547,105.926,1483.6
237,17.2931,49.6045,10675.1,631.578,283.157,1487.45
238,17.2931,28.9361,10675.1,339.14,84.3771,1483.08
239,17.2931,30.8028,10675.1,778.642,315.333,1550.62
240,17.2931,22.3018,10675.1,324.19,81.0597,1483.09
241,17.2931,60.1883,10675.1,645.286,358.517,1483.77
242,17.2931,30.1745,10675.1,380.913,74.7424,1494.93
243,17.2931,62.5039,10675.1,638.095,265.021,1480.15
244,17.2931,28.4263,10675.1,352.072,96.7584,1489.57
245,17.2931,61.4671,10675.1,648.35,321.557,1496.28
246,17.2931,34.3477,10675.1,446.628,86.1625,1513.62
247,17.2931,42.7651,10675.1,553.149,250.118,1472.64
248,17.2931,31.7762,10675.1,374.429,104.111,1483.45
249,17.2931,30.5955,10675.1,572.304,257.788,1477.56
250,17.2931,29.7657,10675.1,387.213,121.127,1479.12
251,17.2931,54.437,10675.1,520.262,269.797,1469.58
252,17.2931,40.3827,10675.1,357.865,116.385,1482.35
253,17.2931,32.2393,10675.1,589.329,293.724,1482.3
254,17.2931,31.7311,10675.1,343.668,83.9424,1482.58
255,17.2931,30.9179,10675.1,727.934,286.4,1530.26
256,17.2931,32.6181,10675.1,388.166,69.1604,1488.95
257,17.2931,35.5831,10675.1,642.883,258.976,1515.2
258,17.2931,35.3647,10675.1,363.367,75.2886,1496.8
259,17.2931,40.7195,10675.1,623.396,225.37,1528.65
260,17.2931,31.298,10675.1,431.943,62.6307,1523.79
261,17.2931,58.4227,10675.1,626.061,271.63,1495.67
262,16.9445,16.9445,10675.1,341.445,52.9126,1496.76
263,16.9445,37.6422,10675.1,605.573,287.351,1481.97
264,16.9445,25.9481,10675.1,386.78,53.2212,1512.87
265,16.9445,33.5467,10675.1,583.152,265.327,1486.67
266,16.9445,19.9627,10675.1,343.938,58.2915,1502.41
267,16.9445,21.682,10675.1,599.646,259.834,1480.49
268,16.9445,18.2602,10675.1,380.213,67.0708,1503.27
269,16.9445,45.144,10675.1,568.85,239.199,1496.3
270,16.9445,29.3573,10675.1,355.782,62.5046,1506.69
271,16.9445,33.4695,10675.1,556.452,211.83,1492.53
272,16.9445,19.5962,10675.1,356.155,59.0128,1495.69
273,16.9445,27.5595,10675.1,498.283,182.38,1494.08
274,16.9445,17.9269,10675.1,357.378,57.1595,1516.63
275,16.9445,35.1814,10675.1,489.454,196.272,1473.73
276,16.9445,18.9715,10675.1,295.131,46.8828,1486.61
277,16.9445,30.1287,10675.1,459.843,165.075,1482.12
278,16.9445,17.3993,10675.1,262.906,38.9031,1487.9
279,16.9445,53.3454,10675.1,523.944,231.661,1471.15
280,16.9445,22.0051,10675.1,289.244,47.6665,1485.59
281,16.9445,60.1051,10675.1,571.591,275.271,1477.87
282,12.1691,12.1691,10675.1,334.982,57.1156,1486.67
283,12.1691,43.0235,10675.1,525.065,241.121,1470.52
284,12.1691,16.384,10675.1,354.043,59.7427,1503.34
285,12.1691,43.4897,10675.1,467.184,191.862,1476.09
286,12.1691,17.2511,10675.1,341.14,46.5812,1499.11
287,12.1691,29.9819,10675.1,492.142,188.553,1482.53
288,12.1691,20.3103,10675.1,322.603,48.1764,1489.94
289,12.1691,41.6936,10675.1,417.489,177.873,1471.2
290,12.1691,15.4301,10675.1,278.749,48.6766,1486.08
291,12.1691,51.1594,10675.1,520.702,270.668,1467.71
292,12.1691,17.0881,10675.1,341.453,51.2591,1489.16
293,12.1691,32.6062,10675.1,436.844,158.27,1475.85
294,12.1691,22.9256,10675.1,300.754,53.2681,1488.64
295,12.1691,26.9359,10675.1,474.509,186.109,1483.04
296,12.1691,17.1598,10675.1,334.38,53.0707,1492.4
297,12.1691,20.3662,10675.1,486.951,193.29,1486.99
298,12.1691,25.2418,10675.1,302.585,68.0684,1484.82
299,12.1691,34.4678,10675.1,492.943,171.733,1494.95
300,12.1691,15.7955,10675.1,364.509,53.5009,1525.34
301,12.1691,28.0894,10675.1,549.961,160.803,1543.02
302,12.1691,16.9427,10675.1,308.794,46.4439,1486.74
303,12.1691,19.9829,10675.1,505.297,183.149,1499.08
304,12.1691,21.3005,10675.1,296.594,41.8048,1490.51
305,12.1691,50.7656,10675.1,488.774,161.986,1480.91
306,12.1691,16.6942,10675.1,327.911,40.0201,1495.5
307,12.1691,20.3631,10675.1,447.457,138.363,1475.44
308,12.1691,16.4017,10675.1,293.365,40.6853,1488.01
309,12.1691,27.0433,10675.1,426.016,157.779,1475.21
310,12.1691,16.4569,10675.1,312.233,46.0442,1496.4
311,12.1691,30.2193,10675.1,510.325,209.05,1488.31
312,12.1691,24.0479,10675.1,369.462,64.4308,1510.05
313,12.1691,23.029,10675.1,438.578,172.086,1473.67
314,12.1691,19.6516,10675.1,310.022,52.8172,1491.99
315,12.1691,34.2615,10675.1,415.924,164.6,1474.37
316,12.1691,20.2463,10675.1,279.461,42.4902,1488.14
317,12.1691,24.4365,10675.1,407.128,153.222,1473.32
318,12.1691,19.1798,10675.1,276.312,45.0199,1487.08
319,12.1691,47.115,10675.1,455.359,161.915,1481.75
320,12.1691,18.9109,10675.1,296.971,38.4383,1490.15
321,12.1691,29.5615,10675.1,468.78,205.06,1474.87
322,12.1691,18.3792,10675.1,321.703,51.4506,1486.3
323,12.1691,21.0398,10675.1,423.744,144.812,1475.06
324,12.1691,19.9704,10675.1,302.863,49.4742,1485.43
325,12.1691,22.3137,10675.1,424.188,116.188,1486.33
326,12.1691,17.2284,10675.1,304.659,48.7709,1487.58
327,12.1691,20.1889,10675.1,364.205,95.2737,1485.3
328,12.1691,18.28,10675.1,263.385,36.4158,1488.01
329,12.1691,25.3677,10675.1,369.994,122.203,1478.33
330,12.1691,16.9205,10675.1,273.662,38.8549,1488.15
331,12.1691,30.4209,10675.1,397.535,152.089,1476.05
332,12.1691,12.3614,10675.1,255.771,32.0523,1488.85
333,12.1691,40.56,10675.1,433.98,220.265,1469.76
334,12.1691,15.0351,10675.1,290.629,43.1558,1490.38
335,12.1691,25.1628,10675.1,439.954,164.073,1484.3
336,12.1691,16.3306,10675.1,289.418,42.6992,1489.91
337,12.1691,14.7395,10675.1,436.681,194.997,1473.45
338,12.1691,13.9017,10675.1,292.175,36.6381,1486.09
339,12.1691,16.1012,10675.1,372.974,111.362,1478.39
340,12.1691,13.1496,10675.1,279.127,35.4245,1487.59
341,12.1691,15.5408,10675.1,391.021,137.999,1480.85
342,12.1691,15.5894,10675.1,269.855,37.25,1487.58
343,12.1691,32.5126,10675.1,416.554,148.834,1483.06
344,12.1691,14.5503,10675.1,270.051,32.9818,1488.46
345,12.1691,34.2527,10675.1,414.861,139.848,1473.92
346,12.1691,14.3071,10675.1,277.816,32.9319,1487.82
347,12.1691,25.4823,10675.1,415.625,177.727,1472.43
348,12.1691,15.1604,10675.1,273.996,31.269,1488.12
349,12.1691,13.9955,10675.1,401.562,142.452,1479.39
350,12.1691,15.0703,10675.1,266.44,35.9643,1487.73
351,12.1691,14.0545,10675.1,441.882,127.328,1482.43
352,12.1691,13.0124,10675.1,290.502,37.2653,1489.47
353,12.1691,26.7889,10675.1,444.977,171.124,1480.95
354,12.1691,15.4704,10675.1,371.129,37.0919,1524.04
355,12.1691,22.7814,10675.1,398.53,124.629,1478.81
356,12.1691,15.3082,10675.1,323.426,34.9828,1514.61
357,12.1691,31.1706,10675.1,410.736,167.881,1477.18
358,12.1691,13.2179,10675.1,290.735,46.1325,1487.9
359,12.1691,30.9885,10675.1,425.283,187.308,1477.51
360,12.1691,18.9832,10675.1,361.998,51.7137,1513.32
361,12.1691,39.0884,10675.1,376.262,135.233,1476.8
362,12.1691,22.8889,10675.1,284.88,52.8047,1485.94
363,12.1691,34.0355,10675.1,398.921,155.29,1475.47
364,12.1691,15.0607,10675.1,289.34,46.2713,1489.59
365,12.1691,22.8352,10675.1,437.808,178.002,1480.38
366,12.1691,18.7897,10675.1,301.199,51.2012,1486.82
367,12.1691,27.9294,10675.1,385.148,148.513,1474.38
368,12.1691,22.1705,10675.1,306.166,45.969,1485.14
369,12.1691,29.4322,10675.1,386.595,116.279,1488.65
370,12.1691,18.2114,10675.1,305.65,38.3645,1513.39
371,12.1691,29.1754,10675.1,406.991,91.1677,1489.61
372,12.1691,14.0612,10675.1,288.832,29.7268,1489
373,12.1691,31.386,10675.1,398.881,114.74,1486.34
374,12.1691,17.186,10675.1,276.092,38.7688,1486.84
375,12.1691,35.3091,10675.1,444.977,135.942,1499.15
376,12.1691,22.0376,10675.1,301.744,44.729,1490.07
377,12.1691,20.8787,10675.1,374.98,108.526,1482.06
378,12.1691,17.1301,10675.1,308.875,43.7832,1493.09
379,12.1691,30.8068,10675.1,356.247,76.8136,1481.08
380,12.1691,19.3574,10675.1,280.198,41.1432,1488.02
381,12.1691,31.841,10675.1,344.048,94.3389,1481.09
382,12.1691,17.0533,10675.1,269.229,41.6091,1487.75
383,12.1691,41.264,10675.1,351.219,106.338,1479.46
384,12.1691,14.5824,10675.1,259.401,36.1337,1488.4
385,12.1691,45.1054,10675.1,388.933,133.612,1476.8
386,12.1691,19.422,10675.1,318.616,38.0554,1488.78
387,12.1691,28.0448,10675.1,348.352,87.9738,1480.03
388,12.1691,16.5357,10675.1,263.785,39.7225,1487.82
389,12.1691,31.4814,10675.1,367.634,117.039,1477.78
390,12.1691,12.6894,10675.1,276.143,29.7108,1488.9
391,12.1691,16.6375,10675.1,368.137,135.791,1477.93
392,12.1691,16.1973,10675.1,275.262,26.0108,1489.79
393,12.1691,15.5446,10675.1,393.32,140.468,1474.35
394,12.1691,16.6098,10675.1,274.309,32.2696,1488.98
395,12.1691,15.0217,10675.1,370.496,141.397,1475.66
396,12.1691,13.8027,10675.1,261.102,28.2098,1489.01
397,12.1691,36.0008,10675.1,396.657,147.824,1476
398,12.1691,14.1155,10675.1,267.955,30.9745,1488.84
399,12.1691,29.5188,10675.1,374.521,145.296,1475.28
400,12.1691,15.0874,10675.1,282.498,37.1816,1487.04
401,12.1691,37.5769,10675.1,376.276,109.541,1478.57
402,12.1691,17.7136,10675.1,290.08,46.7247,1486.12
403,12.1691,32.6088,10675.1,350.103,106.501,1477.48
404,12.1691,12.4918,10675.1,255.112,31.5023,1488.86
405,12.1691,20.7587,10675.1,383.044,105.675,1488.02
406,12.1691,12.7433,10675.1,297.698,38.1169,1499.85
407,12.1691,27.227,10675.1,385.86,118.502,1481.97
408,12.1691,18.1247,10675.1,276.019,44.0259,1487.01
409,12.1691,25.5101,10675.1,358.091,114.455,1480.38
410,12.1691,15.9829,10675.1,266.25,34.0202,1488.05
411,12.1691,25.4837,10675.1,349.847,103.765,1478.73
412,12.1691,13.3908,10675.1,261.643,37.4231,1488.33
413,12.1691,27.7411,10675.1,402.734,111.297,1481.34
414,12.1691,14.277,10675.1,328.775,34.4932,1505.17
415,12.1691,21.7149,10675.1,353.562,100.541,1481.52
416,12.1691,13.1831,10675.1,277.107,35.6554,1488.16
417,12.1691,25.1582,10675.1,336.516,99.098,1479.46
418,12.1691,21.9014,10675.1,287.279,35.9862,1491.03
419,12.1691,23.8726,10675.1,355.349,99.2294,1479.66
420,12.1691,16.9408,10675.1,263.722,35.8831,1487.97
421,12.1691,24.3072,10675.1,394.358,124.031,1477.97
422,12.1691,14.4516,10675.1,293.944,37.0549,1489.8
423,12.1691,20.6761,10675.1,366.626,129.625,1477.64
424,12.1691,22.8856,10675.1,303.989,55.0258,1488.84
425,12.1691,16.2638,10675.1,355.994,98.9775,1479.05
426,12.1691,20.4101,10675.1,282.746,40.6775,1486.68
427,12.1691,19.6261,10675.1,323.564,90.3489,1481.11
428,12.1691,16.1737,10675.1,256.224,37.9134,1488.78
429,12.1691,16.8825,10675.1,337.765,94.2954,1479.65
430,12.1691,18.0411,10675.1,251.82,36.1545,1489.17
431,12.1691,31.2124,10675.1,394.265,121.5,1477.83
432,12.1691,16.2872,10675.1,262.611,39.3291,1487.92
433,12.1691,33.5266,10675.1,370.947,123.593,1483.2
434,12.1691,14.1362,10675.1,261.869,39.6524,1488.14
435,12.1691,26.6003,10675.1,324.885,99.0246,1479.81
436,11.6065,11.6065,10675.1,270.963,32.0388,1487.78
437,11.6065,18.5128,10675.1,327.611,106.035,1481.14
438,11.6065,15.4933,10675.1,257.617,32.9405,1488.69
439,11.6065,17.0217,10675.1,330.844,83.7025,1480.98
440,11.3332,11.3332,10675.1,255.453,28.2297,1489.1
441,11.3332,22.4263,10675.1,368.852,117.65,1485.09
442,11.3332,15.7475,10675.1,267.717,37.7985,1487.96
443,11.3332,18.5348,10675.1,346.478,95.2069,1481.76
444,11.3332,11.7617,10675.1,262.41,30.2575,1488.47
445,11.3332,17.2823,10675.1,338.526,93.2747,1482.24
446,11.3332,14.4958,10675.1,273.515,27.5047,1492.26
447,11.3332,15.0118,10675.1,321.519,79.1427,1482.49
448,11.3332,12.2708,10675.1,276.297,26.5872,1490.81
449,11.3332,12.5359,10675.1,328.809,71.9372,1485.16
450,11.3332,13.3146,10675.1,312.848,26.8989,1500.17
451,11.3332,13.8222,10675.1,294.832,60.1868,1484.51
452,11.3332,12.0367,10675.1,269.311,26.2841,1495.41
453,11.3332,13.7653,10675.1,309.943,55.9524,1485.2
454,11.3332,11.7841,10675.1,260.683,25.432,1490.41
455,11.3332,12.8383,10675.1,297.38,62.0357,1484.02
456,11.3332,11.5146,10675.1,251.786,26.5323,1489.64
457,11.3332,16.6957,10675.1,306.443,73.7279,1483.67
458,11.3332,15.3829,10675.1,257.614,24.2529,1489.31
459,11.3332,21.1203,10675.1,316.278,75.2433,1483.24
460,11.3332,12.0254,10675.1,259.921,23.4237,1489.47
461,11.3332,20.0969,10675.1,298.689,79.3267,1483.16
462,11.3332,11.4765,10675.1,248.297,25.2232,1489.89
463,11.3332,18.2117,10675.1,338.225,106.52,1481.02
464,11.3332,15.1808,10675.1,304.64,31.3832,1511.28
465,11.3332,22.4485,10675.1,326.877,86.2468,1480.77
466,11.3332,16.4075,10675.1,278.571,38.3093,1490.01
467,11.3332,28.1657,10675.1,347.069,101.767,1480.88
468,11.3332,16.9864,10675.1,262.004,37.1679,1488.36
469,11.3332,31.2184,10675.1,357.497,94.0025,1481.77
470,11.3332,13.4375,10675.1,282.922,31.1983,1489.74
471,11.3332,20.4191,10675.1,346.667,106.836,1481.35
472,11.3332,14.7191,10675.1,277.088,37.0309,1488.18
473,11.3332,25.1343,10675.1,325.314,84.2955,1480.9
474,11.3332,19.7054,10675.1,274.175,39.2956,1486.94
475,11.3332,25.451,10675.1,308.723,73.0691,1482.58
476,11.3332,15.6914,10675.1,279.784,37.4903,1487.97
477,11.3332,23.1373,10675.1,306.767,68.3589,1483.35
478,11.3332,19.5122,10675.1,262.658,38.9556,1488.17
479,11.3332,19.3669,10675.1,326.776,69.2648,1481.94
480,11.3332,19.437,10675.1,271.107,34.3317,1487.97
481,11.3332,33.9742,10675.1,327.306,85.1341,1481.81
482,11.3332,21.8612,10675.1,280.509,40.7909,1487.49
483,11.3332,22.7924,10675.1,307.49,85.5353,1482.11
484,11.3332,21.1801,10675.1,260.196,43.7856,1487.98
485,11.3332,26.7708,10675.1,335.35,91.421,1480.3
486,11.3332,27.484,10675.1,270.061,43.2948,1487.02
487,11.3332,20.5836,10675.1,331.148,98.4108,1480.05
488,11.3332,18.1324,10675.1,270.522,34.2114,1487.41
489,11.3332,13.4761,10675.1,308.68,73.0844,1483.74
490,11.3332,16.8796,10675.1,261.502,35.2932,1488.28
491,11.3332,19.8175,10675.1,288.438,59.1524,1484.91
492,11.3332,16.0689,10675.1,255.37,26.6203,1489.06
493,11.3332,23.7037,10675.1,295.145,61.6812,1483.93
494,11.3332,17.5053,10675.1,259.812,28.5974,1488.4
495,11.3332,25.1624,10675.1,296.544,69.6087,1483.81
496,11.3332,12.9173,10675.1,253.917,30.1819,1489.39
497,11.3332,18.409,10675.1,301.914,71.7388,1484.31
498,11.3332,14.8413,10675.1,242.655,26.3396,1490.44
499,11.3332,20.3847,10675.1,309.34,68.9225,1483.22
500,10.3302,10.3302,10675.1,249.539,24.8096,1489.75
501,10.3302,15.0597,10675.1,309.042,83.979,1482.38
502,10.3302,14.2308,10675.1,261.364,26.8433,1489.49
503,10.3302,19.8444,10675.1,297.934,67.1892,1483.6
504,10.3302,12.5418,10675.1,248.379,24.4499,1489.85
505,10.3302,13.8018,10675.1,309.585,72.4972,1482.67
506,10.3302,13.1992,10675.1,256.806,27.796,1489.9
507,10.3302,15.3595,10675.1,301.345,69.2275,1483.34
508,10.3302,11.6217,10675.1,254.126,23.1007,1489.81
509,10.3302,16.5285,10675.1,313.42,83.1361,1481.73
510,10.3302,12.3201,10675.1,250.576,31.4032,1489.43
511,10.3302,19.2085,10675.1,312.06,77.6345,1482.34
512,10.3302,13.1491,10675.1,258.224,25.1896,1489.63
513,10.3302,18.478,10675.1,282.45,58.9291,1485.22
514,10.3302,11.8958,10675.1,254.766,31.739,1489.09
515,10.3302,18.3648,10675.1,280.087,57.4913,1485.65
516,10.3302,13.1923,10675.1,248.761,28.4495,1489.8
517,10.3302,17.9635,10675.1,298.182,69.12,1483.34
518,10.3302,15.9983,10675.1,248.736,29.5349,1489.58
519,10.3302,22.3873,10675.1,309.539,82.133,1482.45
520,10.3302,15.2809,10675.1,290.594,36.1751,1495.37
521,10.3302,21.8638,10675.1,297.28,66.5841,1483.45
522,10.3302,18.1207,10675.1,260.29,30.36,1488.56
523,10.3302,23.4069,10675.1,317.295,84.8456,1483.1
524,10.3302,12.0668,10675.1,261.448,33.9111,1488.4
525,10.3302,23.7203,10675.1,330.197,77.5244,1490.2
526,10.3302,12.8802,10675.1,259.118,26.0108,1489.41
527,10.3302,22.3341,10675.1,310.741,84.4059,1482.32
528,10.3302,12.4982,10675.1,264.442,21.8877,1489.02
529,10.3302,13.6629,10675.1,291.774,66.8732,1484.55
530,10.3302,11.8876,10675.1,245.167,20.7353,1490.48
531,10.3302,14.5722,10675.1,290.127,55.0182,1484.93
532,10.3302,11.9083,10675.1,244.788,22.1368,1490.33
533,10.3302,14.5349,10675.1,280.755,60.4328,1485.71
534,10.3302,11.3249,10675.1,245.349,19.9783,1490.4
535,10.3302,21.4006,10675.1,284.222,60.2486,1485.01
536,10.3302,13.0338,10675.1,241.269,21.7962,1490.78
537,10.3302,20.8166,10675.1,288.864,63.1997,1484.56
538,10.3302,12.1538,10675.1,247.593,20.5852,1490.28
539,10.3302,18.0117,10675.1,294.31,66.8938,1483.95
540,10.3302,10.7095,10675.1,247.134,23.258,1489.96
541,10.3302,23.0452,10675.1,289.873,56.5016,1484.52
542,10.3302,12.955,10675.1,244.889,23.9588,1490.21
543,10.3302,18.8485,10675.1,285.034,65.7985,1484.91
544,10.3302,13.9821,10675.1,256.859,23.1853,1490.2
545,10.3302,17.3909,10675.1,295.198,70.0126,1483.86
546,10.3302,12.5646,10675.1,249.429,22.8056,1490.16
547,10.3302,14.8254,10675.1,290.3,58.4032,1484.53
548,10.3302,12.0864,10675.1,239.327,23.1775,1490.9
549,10.3302,22.9433,10675.1,290.04,56.3353,1485.16
550,10.3302,12.4319,10675.1,242.714,18.8788,1490.7
551,10.3302,12.0802,10675.1,289.084,59.6281,1484.57
552,10.3302,13.636,10675.1,249.082,21.6552,1489.77
553,10.3302,20.1003,10675.1,288.934,70.4225,1484.59
554,10.3302,13.293,10675.1,250.004,24.8565,1489.68
555,10.3302,18.0683,10675.1,285.104,50.6926,1486.25
556,10.3302,13.5345,10675.1,248.624,26.7371,1489.74
557,10.3302,19.3963,10675.1,277.513,55.2246,1486
558,10.3302,12.1222,10675.1,244.006,25.0246,1490.25
559,10.3302,16.3197,10675.1,278.942,56.5077,1485.77
560,10.3302,12.4183,10675.1,241.492,22.5396,1490.66
561,10.3302,16.3474,10675.1,294.504,59.2869,1484.51
562,9.7341,9.7341,10675.1,241.391,19.6318,1490.74
563,9.7341,17.9926,10675.1,285.733,62.1732,1484.85
564,9.7341,10.5937,10675.1,252.065,24.0829,1489.71
565,9.7341,16.4955,10675.1,299.327,74.9326,1483.44
566,9.7341,11.9077,10675.1,256.032,26.5865,1489.05
567,9.7341,19.5279,10675.1,276.283,51.0601,1485.92
568,9.7341,12.3514,10675.1,249.724,23.7633,1489.79
569,9.7341,15.8837,10675.1,283.191,58.4965,1485.55
570,9.7341,10.8075,10675.1,245.262,23.6575,1490.29
571,9.7341,14.0437,10675.1,288.832,60.8243,1485.16
572,9.7341,10.1268,10675.1,237.982,19.1837,1491.3
573,9.7341,19.1152,10675.1,296.18,57.9753,1484.25
574,9.7341,10.8794,10675.1,257.504,20.2889,1489.9
575,9.7341,10.8671,10675.1,274.798,49.7969,1486.34
576,9.7341,11.3875,10675.1,245.887,19.4362,1490.4
577,9.7341,10.7734,10675.1,274.223,50.7228,1486.36
578,9.7341,10.8296,10675.1,242.626,21.4718,1490.56
579,9.7341,15.9676,10675.1,269.855,52.6826,1486.85
580,9.7341,12.1657,10675.1,238.695,19.5136,1491.05
581,9.7341,12.7302,10675.1,272.951,51.1052,1486.51
582,9.7341,11.8091,10675.1,245.396,21.1966,1490.31
583,9.7341,11.9453,10675.1,268.141,45.9843,1487.15
584,9.7341,13.2917,10675.1,244.838,21.6633,1490.26
585,9.7341,14.9298,10675.1,262.607,39.6311,1487.79
586,9.7341,13.377,10675.1,238.217,20.1797,1491.07
587,9.7341,17.8853,10675.1,263.148,50.3579,1487.69
588,9.7341,12.7083,10675.1,243.526,21.2387,1490.5
589,9.7341,19.2809,10675.1,269.522,47.1461,1486.9
590,9.7341,12.2987,10675.1,241.922,22.33,1490.65
591,9.7341,11.9059,10675.1,264.98,44.7606,1487.44
592,9.7341,10.5001,10675.1,234.638,17.423,1491.57
593,9.7341,21.3715,10675.1,273.088,46.028,1486.67
594,9.7341,12.5382,10675.1,242.066,23.3691,1490.6
595,9.7341,15.2028,10675.1,267.638,43.9208,1487.28
596,9.7341,11.2246,10675.1,236.266,19.6165,1491.31
597,9.7341,17.3721,10675.1,278.081,54.4008,1486.34
598,9.7341,11.6428,10675.1,242.761,20.62,1490.87
599,9.7341,17.655,10675.1,277.743,56.233,1485.83
600,9.7341,12.3044,10675.1,249.603,23.8499,1490.06
601,9.7341,12.5427,10675.1,273.3,58.3985,1486.44
602,9.7341,11.3932,10675.1,240.704,20.5785,1490.76
603,9.7341,14.8347,10675.1,270.18,48.3311,1486.87
604,9.7341,14.1531,10675.1,244.523,25.2858,1490.27
605,9.7341,16.8465,10675.1,276.299,51.6285,1486.58
606,9.7341,14.4556,10675.1,242.277,21.3523,1490.67
607,9.7341,15.9295,10675.1,273.902,53.565,1486.23
608,9.7341,13.5207,10675.1,240.463,23.2098,1490.74
609,9.7341,20.4831,10675.1,282.013,61.0894,1485.18
610,9.7341,14.2829,10675.1,240.881,24.9244,1490.66
611,9.7341,19.3083,10675.1,276.378,55.7326,1485.97
612,9.7341,11.3285,10675.1,240.301,22.5507,1490.78
613,9.7341,14.6608,10675.1,276.818,52.19,1486.16
614,9.7341,11.9988,10675.1,250.742,20.9747,1489.64
615,9.7341,15.2348,10675.1,258.887,41.4298,1488.21
616,9.7341,12.1618,10675.1,238.152,20.9598,1491.07
617,9.7341,14.6913,10675.1,260.783,40.361,1488.09
618,9.7341,10.7662,10675.1,235.967,18.2514,1491.4
619,9.7341,12.3203,10675.1,263.304,44.8907,1487.72
620,9.7341,11.4048,10675.1,236.276,17.1951,1491.37
621,9.7341,14.5276,10675.1,269.504,48.7535,1486.93
622,9.7341,10.7477,10675.1,240.806,17.0847,1490.8
623,9.7341,12.9507,10675.1,256.13,37.4709,1488.57
624,9.7341,10.1334,10675.1,236.721,16.3306,1491.29
625,9.7341,14.3567,10675.1,257.081,34.5988,1488.56
626,9.7341,9.81819,10675.1,235.791,15.9694,1491.44
627,9.7341,12.2193,10675.1,255.861,39.8341,1488.6
628,9.7341,10.663,10675.1,232.457,14.6111,1491.87
629,9.7341,20.9046,10675.1,265.476,44.0675,1487.39
630,9.7341,10.3463,10675.1,239.115,19.3174,1490.98
631,9.7341,15.6754,10675.1,255.877,37.0522,1488.62
632,9.7341,10.33,10675.1,235.528,16.3814,1491.47
633,9.7341,13.7655,10675.1,262.545,43.8374,1487.97
634,9.7341,10.2639,10675.1,231.611,16.657,1491.95
635,9.7341,15.7128,10675.1,260.275,44.1445,1488.06
636,9.7341,13.1867,10675.1,238.119,20.8082,1491.09
637,9.7341,17.4623,10675.1,273.79,39.8,1488.96
638,9.7341,14.1581,10675.1,255.081,21.21,1493.19
639,9.7341,14.7737,10675.1,262.961,39.4278,1487.8
640,9.7341,13.2136,10675.1,241.998,18.7255,1490.86
641,9.7341,15.3839,10675.1,272.994,46.9845,1488.04
642,9.7341,10.5875,10675.1,236.995,17.8343,1491.23
643,9.7341,13.8252,10675.1,263.777,41.7306,1487.72
644,9.7341,10.9098,10675.1,240.508,19.2636,1490.88
645,9.7341,12.3299,10675.1,257.432,39.7044,1488.43
646,9.7341,11.5745,10675.1,235.337,16.1679,1491.47
647,9.7341,16.4096,10675.1,260.356,41.2149,1488.05
648,9.7341,12.1302,10675.1,239.765,20.7063,1490.86
649,9.7341,13.151,10675.1,257.669,36.3182,1488.43
650,9.7341,12.5607,10675.1,240.506,18.3355,1490.91
651,9.7341,12.1574,10675.1,258.603,40.3628,1488.27
652,9.7341,11.6079,10675.1,237.982,18.5813,1491.16
653,9.7341,13.32,10675.1,256.934,40.2352,1488.47
654,9.7341,11.5797,10675.1,236.403,17.2614,1491.34
655,9.7341,13.859,10675.1,259.882,39.6356,1488.27
656,9.7341,11.8463,10675.1,235,15.9666,1491.59
657,9.7341,18.1482,10675.1,260.108,40.9341,1488.14
658,9.7341,10.7322,10675.1,238.222,18.6698,1491.14
659,9.7341,14.185,10675.1,253.916,36.599,1488.89
660,9.7341,11.9265,10675.1,233.537,17.0247,1491.68
661,9.7341,15.3833,10675.1,255.516,36.1649,1488.93
662,9.7341,11.0089,10675.1,234.835,16.4593,1491.57
663,9.7341,15.8301,10675.1,258.311,40.1204,1488.3
664,9.7341,10.0174,10675.1,237.648,15.7812,1491.3
665,9.7341,11.9468,10675.1,260.961,41.34,1488.11
666,9.7341,11.1419,10675.1,240.263,16.1543,1491.05
667,9.7341,16.9151,10675.1,253.85,35.9824,1488.99
668,9.7341,10.5725,10675.1,239.336,17.8403,1491.05
669,9.7341,12.8826,10675.1,250.697,33.6254,1489.35
670,9.7341,10.3072,10675.1,234.067,16.6839,1491.64
671,9.7341,15.1468,10675.1,256.403,35.4866,1488.84
672,9.7341,11.2363,10675.1,235.175,16.1103,1491.55
673,9.7341,13.8056,10675.1,260.383,42.1416,1488.05
674,9.7341,10.5825,10675.1,242.501,17.345,1490.8
675,9.7341,9.7952,10675.1,255.051,42.3453,1488.68
676,9.7341,10.1733,10675.1,237.961,18.1699,1491.16
677,9.7341,11.9529,10675.1,247.888,34.4922,1489.67
678,9.7341,9.82699,10675.1,235.3,18.2404,1491.45
679,9.7341,13.8549,10675.1,243.571,29.0669,1490.27
680,9.7341,9.85199,10675.1,230.526,15.1015,1492.11
681,9.7341,13.6279,10675.1,249.718,34.7792,1489.46
682,9.7341,9.73582,10675.1,231.977,14.7481,1491.93
683,9.7341,11.3754,10675.1,253.803,38.9186,1488.92
684,9.7341,10.6289,10675.1,238.205,15.6493,1491.24
685,9.7341,9.84968,10675.1,251.073,35.4644,1489.31
686,9.7341,9.75077,10675.1,233.322,15.3683,1491.74
687,9.7341,10.9291,10675.1,247.287,32.2717,1489.84
688,9.7341,10.2171,10675.1,232.258,15.3514,1491.87
689,9.7341,10.9249,10675.1,247.99,30.9129,1489.68
690,9.26003,9.26003,10675.1,234.479,15.2326,1491.64
691,9.26003,12.526,10675.1,251.4,38.1481,1489.21
692,9.26003,10.3095,10675.1,230.597,13.8025,1492.16
693,9.26003,13.2024,10675.1,256.439,38.9169,1488.58
694,9.26003,10.301,10675.1,234.631,15.3647,1491.6
695,9.26003,12.33,10675.1,251.836,35.9115,1489.15
696,9.26003,9.94872,10675.1,232.587,14.7872,1491.83
697,9.26003,11.0576,10675.1,253.142,34.9591,1489
698,9.26003,10.1484,10675.1,233.916,15.2643,1491.76
699,9.26003,10.7402,10675.1,249.879,33.0478,1489.44
700,9.26003,10.0892,10675.1,232.866,14.5562,1491.82
701,9.26003,12.4783,10675.1,248.649,30.9139,1489.63
702,9.26003,10.3801,10675.1,237.109,15.9957,1491.26
703,9.26003,12.8544,10675.1,246.126,31.1187,1489.96
704,9.26003,9.78022,10675.1,232.713,17.8647,1491.8
705,9.26003,14.8635,10675.1,247.457,28.3446,1489.77
706,9.26003,10.3316,10675.1,231.248,15.4354,1492.02
707,9.26003,13.4947,10675.1,246.456,28.2335,1489.94
708,9.26003,10.177,10675.1,229.686,15.0303,1492.22
709,9.26003,12.2999,10675.1,250.323,34.2281,1489.36
710,9.26003,9.77018,10675.1,231.487,14.5583,1491.99
711,9.26003,11.065,10675.1,254.654,33.8683,1488.9
712,9.26003,9.48798,10675.1,234.799,14.0771,1491.57
713,9.26003,12.3262,10675.1,245.893,28.9896,1490
714,9.26003,10.1417,10675.1,230.612,15.3039,1492.09
715,9.26003,14.0532,10675.1,252.749,34.7073,1489.03
716,9.26003,10.0871,10675.1,232.842,15.427,1491.8
717,9.26003,10.7392,10675.1,247.346,31.429,1489.77
718,9.26003,11.0478,10675.1,230.5,14.4255,1492.12
719,9.26003,14.5848,10675.1,254.291,37.6493,1488.89
720,9.26003,11.1058,10675.1,236.079,17.6867,1491.35
721,9.26003,12.0546,10675.1,248.532,36.7137,1489.58
722,9.26003,10.4094,10675.1,236.63,16.5599,1491.31
723,9.26003,11.292,10675.1,240.65,28.3513,1490.67
724,9.26003,10.5465,10675.1,229.362,14.4007,1492.27
725,9.26003,11.7762,10675.1,247.195,31.8435,1489.78
726,9.26003,10.1061,10675.1,230.816,14.1815,1492.08
727,9.26003,12.7719,10675.1,247.305,32.8452,1489.76
728,9.26003,10.3149,10675.1,229.908,14.4928,1492.19
729,9.26003,12.0158,10675.1,248.023,31.0861,1489.7
730,9.26003,10.4978,10675.1,236.608,14.6432,1491.4
731,9.26003,12.4824,10675.1,244.441,26.6924,1490.17
732,9.26003,10.5702,10675.1,231.506,15.2618,1491.97
733,9.26003,11.32,10675.1,248.548,30.8589,1489.6
734,9.26003,10.3565,10675.1,231.87,14.5703,1491.92
735,9.26003,16.7553,10675.1,249.825,31.4491,1489.46
736,9.26003,10.992,10675.1,234.191,14.4534,1491.64
737,9.26003,16.883,10675.1,250.3,32.4811,1489.36
738,9.26003,9.51113,10675.1,233.836,14.457,1491.68
739,9.26003,10.1139,10675.1,247.093,29.4697,1489.85
740,9.26003,9.70436,10675.1,233.99,14.4205,1491.69
741,9.26003,11.0657,10675.1,241.3,25.8789,1490.6
742,9.26003,9.69962,10675.1,232.066,13.1857,1491.92
743,9.26003,10.0953,10675.1,238.621,22.2273,1490.98
744,9.26003,9.42197,10675.1,229.094,14.3712,1492.3
745,9.26003,10.8045,10675.1,239.041,22.3459,1490.91
746,9.22381,9.22381,10675.1,226.882,12.0859,1492.61
747,9.22381,12.435,10675.1,242.381,25.1745,1490.45
748,9.22381,9.4702,10675.1,227.679,11.6604,1492.51
749,9.22381,13.0082,10675.1,247.844,31.9812,1489.7
750,9.22381,9.40415,10675.1,233.885,14.5483,1491.82
751,9.22381,10.2475,10675.1,243.238,27.347,1490.33
752,9.22381,10.0125,10675.1,234.311,13.3747,1491.66
753,9.22381,10.335,10675.1,239.754,25.7928,1490.8
754,9.22381,9.5661,10675.1,227.7,12.5023,1492.51
755,9.22381,10.0122,10675.1,244.506,28.1236,1490.18
756,9.22381,9.49189,10675.1,230.469,13.7582,1492.12
757,9.22381,13.7833,10675.1,244.984,25.0365,1490.13
758,9.22381,9.56213,10675.1,230.163,13.1402,1492.16
759,9.22381,13.81,10675.1,247.397,29.0828,1489.83
760,9.22381,10.1096,10675.1,232.639,13.0845,1491.86
761,9.22381,11.1179,10675.1,241.079,24.9609,1490.62
762,9.22381,9.58303,10675.1,231.189,13.1943,1492.03
763,9.22381,10.7663,10675.1,243.435,24.7887,1490.39
764,9.22381,9.55093,10675.1,227.857,12.4163,1492.48
765,9.22381,11.8636,10675.1,243.304,27.3185,1490.36
766,9.18697,9.18697,10675.1,229.87,12.5359,1492.22
767,9.18697,11.2902,10675.1,244.333,33.0854,1490.17
768,9.18697,9.40467,10675.1,232.054,13.2552,1491.92
769,9.18697,13.1687,10675.1,242.504,27.1808,1490.42
770,9.18697,9.57433,10675.1,231.292,15.0799,1492.01
771,9.18697,11.1114,10675.1,240.6,24.5965,1490.69
772,9.18697,9.4373,10675.1,228.894,13.1218,1492.33
773,9.18697,11.9012,10675.1,241.312,25.8287,1490.59
774,9.18697,9.30841,10675.1,229.849,12.8981,1492.22
775,9.18697,13.0745,10675.1,246.097,28.7885,1489.96
776,9.18697,9.95992,10675.1,231.944,13.8918,1491.93
777,9.18697,10.8261,10675.1,242.17,27.7343,1490.48
778,9.18697,9.85554,10675.1,232.63,14.6977,1491.84
779,9.18697,14.3198,10675.1,241.154,24.2529,1490.62
780,9.18697,9.97408,10675.1,229.481,14.6033,1492.25
781,9.18697,10.3527,10675.1,242.567,26.4751,1490.45
782,9.18697,11.2212,10675.1,234.154,14.289,1491.77
783,9.18697,12.5828,10675.1,240.853,24.6546,1490.66
784,9.18697,9.59681,10675.1,229.894,12.7184,1492.22
785,9.18697,10.828,10675.1,240.686,22.6265,1490.72
786,9.18697,9.4776,10675.1,229.823,13.2682,1492.23
787,9.18697,12.047,10675.1,239.765,24.7047,1490.82
788,9.18697,10.358,10675.1,231.714,14.7621,1491.95
789,9.18697,12.4841,10675.1,241.662,27.3439,1490.55
790,9.18697,11.1205,10675.1,230.794,15.4906,1492.07
791,9.18697,12.0655,10675.1,240.328,24.9193,1490.74
792,9.18697,10.0337,10675.1,230.028,13.6274,1492.2
793,9.18697,11.5528,10675.1,240.186,23.2709,1490.76
794,9.10619,9.10619,10675.1,230.351,12.8973,1492.15
795,9.10619,10.3658,10675.1,237.217,22.7521,1491.16
796,9.10619,9.59163,10675.1,226.317,11.9678,1492.69
797,9.10619,11.9174,10675.1,240.202,25.2408,1490.74
798,9.10619,9.62759,10675.1,228.288,12.6417,1492.42
799,9.10619,11.5717,10675.1,239.598,23.3057,1490.84
800,9.10619,9.39248,10675.1,231.623,13.3498,1492.03
801,9.10619,10.4351,10675.1,240.521,27.1891,1490.71
802,9.10619,9.75599,10675.1,230.477,13.8582,1492.15
803,9.10619,10.564,10675.1,237.069,20.6901,1491.2
804,9.10619,9.72715,10675.1,227.995,12.9087,1492.47
805,9.10619,10.6789,10675.1,235.963,20.1294,1491.34
806,9.08003,9.08003,10675.1,227.303,12.4616,1492.55
807,9.08003,9.9651,10675.1,237.826,21.8269,1491.08
808,9.08003,9.42149,10675.1,228.271,13.7521,1492.42
809,9.08003,11.9973,10675.1,236.697,20.8133,1491.23
810,9.08003,9.46028,10675.1,226.798,12.3514,1492.62
811,9.08003,13.6073,10675.1,241.133,25.0344,1490.61
812,9.08003,9.79842,10675.1,231.081,12.4822,1492.06
813,9.08003,11.0759,10675.1,241.406,29.4449,1490.59
814,9.08003,9.95961,10675.1,230.705,12.4703,1492.1
815,9.08003,10.1086,10675.1,236.294,21.4092,1491.28
816,8.66891,8.66891,10675.1,228.183,12.8363,1492.44
817,8.66891,9.78194,10675.1,236.337,22.78,1491.28
818,8.66891,9.01957,10675.1,228.584,11.9159,1492.4
819,8.66891,9.62385,10675.1,237.591,21.3074,1491.11
820,8.66891,9.41744,10675.1,227.949,12.5326,1492.46
821,8.66891,12.9514,10675.1,239.425,23.2942,1490.86
822,8.66891,9.21093,10675.1,228.627,12.1156,1492.37
823,8.66891,11.8188,10675.1,236.602,22.4058,1491.24
824,8.66891,8.83874,10675.1,228.28,12.1408,1492.44
825,8.66891,11.274,10675.1,235.736,20.9244,1491.36
826,8.66891,9.21836,10675.1,228.306,12.3826,1492.42
827,8.66891,9.6374,10675.1,236.012,20.5505,1491.34
828,8.66891,9.70799,10675.1,226.519,12.4431,1492.66
829,8.66891,11.8926,10675.1,237.298,22.9599,1491.15
830,8.66891,9.65558,10675.1,228.169,12.5439,1492.43
831,8.66891,10.1487,10675.1,237.918,20.744,1491.08
832,8.66891,9.4617,10675.1,227.287,12.2874,1492.56
833,8.66891,12.7814,10675.1,239.937,25.2344,1490.79
834,8.66891,10.0971,10675.1,229.307,12.6813,1492.3
835,8.66891,10.6813,10675.1,239.464,21.8881,1490.88
836,8.66891,9.59977,10675.1,227.802,12.3278,1492.49
837,8.66891,10.2071,10675.1,236.24,20.9162,1491.3
838,8.66891,8.79142,10675.1,226.604,11.4631,1492.65
839,8.66891,12.2564,10675.1,234.469,19.5756,1491.54
840,8.66891,9.07474,10675.1,226.655,11.32,1492.65
841,8.66891,10.3107,10675.1,233.915,18.9478,1491.62
842,8.66891,9.18514,10675.1,225.784,11.5443,1492.77
843,8.66891,10.9337,10675.1,236.508,21.1122,1491.27
844,8.66891,9.3573,10675.1,228.237,12.3392,1492.44
845,8.66891,10.2876,10675.1,236.514,22.8695,1491.26
846,8.66891,9.59904,10675.1,227.889,12.3229,1492.47
847,8.66891,12.0891,10675.1,236.244,20.8654,1491.3
848,8.66891,9.12416,10675.1,228.109,12.5008,1492.45
849,8.66891,10.2718,10675.1,234.268,19.4307,1491.57
850,8.66891,9.33155,10675.1,228.326,12.1962,1492.42
851,8.66891,10.2678,10675.1,235.041,18.8894,1491.48
852,8.66891,9.53506,10675.1,227.944,12.3926,1492.47
853,8.66891,10.817,10675.1,233.525,17.7309,1491.68
854,8.66891,9.03919,10675.1,226.815,12.2806,1492.62
855,8.66891,10.8001,10675.1,233.154,17.0744,1491.74
856,8.66891,9.14481,10675.1,226.345,11.5989,1492.69
857,8.66891,9.41336,10675.1,232.348,16.732,1491.84
858,8.66891,8.74768,10675.1,225.724,11.0366,1492.78
859,8.66891,9.14309,10675.1,234.49,17.5649,1491.56
860,8.6224,8.6224,10675.1,226.905,11.1179,1492.63
861,8.6224,11.3028,10675.1,233.934,18.9409,1491.61
862,8.6224,9.04396,10675.1,227.288,11.6205,1492.57
863,8.6224,11.3925,10675.1,235.287,20.7864,1491.42
864,8.6224,9.2781,10675.1,226.446,11.2894,1492.68
865,8.6224,11.9021,10675.1,238.415,24.3609,1490.98
866,8.6224,9.16794,10675.1,229.541,14.9995,1492.24
867,8.6224,12.856,10675.1,237.833,21.2868,1491.07
868,8.6224,9.44324,10675.1,229.028,13.4493,1492.33
869,8.6224,9.69206,10675.1,236.059,22.887,1491.32
870,8.6224,9.46551,10675.1,227.847,11.9018,1492.48
871,8.6224,11.4232,10675.1,234.974,21.7629,1491.47
872,8.6224,10.1055,10675.1,228.172,12.9476,1492.43
873,8.6224,10.7693,10675.1,234.598,19.3556,1491.53
874,8.6224,9.05164,10675.1,227.227,12.3132,1492.57
875,8.6224,10.1986,10675.1,232.562,18.0132,1491.81
876,8.6224,9.16057,10675.1,226.529,11.3975,1492.67
877,8.6224,9.28136,10675.1,235.31,20.1128,1491.44
878,8.6224,9.24823,10675.1,226.897,11.6816,1492.62
879,8.6224,11.3465,10675.1,234.26,19.5344,1491.57
880,8.6224,9.07977,10675.1,226.411,11.5648,1492.69
881,8.6224,9.5637,10675.1,233.56,19.0892,1491.67
882,8.6224,9.26159,10675.1,225.649,11.2275,1492.79
883,8.6224,10.2771,10675.1,235.992,20.7223,1491.34
884,8.6224,9.31362,10675.1,228.265,11.5696,1492.43
885,8.6224,10.8715,10675.1,234.407,18.2103,1491.55
886,8.6224,9.19659,10675.1,227.664,11.4684,1492.53
887,8.6224,9.61088,10675.1,232.518,18.6873,1491.81
888,8.6224,9.08177,10675.1,226.419,11.6063,1492.68
889,8.6224,9.96684,10675.1,233.051,19.689,1491.74
890,8.6224,9.98354,10675.1,227.217,12.465,1492.57
891,8.6224,11.3265,10675.1,234.015,17.7732,1491.61
892,8.6224,9.08797,10675.1,227.605,12.8223,1492.52
893,8.6224,9.73107,10675.1,233.284,18.6759,1491.71
894,8.6224,9.31729,10675.1,226.51,11.3746,1492.67
895,8.6224,11.0847,10675.1,234.752,19.2898,1491.51
896,8.6224,8.73541,10675.1,225.795,10.3875,1492.78
897,8.6224,9.57907,10675.1,235.682,19.9105,1491.38
898,8.6224,8.88975,10675.1,228.402,11.4812,1492.42
899,8.6224,9.83164,10675.1,231.682,17.8712,1491.93
900,8.6224,9.35939,10675.1,226.454,12.261,1492.67
901,8.6224,11.4549,10675.1,232.552,15.9509,1491.81
902,8.6224,9.60267,10675.1,226.527,11.9912,1492.66
903,8.6224,10.5838,10675.1,232.478,17.4422,1491.82
904,8.6224,8.82834,10675.1,226.055,11.3704,1492.73
905,8.6224,10.011,10675.1,231.425,16.8188,1491.98
906,8.6224,9.10769,10675.1,225.258,10.8516,1492.84
907,8.6224,10.3452,10675.1,231.578,16.818,1491.95
908,8.6224,8.95597,10675.1,226.065,11.1565,1492.73
909,8.6224,9.85032,10675.1,231.989,17.1658,1491.89
910,8.6224,8.98493,10675.1,225.753,10.8527,1492.77
911,8.6224,10.9373,10675.1,233.854,17.6578,1491.64
912,8.6224,9.34105,10675.1,226.25,11.0942,1492.71
913,8.6224,11.2535,10675.1,232.699,17.7737,1491.79
914,8.6224,9.65054,10675.1,227.503,11.8786,1492.53
915,8.6224,9.41905,10675.1,232.488,18.2514,1491.82
916,8.6224,9.60295,10675.1,227.167,11.5623,1492.58
917,8.6224,9.46627,10675.1,231.694,16.6297,1491.93
918,8.6224,9.26259,10675.1,226.002,11.2152,1492.74
919,8.6224,10.0962,10675.1,230.523,16.7735,1492.09
920,8.6224,9.58082,10675.1,225.498,11.4474,1492.81
921,8.6224,11.0251,10675.1,230.488,16.4377,1492.1
922,8.6224,9.13807,10675.1,224.506,10.561,1492.95
923,8.6224,10.9493,10675.1,233.203,18.8461,1491.72
924,8.6224,9.20726,10675.1,225.877,10.5066,1492.76
925,8.6224,9.47022,10675.1,233.727,19.1087,1491.64
926,8.6224,9.13754,10675.1,226.664,11.7793,1492.64
927,8.6224,9.27524,10675.1,231.43,17.0918,1491.97
928,8.6224,8.87742,10675.1,225.958,10.6849,1492.75
929,8.6224,8.85562,10675.1,230.925,17.8495,1492.04
930,8.6224,8.97834,10675.1,225.87,11.1717,1492.75
931,8.6224,9.20727,10675.1,231.805,15.613,1491.93
932,8.6224,9.02778,10675.1,226.114,10.8389,1492.73
933,8.6224,8.82666,10675.1,229.899,16.4886,1492.18
934,8.59768,8.59768,10675.1,225.133,10.2107,1492.86
935,8.59768,10.3577,10675.1,230.996,17.2313,1492.03
936,8.59768,8.82564,10675.1,224.733,10.5421,1492.91
937,8.59768,9.56923,10675.1,230.842,17.1159,1492.05
938,8.59768,8.89006,10675.1,224.885,10.6172,1492.89
939,8.59768,10.4092,10675.1,230.758,16.6392,1492.06
940,8.59768,8.9803,10675.1,224.649,10.6582,1492.93
941,8.59768,11.6658,10675.1,233.457,18.7633,1491.68
942,8.59768,8.95831,10675.1,227.284,11.3296,1492.57
943,8.59768,10.3919,10675.1,231.893,17.0979,1491.9
944,8.59768,8.97241,10675.1,226.987,11.1417,1492.6
945,8.59768,8.92126,10675.1,230.089,16.848,1492.16
946,8.59768,8.90738,10675.1,225.227,10.9527,1492.84
947,8.59768,9.36488,10675.1,230.038,15.2358,1492.17
948,8.59768,9.39596,10675.1,225.519,10.4944,1492.81
949,8.59768,8.90459,10675.1,229.562,14.5051,1492.23
950,8.59768,8.99467,10675.1,224.78,11.4117,1492.91
951,8.59768,10.51,10675.1,231.288,17.605,1491.98
952,8.59768,9.02175,10675.1,225.776,11.1059,1492.77
953,8.59768,9.75204,10675.1,230.14,16.2084,1492.15
954,8.59768,9.33917,10675.1,225.81,11.177,1492.76
955,8.59768,10.7813,10675.1,229.959,15.6916,1492.17
956,8.59768,9.15635,10675.1,225.649,11.2521,1492.79
957,8.59768,9.41966,10675.1,229.403,15.2644,1492.25
958,8.59768,9.03064,10675.1,225.096,10.5387,1492.87
959,8.59768,9.91406,10675.1,230.521,15.883,1492.09
960,8.59768,8.95218,10675.1,224.561,10.5179,1492.94
961,8.59768,9.44939,10675.1,231.555,16.6378,1491.95
962,8.59768,8.6953,10675.1,224.801,10.0606,1492.91
963,8.59768,9.50103,10675.1,231.365,17.3393,1491.97
964,8.59768,9.26004,10675.1,225.926,11.1728,1492.75
965,8.59768,10.2112,10675.1,230.696,16.9006,1492.07
966,8.59768,8.82174,10675.1,225.139,10.7933,1492.86
967,8.59768,10.6428,10675.1,231.147,16.8455,1492
968,8.53943,8.53943,10675.1,225.583,11.1341,1492.8
969,8.53943,10.3633,10675.1,230.598,16.3635,1492.08
970,8.53943,9.36629,10675.1,225.506,11.0013,1492.81
971,8.53943,9.70901,10675.1,230.094,15.9695,1492.15
972,8.53943,8.9072,10675.1,226.704,11.4521,1492.64
973,8.53943,9.43639,10675.1,228.98,15.3803,1492.31
974,8.53943,9.15193,10675.1,225.753,11.3596,1492.77
975,8.53943,9.9219,10675.1,229.793,15.8963,1492.2
976,8.53943,9.19422,10675.1,225.86,11.0307,1492.76
977,8.53943,9.26784,10675.1,229.554,14.8526,1492.24
978,8.53943,9.21322,10675.1,225.885,10.7522,1492.76
979,8.53943,9.62164,10675.1,228.633,14.2768,1492.36
980,8.53943,9.06484,10675.1,225.146,10.3608,1492.86
981,8.53943,9.16198,10675.1,228.125,14.0779,1492.43
982,8.53943,8.83903,10675.1,224.423,10.4207,1492.96
983,8.53943,9.12623,10675.1,229.149,15.5888,1492.29
984,8.53943,8.81396,10675.1,225.15,10.1718,1492.86
985,8.53943,9.9711,10675.1,228.861,14.3689,1492.33
986,8.53943,9.01153,10675.1,224.355,10.2214,1492.97
987,8.53943,8.98952,10675.1,228.914,14.4537,1492.32
988,8.53943,9.00512,10675.1,224.717,9.9045,1492.92
989,8.53943,9.79902,10675.1,228.657,14.5258,1492.36
990,8.53943,9.18045,10675.1,224.658,10.3419,1492.93
991,8.53943,9.89063,10675.1,229.079,14.9546,1492.3
992,8.53943,8.83017,10675.1,225.397,10.1877,1492.82
993,8.53943,10.1232,10675.1,229.287,15.3965,1492.27
994,8.53943,9.03022,10675.1,224.927,10.8567,1492.89
995,8.53943,9.03763,10675.1,230.194,17.6943,1492.14
996,8.53943,9.01965,10675.1,224.91,10.9511,1492.89
997,8.53943,8.96869,10675.1,229.909,15.9744,1492.18
998,8.53943,8.81593,10675.1,225.321,10.2399,1492.83
999,8.53943,10.2831,10675.1,229.377,15.7497,1492.25
1000,8.53943,9.06028,10675.1,224.19,9.98501,1492.99
1001,8.53943,8.93204,10675.1,229.346,15.6518,1492.26
1002,8.53943,8.76721,10675.1,224.571,10.1901,1492.94
1003,8.53943,9.63826,10675.1,230.088,15.0866,1492.16
1004,8.53943,9.08728,10675.1,225.168,10.8183,1492.86
1005,8.53943,9.48339,10675.1,229.058,15.1145,1492.3
1006,8.53943,8.74634,10675.1,225.13,10.2866,1492.86
1007,8.53943,9.8591,10675.1,229.135,14.7144,1492.29
1008,8.53943,8.86026,10675.1,225.558,10.7135,1492.8
1009,8.53943,9.263,10675.1,228.683,14.9029,1492.35
1010,8.53943,9.11884,10675.1,225.507,10.7151,1492.81
1011,8.53943,9.85505,10675.1,228.692,14.663,1492.35
1012,8.53943,9.5979,10675.1,225.479,11.3484,1492.81
1013,8.53943,9.83529,10675.1,228.156,14.8055,1492.43
1014,8.53943,9.54732,10675.1,225.098,11.3576,1492.86
1015,8.53943,10.3755,10675.1,227.94,13.8614,1492.46
1016,8.53943,9.06266,10675.1,224.981,10.9582,1492.88
1017,8.53943,9.64523,10675.1,227.934,14.6841,1492.46
1018,8.53943,9.14519,10675.1,224.285,10.27,1492.98
1019,8.53943,9.34209,10675.1,228.206,14.9456,1492.42
1020,8.53943,9.11597,10675.1,224.217,10.3528,1492.99
1021,8.53943,8.96939,10675.1,229.309,15.8689,1492.27
1022,8.53943,8.96838,10675.1,224.762,10.0303,1492.91
1023,8.53943,9.20512,10675.1,228.521,15.5329,1492.38
1024,8.53943,9.04934,10675.1,225.12,10.4006,1492.86
1025,8.53943,9.82868,10675.1,228.906,14.863,1492.32
1026,8.53943,8.98944,10675.1,224.86,10.8307,1492.9
1027,8.53943,10.074,10675.1,227.996,14.1123,1492.45
1028,8.53943,9.27606,10675.1,224.311,10.6325,1492.97
1029,8.53943,9.77712,10675.1,229.444,16.0165,1492.25
1030,8.53943,9.32906,10675.1,225.036,10.9217,1492.87
1031,8.53943,10.0508,10675.1,228.267,14.6048,1492.41
1032,8.53943,8.9639,10675.1,224.785,10.3256,1492.91
1033,8.53943,9.21851,10675.1,227.724,13.6895,1492.49
1034,8.53943,8.76135,10675.1,224.192,10.3494,1492.99
1035,8.53943,9.76084,10675.1,227.371,14.3187,1492.54
1036,8.53943,9.04744,10675.1,224.16,10.347,1493
1037,8.53943,9.73075,10675.1,227.644,14.587,1492.5
1038,8.53943,9.12663,10675.1,224.334,10.1735,1492.97
1039,8.53943,9.85867,10675.1,228.558,14.9453,1492.37
1040,8.53943,8.90972,10675.1,224.762,10.2126,1492.91
1041,8.53943,9.28351,10675.1,227.995,14.46,1492.45
1042,8.53943,8.79482,10675.1,224.586,10.3004,1492.94
1043,8.53943,9.54139,10675.1,228.59,14.7445,1492.37
1044,8.53943,8.8485,10675.1,225.349,10.9902,1492.83
1045,8.53943,9.97923,10675.1,227.969,13.603,1492.45
1046,8.53943,9.28539,10675.1,224.745,10.5902,1492.91
1047,8.53943,10.4088,10675.1,227.965,14.6787,1492.45
1048,8.53943,8.97314,10675.1,224.262,10.4944,1492.98
1049,8.53943,9.23764,10675.1,227.781,15.5064,1492.48
1050,8.53943,8.86075,10675.1,224.176,10.2005,1492.99
1051,8.53943,10.1958,10675.1,228.118,14.4606,1492.43
1052,8.53943,9.05942,10675.1,224.174,10.1803,1492.99
1053,8.53943,10.7816,10675.1,228.32,14.2723,1492.4
1054,8.53943,9.30246,10675.1,224.916,10.2124,1492.89
1055,8.53943,9.68116,10675.1,228.452,15.0648,1492.39
1056,8.53943,9.18388,10675.1,225.807,10.7772,1492.77
1057,8.53943,9.22276,10675.1,227.05,13.759,1492.58
1058,8.53943,9.26056,10675.1,224.788,10.5375,1492.91
1059,8.53943,9.69815,10675.1,227.082,13.1599,1492.58
1060,8.53943,9.0713,10675.1,223.842,9.97009,1493.04
1061,8.53943,10.2429,10675.1,227.647,13.8013,1492.5
1062,8.53943,8.94468,10675.1,223.981,10.1033,1493.02
1063,8.53943,9.84174,10675.1,227.981,14.421,1492.45
1064,8.53943,9.06014,10675.1,223.924,10.2893,1493.03
1065,8.53943,9.84945,10675.1,228.065,14.4125,1492.44
1066,8.53943,8.92356,10675.1,224.602,10.3151,1492.94
1067,8.53943,10.8554,10675.1,228.343,14.8561,1492.4
1068,8.53943,9.14021,10675.1,224.92,10.5177,1492.89
1069,8.53943,9.76764,10675.1,227.566,13.5699,1492.51
1070,8.53943,8.56117,10675.1,224.416,10.0581,1492.96
1071,8.53943,9.26021,10675.1,226.802,13.144,1492.62
1072,8.53943,8.78065,10675.1,223.395,9.73554,1493.1
1073,8.53943,8.8985,10675.1,227.2,13.5278,1492.56
1074,8.53943,8.8195,10675.1,223.865,9.81309,1493.04
1075,8.53943,9.60951,10675.1,227.07,13.7152,1492.58
1076,8.53943,8.7335,10675.1,223.767,9.71072,1493.05
1077,8.53943,9.21351,10675.1,226.859,13.0503,1492.61
1078,8.53943,8.87964,10675.1,223.599,9.94639,1493.07
1079,8.53943,9.45253,10675.1,227.463,13.1404,1492.53
1080,8.53943,8.89132,10675.1,223.978,9.9119,1493.02
1081,8.53943,9.57302,10675.1,226.959,14.0676,1492.6
1082,8.53943,8.63687,10675.1,223.464,9.75031,1493.09
1083,8.53943,9.17455,10675.1,227.342,14.13,1492.54
1084,8.53943,8.55438,10675.1,223.68,10.15,1493.06
1085,8.53943,10.2258,10675.1,228.481,15.1337,1492.38
1086,8.53943,9.04366,10675.1,224.751,10.555,1492.91
1087,8.53943,9.10707,10675.1,227.154,14.2154,1492.57
1088,8.53943,8.66311,10675.1,224.383,10.1734,1492.96
1089,8.53943,8.74429,10675.1,225.894,12.1669,1492.75
1090,8.53943,8.78915,10675.1,223.602,9.65651,1493.07
1091,8.53943,8.88799,10675.1,226.105,12.3229,1492.72
1092,8.53943,8.74595,10675.1,223.239,9.40528,1493.13
1093,8.53943,9.45229,10675.1,226.25,12.6253,1492.7
1094,8.53943,8.78089,10675.1,223.785,9.91007,1493.05
1095,8.53943,9.45393,10675.1,226.343,12.8806,1492.68
1096,8.53943,9.0413,10675.1,223.832,10.0421,1493.04
1097,8.53943,9.03857,10675.1,226.681,13.2792,1492.64
1098,8.53943,8.80964,10675.1,223.938,9.84542,1493.03
1099,8.53943,9.09134,10675.1,226.526,13.1561,1492.66
1100,8.53943,8.83692,10675.1,223.974,9.93433,1493.02
1101,8.53943,9.65449,10675.1,226.142,12.0784,1492.71
1102,8.53943,8.78813,10675.1,223.597,9.57143,1493.08
1103,8.53943,9.29194,10675.1,226.182,11.7872,1492.71
1104,8.46312,8.46312,10675.1,223.386,9.47244,1493.11
1105,8.46312,8.93241,10675.1,226.953,12.4012,1492.6
1106,8.46312,8.58426,10675.1,224.213,9.65666,1492.99
1107,8.46312,8.63002,10675.1,225.845,12.2646,1492.76
1108,8.46312,8.49033,10675.1,223.48,9.63216,1493.09
1109,8.46312,8.6756,10675.1,226.519,12.7317,1492.66
1110,8.46312,8.64722,10675.1,223.223,9.49349,1493.13
1111,8.46312,9.32008,10675.1,226.692,13.3869,1492.63
1112,8.46312,8.62666,10675.1,224.124,9.74535,1493
1113,8.46312,8.62398,10675.1,225.536,12.3087,1492.8
1114,8.46312,8.65174,10675.1,223.42,9.48646,1493.1
1115,8.46312,8.80684,10675.1,225.025,11.5473,1492.87
1116,8.46312,8.61577,10675.1,223.043,9.20504,1493.15
1117,8.46312,9.082,10675.1,225.442,11.9731,1492.81
1118,8.46312,8.5399,10675.1,223.128,9.31736,1493.14
1119,8.46312,8.88083,10675.1,226.154,12.8123,1492.71
1120,8.46312,8.62671,10675.1,223.561,9.4446,1493.08
1121,8.46312,8.74328,10675.1,225.801,12.0125,1492.76
1122,8.46312,8.59309,10675.1,223.523,9.41314,1493.09
1123,8.46312,8.69529,10675.1,225.266,11.3293,1492.84
1124,8.46312,8.47263,10675.1,223.157,9.22082,1493.14
1125,8.46312,8.80994,10675.1,225.881,12.7005,1492.75
1126,8.36114,8.36114,10675.1,223.451,9.41516,1493.1
1127,8.36114,9.28261,10675.1,225.806,11.9381,1492.76
1128,8.36114,8.65771,10675.1,223.58,9.47144,1493.08
1129,8.36114,8.88487,10675.1,225.673,11.7293,1492.78
1130,8.36114,8.63967,10675.1,223.55,9.51003,1493.08
1131,8.36114,8.60194,10675.1,225.542,11.7006,1492.8
1132,8.36114,8.55034,10675.1,223.409,9.3836,1493.1
1133,8.36114,8.82241,10675.1,225.542,11.7676,1492.8
1134,8.36114,8.4297,10675.1,223.262,9.20135,1493.12
1135,8.36114,9.23475,10675.1,225.626,12.5424,1492.79
1136,8.36114,8.50384,10675.1,223.647,9.24382,1493.07
1137,8.36114,9.21261,10675.1,225.073,11.659,1492.86
1138,8.36114,8.75312,10675.1,223.493,9.60702,1493.09
1139,8.36114,8.56244,10675.1,225.367,11.6968,1492.82
1140,8.36114,8.61861,10675.1,223.157,9.40913,1493.14
1141,8.36114,8.87696,10675.1,225.142,11.229,1492.86
1142,8.36114,8.65308,10675.1,223.087,9.15795,1493.15
1143,8.36114,9.03745,10675.1,225.441,11.4573,1492.81
1144,8.36114,8.48683,10675.1,222.817,9.07714,1493.19
1145,8.36114,9.01558,10675.1,225.862,12.1025,1492.75
1146,8.36114,8.56142,10675.1,223.73,9.59794,1493.06
1147,8.36114,8.7206,10675.1,225.29,11.7175,1492.84
1148,8.36114,8.70615,10675.1,223.181,9.53085,1493.13
1149,8.36114,8.6846,10675.1,225.314,11.9083,1492.83
1150,8.36114,8.68871,10675.1,223.63,9.72808,1493.07
1151,8.36114,8.96038,10675.1,225.035,11.2586,1492.87
1152,8.36114,8.53132,10675.1,223.06,9.4404,1493.15
1153,8.36114,8.71817,10675.1,225.019,11.2122,1492.87
1154,8.36114,8.53535,10675.1,222.94,9.34708,1493.17
1155,8.36114,8.8639,10675.1,225.085,11.1068,1492.86
1156,8.36114,8.71231,10675.1,223.237,9.51395,1493.13
1157,8.36114,9.38872,10675.1,225.541,11.7517,1492.8
1158,8.36114,8.77437,10675.1,223.703,9.79954,1493.06
1159,8.36114,8.71061,10675.1,225.275,11.5653,1492.84
1160,8.36114,8.55008,10675.1,222.947,9.38786,1493.17
1161,8.36114,8.91198,10675.1,225.001,11.0224,1492.88
1162,8.36114,8.62898,10675.1,222.842,9.14439,1493.18
1163,8.36114,8.98504,10675.1,225.032,11.1951,1492.87
1164,8.36114,8.57972,10675.1,223.31,9.23884,1493.12
1165,8.36114,8.50452,10675.1,224.368,10.7593,1492.96
1166,8.36114,8.59734,10675.1,222.739,9.26793,1493.2
1167,8.36114,8.89907,10675.1,224.56,10.5984,1492.94
1168,8.36114,8.57801,10675.1,222.974,9.17658,1493.16
1169,8.36114,8.7206,10675.1,224.884,11.2717,1492.89
1170,8.36114,8.56897,10675.1,222.82,9.26678,1493.19
1171,8.36114,8.50962,10675.1,224.839,11.0026,1492.9
1172,8.36114,8.80708,10675.1,223.069,9.29445,1493.15
1173,8.36114,9.05801,10675.1,225.009,11.4839,1492.87
1174,8.36114,8.6986,10675.1,222.911,9.24015,1493.17
1175,8.36114,9.38402,10675.1,225.373,11.9041,1492.82
1176,8.36114,8.63194,10675.1,223.055,9.17608,1493.15
1177,8.36114,8.55898,10675.1,225.259,11.7088,1492.84
1178,8.36114,8.64412,10675.1,223.405,9.47551,1493.1
1179,8.36114,8.64592,10675.1,224.687,11.0811,1492.92
1180,8.36114,8.6864,10675.1,223.354,9.51234,1493.11
1181,8.36114,8.75754,10675.1,224.606,10.9167,1492.93
1182,8.36114,8.67642,10675.1,222.929,9.286,1493.17
1183,8.36114,9.2411,10675.1,224.639,11.1245,1492.93
1184,8.36114,8.66141,10675.1,222.912,9.31747,1493.17
1185,8.36114,9.1781,10675.1,224.975,11.2274,1492.88
1186,8.36114,8.85418,10675.1,223.167,9.47058,1493.14
1187,8.36114,9.11307,10675.1,225.042,11.422,1492.87
1188,8.36114,8.5296,10675.1,222.936,9.22173,1493.17
1189,8.36114,8.86328,10675.1,225.305,11.8107,1492.83
1190,8.36114,8.63727,10675.1,223.049,9.29551,1493.15
1191,8.36114,9.04735,10675.1,225.267,11.5766,1492.84
1192,8.36114,8.65185,10675.1,223.344,9.49761,1493.11
1193,8.36114,9.05982,10675.1,224.74,11.4581,1492.91
1194,8.36114,8.6855,10675.1,222.993,9.28662,1493.16
1195,8.36114,8.90284,10675.1,224.639,11.0608,1492.93
1196,8.36114,8.73801,10675.1,223.005,9.23802,1493.16
1197,8.36114,9.16531,10675.1,225.013,11.2942,1492.87
1198,8.36114,8.55057,10675.1,222.895,9.27017,1493.17
1199,8.36114,9.10717,10675.1,225.011,11.2058,1492.87
1200,8.36114,8.75349,10675.1,222.994,9.12431,1493.16
1201,8.36114,8.80145,10675.1,225.413,11.8903,1492.82
1202,8.36114,8.62378,10675.1,223.154,9.40135,1493.14
1203,8.36114,8.84355,10675.1,225.526,12.2887,1492.8
1204,8.36114,8.73746,10675.1,223.821,9.88773,1493.04
1205,8.36114,8.96773,10675.1,224.731,11.0971,1492.91
1206,8.36114,8.79912,10675.1,223.156,9.46282,1493.14
1207,8.36114,8.85222,10675.1,224.48,10.9946,1492.95
1208,8.36114,8.67818,10675.1,222.747,9.21605,1493.2
1209,8.36114,8.79158,10675.1,224.784,10.9218,1492.91
1210,8.36114,8.56362,10675.1,223.047,9.37411,1493.15
1211,8.36114,9.08717,10675.1,224.855,11.221,1492.9
1212,8.36114,8.58854,10675.1,222.989,9.0559,1493.16
1213,8.36114,9.06184,10675.1,224.638,11.2023,1492.93
1214,8.36114,8.49889,10675.1,222.873,9.231,1493.18
1215,8.36114,9.15487,10675.1,224.85,11.4014,1492.9
1216,8.36114,8.6221,10675.1,222.941,9.14268,1493.17
1217,8.36114,9.09245,10675.1,224.572,10.961,1492.94
1218,8.36114,8.62328,10675.1,222.629,9.17858,1493.21
1219,8.36114,8.56786,10675.1,224.897,11.2486,1492.89
1220,8.36114,8.57943,10675.1,223.24,9.13217,1493.13
1221,8.36114,8.63949,10675.1,224.492,10.7883,1492.95
1222,8.36114,8.51188,10675.1,222.935,8.93845,1493.17
1223,8.36114,8.74226,10675.1,224.573,10.9391,1492.94
1224,8.36114,8.4799,10675.1,222.696,8.94765,1493.2
1225,8.36114,8.6225,10675.1,224.561,11.0944,1492.94
1226,8.36114,8.48637,10675.1,223.061,9.12853,1493.15
1227,8.36114,8.7646,10675.1,223.948,10.5041,1493.02
1228,8.36114,8.5204,10675.1,222.686,9.16221,1493.2
1229,8.36114,8.81966,10675.1,224.327,10.7451,1492.97
1230,8.36114,8.36502,10675.1,222.766,8.96866,1493.19
1231,8.36114,8.66208,10675.1,224.015,10.7262,1493.02
1232,8.36114,8.38243,10675.1,222.753,9.0746,1493.2
1233,8.36114,8.50413,10675.1,223.848,10.4904,1493.04
1234,8.36114,8.40543,10675.1,222.52,8.92447,1493.23
1235,8.36114,8.72048,10675.1,224.094,10.6496,1493
1236,8.34429,8.34429,10675.1,222.4,8.86228,1493.25
1237,8.34429,8.53112,10675.1,224.003,10.5561,1493.02
1238,8.34429,8.36674,10675.1,222.623,8.86446,1493.21
1239,8.34429,8.62127,10675.1,223.755,9.94167,1493.05
1240,8.34429,8.47128,10675.1,222.45,8.90357,1493.24
1241,8.34429,8.79039,10675.1,223.765,10.3744,1493.05
1242,8.34429,8.4348,10675.1,222.343,8.86561,1493.25
1243,8.34429,8.77163,10675.1,224.115,10.8411,1493
1244,8.34429,8.38684,10675.1,222.351,8.78074,1493.25
1245,8.34429,8.53594,10675.1,224.351,10.9149,1492.97
1246,8.34429,8.36068,10675.1,222.605,8.95126,1493.22
1247,8.34429,8.5477,10675.1,224.011,10.7103,1493.02
1248,8.34429,8.37124,10675.1,222.606,8.96524,1493.22
1249,8.34429,9.07995,10675.1,223.973,10.379,1493.02
1250,8.34429,8.39777,10675.1,222.62,8.8745,1493.21
1251,8.34429,8.46934,10675.1,223.899,10.4626,1493.03
1252,8.32205,8.32205,10675.1,222.8,8.91182,1493.19
1253,8.32205,8.41593,10675.1,223.828,10.2201,1493.04
1254,8.22385,8.22385,10675.1,222.517,8.92477,1493.23
1255,8.22385,8.68017,10675.1,223.804,10.3164,1493.05
1256,8.22385,8.26612,10675.1,222.571,8.90588,1493.22
1257,8.22385,8.44578,10675.1,223.436,10.0039,1493.1
1258,8.22385,8.27002,10675.1,222.369,8.72326,1493.25
1259,8.22385,8.37538,10675.1,223.313,9.77014,1493.12
1260,8.22385,8.41033,10675.1,222.366,8.88948,1493.25
1261,8.22385,8.45574,10675.1,223.631,9.79583,1493.07
1262,8.21679,8.21679,10675.1,222.383,8.71108,1493.25
1263,8.21679,8.52252,10675.1,223.44,9.87759,1493.1
1264,8.09656,8.09656,10675.1,222.244,8.72854,1493.27
1265,8.09656,8.30198,10675.1,223.265,9.78129,1493.12
1266,8.09656,8.21278,10675.1,222.15,8.63404,1493.28
1267,8.09656,8.43611,10675.1,223.748,10.1771,1493.05
1268,8.09656,8.18435,10675.1,222.648,8.61634,1493.21
1269,7.9608,7.9608,10675.1,223.52,9.89484,1493.09
1270,7.9608,8.21481,10675.1,222.37,8.60423,1493.25
1271,7.9608,8.51352,10675.1,223.455,9.80385,1493.1
1272,7.9608,8.22711,10675.1,222.238,8.55693,1493.27
1273,7.9608,8.56689,10675.1,223.396,9.7652,1493.1
1274,7.9608,8.08878,10675.1,222.445,8.64111,1493.24
1275,7.9608,8.246,10675.1,223.546,10.1816,1493.08
1276,7.9608,8.21708,10675.1,222.33,8.69877,1493.26
1277,7.9608,8.35864,10675.1,223.343,9.78943,1493.11
1278,7.9608,8.24553,10675.1,222.295,8.69495,1493.26
1279,7.9608,8.55517,10675.1,223.169,9.90782,1493.14
1280,7.9608,8.2053,10675.1,222.054,8.65772,1493.29
1281,7.9608,8.56893,10675.1,223.576,10.1223,1493.08
1282,7.9608,8.26322,10675.1,222.158,8.65298,1493.28
1283,7.9608,8.78427,10675.1,223.905,10.4509,1493.03
1284,7.9608,8.28754,10675.1,222.609,8.69514,1493.22
1285,7.9608,8.35266,10675.1,223.421,10.1403,1493.1
1286,7.9608,8.26965,10675.1,222.333,8.74837,1493.25
1287,7.9608,8.52492,10675.1,223.62,10.1282,1493.07
1288,7.9608,8.21433,10675.1,222.144,8.61015,1493.28
1289,7.9608,8.30479,10675.1,223.845,10.1746,1493.04
1290,7.9608,8.25698,10675.1,222.464,8.75148,1493.24
1291,7.9608,8.43677,10675.1,223.98,10.5403,1493.02
1292,7.9608,8.23027,10675.1,222.366,8.63251,1493.25
1293,7.9608,8.2713,10675.1,223.292,9.89245,1493.12
1294,7.9608,8.16329,10675.1,222.248,8.61753,1493.27
1295,7.9608,8.30005,10675.1,223.369,9.92539,1493.11
1296,7.9608,8.19678,10675.1,222.327,8.74189,1493.26
1297,7.9608,8.4418,10675.1,223.283,9.69664,1493.12
1298,7.9608,8.20206,10675.1,222.239,8.67025,1493.27
1299,7.9608,8.63723,10675.1,223.057,9.49632,1493.15
1300,7.9608,8.14166,10675.1,221.901,8.43614,1493.32
1301,7.9608,8.29649,10675.1,223.41,9.9531,1493.1
1302,7.9608,8.14869,10675.1,222.24,8.61446,1493.27
1303,7.9608,8.37249,10675.1,223.176,9.80326,1493.13
1304,7.9608,8.16741,10675.1,222.302,8.56519,1493.26
1305,7.9608,8.52967,10675.1,223.055,9.73611,1493.15
1306,7.9608,8.06449,10675.1,221.972,8.50605,1493.31
1307,7.9608,8.39688,10675.1,223.309,9.95872,1493.12
1308,7.9608,8.01243,10675.1,222.02,8.47206,1493.3
1309,7.9608,8.17989,10675.1,223.351,9.89887,1493.11
1310,7.9608,8.09054,10675.1,222.162,8.59531,1493.28
1311,7.9608,8.14773,10675.1,223.342,9.77215,1493.11
1312,7.9608,8.14639,10675.1,222.351,8.75816,1493.25
1313,7.9608,8.3624,10675.1,223.47,9.92086,1493.09
1314,7.9608,8.25083,10675.1,222.338,8.76015,1493.25
1315,7.9608,8.24568,10675.1,223.139,9.61648,1493.14
1316,7.9608,8.1272,10675.1,222.19,8.4883,1493.28
1317,7.9608,8.25126,10675.1,223.262,9.72864,1493.12
1318,7.9608,8.19588,10675.1,222.134,8.61483,1493.28
1319,7.9608,8.27178,10675.1,223.2,9.79688,1493.13
1320,7.9608,8.14466,10675.1,222.223,8.5967,1493.27
1321,7.9608,8.38977,10675.1,223.184,9.74128,1493.13
1322,7.9608,8.18258,10675.1,222.143,8.56463,1493.28
1323,7.9608,8.39422,10675.1,222.99,9.3713,1493.16
1324,7.9608,8.16838,10675.1,222.087,8.51787,1493.29
1325,7.9608,8.18358,10675.1,222.903,9.46992,1493.17
1326,7.9608,8.10784,10675.1,222.025,8.48313,1493.3
1327,7.9608,8.39485,10675.1,223.341,9.76699,1493.11
1328,7.9608,8.19796,10675.1,222.423,8.62066,1493.24
1329,7.9608,8.47942,10675.1,223.007,9.58074,1493.16
1330,7.9608,8.02345,10675.1,222.123,8.59144,1493.28
1331,7.9608,8.18033,10675.1,222.953,9.69387,1493.17
1332,7.9608,8.0558,10675.1,221.98,8.39651,1493.31
1333,7.9608,8.24815,10675.1,223.063,9.50788,1493.15
1334,7.9608,7.9946,10675.1,222.041,8.47891,1493.3
1335,7.9608,8.23034,10675.1,222.794,9.30488,1493.19
1336,7.9608,8.01537,10675.1,221.794,8.35081,1493.33
1337,7.9608,8.35414,10675.1,223.093,9.55194,1493.15
1338,7.9608,7.96657,10675.1,221.851,8.35473,1493.32
1339,7.9608,8.20977,10675.1,222.822,9.604,1493.19
1340,7.9608,7.97521,10675.1,221.865,8.34452,1493.32
1341,7.9608,8.13125,10675.1,222.759,9.37518,1493.19
1342,7.87256,7.87256,10675.1,222.019,8.40026,1493.3
1343,7.87256,8.14016,10675.1,223.043,9.45131,1493.15
1344,7.87256,7.96834,10675.1,221.956,8.41489,1493.31
1345,7.87256,7.98678,10675.1,222.905,9.5383,1493.17
1346,7.87256,7.91368,10675.1,221.755,8.21544,1493.34
1347,7.87256,8.29965,10675.1,222.889,9.40541,1493.18
1348,7.87256,7.9535,10675.1,221.964,8.2026,1493.31
1349,7.87256,8.06516,10675.1,222.804,9.49022,1493.19
1350,7.87256,7.99909,10675.1,221.976,8.19436,1493.31
1351,7.87256,8.09014,10675.1,222.778,9.32502,1493.19
1352,7.87256,7.88651,10675.1,221.777,8.21231,1493.33
1353,7.87256,7.95891,10675.1,222.491,9.18452,1493.23
1354,7.87256,7.91753,10675.1,221.64,8.20928,1493.35
1355,7.87256,8.07484,10675.1,222.715,9.40204,1493.2
1356,7.86699,7.86699,10675.1,221.652,8.18226,1493.35
1357,7.86699,8.08577,10675.1,222.811,9.1326,1493.19
1358,7.79571,7.79571,10675.1,221.718,8.1438,1493.34
1359,7.79571,7.94549,10675.1,222.622,9.28525,1493.21
1360,7.79571,7.83101,10675.1,221.685,8.17138,1493.35
1361,7.79571,8.08868,10675.1,222.583,9.15295,1493.22
1362,7.79571,7.84387,10675.1,221.815,8.33498,1493.33
1363,7.79571,8.16513,10675.1,222.854,9.4686,1493.18
1364,7.79571,7.84253,10675.1,221.924,8.43014,1493.31
1365,7.79571,8.03899,10675.1,222.587,9.2647,1493.22
1366,7.79571,7.81889,10675.1,221.807,8.17364,1493.33
1367,7.79571,7.97264,10675.1,222.646,9.28115,1493.21
1368,7.79571,7.86048,10675.1,221.698,8.19335,1493.35
1369,7.79571,8.0174,10675.1,222.441,8.97731,1493.24
1370,7.74818,7.74818,10675.1,221.528,8.03407,1493.37
1371,7.74818,8.09474,10675.1,222.524,9.01816,1493.23
1372,7.74818,7.79907,10675.1,221.613,8.04677,1493.36
1373,7.74818,7.81094,10675.1,222.529,8.97745,1493.23
1374,7.74818,7.82764,10675.1,221.568,8.07861,1493.36
1375,7.74818,8.14484,10675.1,222.687,9.16846,1493.2
1376,7.74351,7.74351,10675.1,221.707,8.06149,1493.34
1377,7.74351,7.80882,10675.1,222.726,9.15707,1493.2
1378,7.74351,7.76316,10675.1,221.734,8.14305,1493.34
1379,7.74351,7.86677,10675.1,222.553,9.07183,1493.22
1380,7.74351,7.75838,10675.1,221.747,8.11372,1493.34
1381,7.74351,7.80145,10675.1,222.439,8.98262,1493.24
1382,7.74351,7.8618,10675.1,221.788,8.21011,1493.33
1383,7.74351,7.75751,10675.1,222.332,8.94933,1493.26
1384,7.74351,7.75242,10675.1,221.588,8.02358,1493.36
1385,7.74351,7.76239,10675.1,222.3,8.82639,1493.26
1386,7.74191,7.74191,10675.1,221.476,8.02279,1493.38
1387,7.74191,7.9534,10675.1,222.262,8.6603,1493.27
1388,7.74186,7.74186,10675.1,221.498,8.01003,1493.37
1389,7.74186,7.81694,10675.1,222.333,8.91298,1493.26
1390,7.63938,7.63938,10675.1,221.432,7.93935,1493.38
1391,7.63938,7.9403,10675.1,222.426,9.0423,1493.24
1392,7.63938,7.73476,10675.1,221.6,8.03477,1493.36
1393,7.63938,7.88127,10675.1,222.624,9.08969,1493.21
1394,7.63938,7.72127,10675.1,221.608,8.10416,1493.36
1395,7.63938,7.99649,10675.1,222.428,9.01772,1493.24
1396,7.63938,7.70064,10675.1,221.76,7.99454,1493.34
1397,7.63938,7.69733,10675.1,222.179,8.77089,1493.28
1398,7.63938,7.68424,10675.1,221.556,8.02642,1493.37
1399,7.63938,7.64854,10675.1,222.099,8.55726,1493.29
1400,7.63938,7.72053,10675.1,221.636,7.92181,1493.36
1401,7.63938,7.81812,10675.1,222.172,8.65029,1493.28
1402,7.63938,7.71629,10675.1,221.618,7.93862,1493.36
1403,7.63938,7.7937,10675.1,222.115,8.6971,1493.29
1404,7.63938,7.74595,10675.1,221.546,7.97244,1493.37
1405,7.63938,7.75301,10675.1,222.099,8.72604,1493.29
1406,7.63938,7.75974,10675.1,221.46,7.99726,1493.38
1407,7.63938,7.89745,10675.1,222.231,8.76123,1493.27
1408,7.63938,7.7337,10675.1,221.473,7.96121,1493.38
1409,7.63938,7.80338,10675.1,222.288,8.74053,1493.26
1410,7.63938,7.71993,10675.1,221.62,8.10078,1493.36
1411,7.63938,7.76329,10675.1,221.986,8.54469,1493.3
1412,7.63938,7.67677,10675.1,221.411,7.90927,1493.39
1413,7.63938,7.70663,10675.1,222.146,8.70567,1493.28
1414,7.63938,7.65912,10675.1,221.337,7.87468,1493.4
1415,7.63938,7.90614,10675.1,222.305,8.86268,1493.26
1416,7.63938,7.65071,10675.1,221.337,7.90017,1493.4
1417,7.63938,7.87409,10675.1,222.045,8.64171,1493.3
1418,7.62749,7.62749,10675.1,221.34,7.86365,1493.4
1419,7.62749,7.87013,10675.1,222.122,8.6103,1493.29
1420,7.62657,7.62657,10675.1,221.442,7.89804,1493.38
1421,7.62657,7.69437,10675.1,222.068,8.52267,1493.29
1422,7.62657,7.65463,10675.1,221.479,7.9333,1493.38
1423,7.62657,7.78521,10675.1,222.114,8.58741,1493.29
1424,7.62657,7.67768,10675.1,221.459,7.96714,1493.38
1425,7.62657,7.74689,10675.1,222.16,8.6349,1493.28
1426,7.62657,7.74591,10675.1,221.463,7.98092,1493.38
1427,7.62657,7.80228,10675.1,222.038,8.57286,1493.3
1428,7.62657,7.6748,10675.1,221.395,7.95213,1493.39
1429,7.62657,7.76873,10675.1,221.9,8.37937,1493.32
1430,7.58576,7.58576,10675.1,221.368,7.87814,1493.39
1431,7.58576,7.65213,10675.1,221.882,8.39132,1493.32
1432,7.58576,7.63028,10675.1,221.294,7.86702,1493.4
1433,7.58576,7.73779,10675.1,221.897,8.38646,1493.32
1434,7.58576,7.61191,10675.1,221.227,7.84675,1493.41
1435,7.58576,7.79476,10675.1,221.869,8.43298,1493.32
1436,7.52243,7.52243,10675.1,221.201,7.76052,1493.42
1437,7.52243,7.65504,10675.1,221.919,8.48394,1493.31
1438,7.47445,7.47445,10675.1,221.175,7.6997,1493.42
1439,7.47445,7.5795,10675.1,221.961,8.51499,1493.31
1440,7.47445,7.55752,10675.1,221.434,7.80788,1493.38
1441,7.47445,7.68108,10675.1,221.872,8.4905,1493.32
1442,7.47445,7.56802,10675.1,221.291,7.74906,1493.4
1443,7.47445,7.56724,10675.1,221.772,8.25644,1493.34
1444,7.47445,7.52655,10675.1,221.312,7.79808,1493.4
1445,7.47445,7.57628,10675.1,221.632,8.30556,1493.36
1446,7.46191,7.46191,10675.1,221.176,7.66033,1493.42
1447,7.46191,7.65492,10675.1,221.863,8.43403,1493.32
1448,7.46191,7.49382,10675.1,221.239,7.6811,1493.41
1449,7.46191,7.48191,10675.1,221.901,8.44897,1493.32
1450,7.46191,7.49784,10675.1,221.174,7.68808,1493.42
1451,7.46191,7.51112,10675.1,221.827,8.38906,1493.33
1452,7.39967,7.39967,10675.1,221.132,7.62192,1493.43
1453,7.39967,7.52379,10675.1,221.773,8.28467,1493.33
1454,7.39967,7.43584,10675.1,221.127,7.62904,1493.43
1455,7.39967,7.60708,10675.1,221.789,8.38006,1493.33
1456,7.39967,7.47719,10675.1,221.224,7.72827,1493.41
1457,7.39967,7.55992,10675.1,221.785,8.46811,1493.33
1458,7.39967,7.49973,10675.1,221.129,7.68736,1493.43
1459,7.39967,7.55001,10675.1,221.777,8.40242,1493.33
1460,7.39967,7.49492,10675.1,221.117,7.64109,1493.43
1461,7.39967,7.59643,10675.1,221.994,8.58267,1493.3
1462,7.39967,7.47929,10675.1,221.241,7.74929,1493.41
1463,7.39967,7.77666,10675.1,221.912,8.53376,1493.32
1464,7.39967,7.4773,10675.1,221.309,7.73143,1493.4
1465,7.39967,7.49748,10675.1,221.616,8.23733,1493.36
1466,7.38801,7.38801,10675.1,221.071,7.60331,1493.44
1467,7.38801,7.48748,10675.1,221.509,8.05279,1493.37
1468,7.3496,7.3496,10675.1,221.033,7.56745,1493.44
1469,7.3496,7.43891,10675.1,221.54,8.16443,1493.37
1470,7.3496,7.39225,10675.1,221.001,7.53617,1493.45
1471,7.3496,7.47456,10675.1,221.776,8.41409,1493.33
1472,7.3496,7.35858,10675.1,221.084,7.57832,1493.43
1473,7.33008,7.33008,10675.1,221.797,8.15966,1493.33
1474,7.28768,7.28768,10675.1,221.037,7.59809,1493.44
1475,7.28768,7.45739,10675.1,221.63,8.26245,1493.36
1476,7.28768,7.33188,10675.1,221.102,7.65416,1493.43
1477,7.28768,7.47054,10675.1,221.601,8.2752,1493.36
1478,7.28768,7.33787,10675.1,221.073,7.64642,1493.43
1479,7.28768,7.43664,10675.1,221.59,8.22944,1493.36
1480,7.28047,7.28047,10675.1,221.075,7.60644,1493.43
1481,7.28047,7.43708,10675.1,221.6,8.10704,1493.36
1482,7.28047,7.31785,10675.1,221.123,7.59157,1493.43
1483,7.28047,7.42411,10675.1,221.547,8.1738,1493.37
1484,7.28047,7.35391,10675.1,220.993,7.54848,1493.45
1485,7.28047,7.38989,10675.1,221.711,8.30742,1493.34
1486,7.28047,7.33955,10675.1,221.163,7.54572,1493.42
1487,7.28047,7.31077,10675.1,221.508,8.02167,1493.37
1488,7.28047,7.30268,10675.1,221.064,7.50895,1493.44
1489,7.28047,7.47576,10675.1,221.49,8.08564,1493.38
1490,7.28047,7.32771,10675.1,221.061,7.51442,1493.44
1491,7.28047,7.31937,10675.1,221.449,7.94484,1493.38
1492,7.28047,7.29629,10675.1,220.999,7.50104,1493.45
1493,7.28047,7.32432,10675.1,221.481,8.12003,1493.38
1494,7.28047,7.33024,10675.1,221.084,7.64444,1493.43
1495,7.28047,7.31678,10675.1,221.256,7.84501,1493.41
1496,7.28047,7.293,10675.1,220.906,7.47113,1493.46
1497,7.28047,7.36822,10675.1,221.277,7.87774,1493.41
1498,7.28047,7.29465,10675.1,220.879,7.49796,1493.46
1499,7.28047,7.44317,10675.1,221.543,8.14392,1493.37
1500,7.28047,7.31082,10675.1,220.94,7.52942,1493.45
1501,7.28047,7.48796,10675.1,221.544,8.08832,1493.37
1502,7.23756,7.23756,10675.1,220.831,7.40478,1493.47
1503,7.23756,7.39236,10675.1,221.583,8.15986,1493.36
1504,7.23756,7.25059,10675.1,220.967,7.45096,1493.45
1505,7.23756,7.26019,10675.1,221.419,8.04158,1493.39
1506,7.22491,7.22491,10675.1,220.881,7.45711,1493.46
1507,7.22491,7.31002,10675.1,221.52,8.04863,1493.37
1508,7.22491,7.23716,10675.1,220.912,7.39649,1493.46
1509,7.22491,7.3072,10675.1,221.573,8.15765,1493.36
1510,7.21893,7.21893,10675.1,221.021,7.58428,1493.44
1511,7.21893,7.3896,10675.1,221.384,7.99961,1493.39
1512,7.19409,7.19409,10675.1,220.849,7.41656,1493.47
1513,7.19409,7.29347,10675.1,221.476,8.07111,1493.38
1514,7.19409,7.21849,10675.1,220.946,7.44746,1493.45
1515,7.19409,7.38439,10675.1,221.392,8.05426,1493.39
1516,7.19409,7.20362,10675.1,220.823,7.39808,1493.47
1517,7.19409,7.42513,10675.1,221.443,8.0609,1493.38
1518,7.15328,7.15328,10675.1,220.824,7.40757,1493.47
1519,7.15328,7.34908,10675.1,221.382,7.91954,1493.39
1520,7.15328,7.15953,10675.1,220.849,7.37126,1493.47
1521,7.15328,7.28067,10675.1,221.349,7.98844,1493.4
1522,7.13777,7.13777,10675.1,220.826,7.35439,1493.47
1523,7.13777,7.21095,10675.1,221.217,7.73108,1493.41
1524,7.08455,7.08455,10675.1,220.751,7.25468,1493.48
1525,7.08455,7.13689,10675.1,221.196,7.69411,1493.42
1526,7.08455,7.0985,10675.1,220.783,7.26845,1493.48
1527,7.08455,7.14465,10675.1,221.236,7.8376,1493.41
1528,7.05132,7.05132,10675.1,220.911,7.30073,1493.46
1529,7.05132,7.14934,10675.1,221.175,7.88408,1493.42
1530,7.04882,7.04882,10675.1,220.763,7.25069,1493.48
1531,7.04882,7.16734,10675.1,221.133,7.76239,1493.43
1532,7.04882,7.07612,10675.1,220.69,7.21677,1493.49
1533,7.04882,7.25352,10675.1,221.247,7.79515,1493.41
1534,7.04882,7.06562,10675.1,220.699,7.20774,1493.49
1535,7.04882,7.09004,10675.1,221.22,7.80122,1493.41
1536,7.0134,7.0134,10675.1,220.721,7.22632,1493.49
1537,7.0134,7.11741,10675.1,221.047,7.63673,1493.44
1538,6.98244,6.98244,10675.1,220.666,7.22805,1493.49
1539,6.98244,7.05291,10675.1,221.023,7.64485,1493.44
1540,6.98244,7.01778,10675.1,220.59,7.14919,1493.5
1541,6.96878,6.96878,10675.1,221.136,7.70616,1493.43
1542,6.96878,6.97576,10675.1,220.601,7.08381,1493.5
1543,6.96878,7.10331,10675.1,221.027,7.60406,1493.44
1544,6.95067,6.95067,10675.1,220.653,7.11761,1493.49
1545,6.95067,6.98945,10675.1,221.012,7.59128,1493.44
1546,6.95067,6.9554,10675.1,220.609,7.15747,1493.5
1547,6.95067,6.99533,10675.1,221.006,7.6505,1493.44
1548,6.93232,6.93232,10675.1,220.549,7.10695,1493.51
1549,6.93232,6.95027,10675.1,220.952,7.53757,1493.45
1550,6.92018,6.92018,10675.1,220.494,7.08001,1493.52
1551,6.92018,6.96519,10675.1,221.033,7.62728,1493.44
1552,6.84102,6.84102,10675.1,220.557,7.05312,1493.51
1553,6.84102,7.03361,10675.1,220.869,7.44618,1493.46
1554,6.84102,6.8493,10675.1,220.461,6.99526,1493.52
1555,6.84102,6.92543,10675.1,220.964,7.60849,1493.45
1556,6.82983,6.82983,10675.1,220.517,7.03504,1493.51
1557,6.82983,6.84046,10675.1,220.975,7.51526,1493.45
1558,6.82058,6.82058,10675.1,220.428,7.01087,1493.53
1559,6.82058,6.8706,10675.1,220.844,7.32936,1493.47
1560,6.75054,6.75054,10675.1,220.376,6.88882,1493.53
1561,6.75054,6.81566,10675.1,220.909,7.51589,1493.46
1562,6.70806,6.70806,10675.1,220.433,7.0003,1493.53
1563,6.70806,6.81213,10675.1,220.968,7.39666,1493.45
1564,6.70806,6.71923,10675.1,220.452,6.93372,1493.52
1565,6.70806,6.94233,10675.1,220.959,7.39804,1493.45
1566,6.70806,6.73144,10675.1,220.493,6.97487,1493.52
1567,6.70806,6.77682,10675.1,220.739,7.2184,1493.48
1568,6.6659,6.6659,10675.1,220.337,6.8335,1493.54
1569,6.6659,6.76078,10675.1,220.71,7.25161,1493.49
1570,6.6659,6.70589,10675.1,220.287,6.81249,1493.55
1571,6.6659,6.7488,10675.1,220.761,7.31029,1493.48
1572,6.6659,6.6757,10675.1,220.34,6.82404,1493.54
1573,6.6659,6.66999,10675.1,220.725,7.32516,1493.48
1574,6.62438,6.62438,10675.1,220.257,6.80723,1493.55
1575,6.62438,6.69156,10675.1,220.734,7.22888,1493.48
1576,6.61432,6.61432,10675.1,220.226,6.78403,1493.56
1577,6.61432,6.62885,10675.1,220.721,7.143,1493.49
1578,6.61432,6.61869,10675.1,220.21,6.7551,1493.56
1579,6.61432,6.69905,10675.1,220.602,7.19766,1493.5
1580,6.57112,6.57112,10675.1,220.179,6.69831,1493.56
1581,6.57112,6.67351,10675.1,220.596,7.2106,1493.5
1582,6.57112,6.60332,10675.1,220.246,6.7604,1493.55
1583,6.57112,6.59435,10675.1,220.582,7.13175,1493.51
1584,6.56479,6.56479,10675.1,220.212,6.75754,1493.56
1585,6.56479,6.56937,10675.1,220.439,6.95841,1493.53
1586,6.55885,6.55885,10675.1,220.122,6.70661,1493.57
1587,6.55885,6.57411,10675.1,220.424,7.01373,1493.53
1588,6.52959,6.52959,10675.1,220.076,6.6747,1493.58
1589,6.52959,6.6337,10675.1,220.529,7.05058,1493.51
1590,6.52959,6.54674,10675.1,220.1,6.68543,1493.57
1591,6.52959,6.66167,10675.1,220.555,7.04924,1493.51
1592,6.52959,6.54755,10675.1,220.233,6.67056,1493.56
1593,6.52959,6.57109,10675.1,220.536,7.06727,1493.51
1594,6.52959,6.5672,10675.1,220.105,6.65934,1493.57
1595,6.52959,6.62789,10675.1,220.542,7.08031,1493.51
1596,6.52959,6.57869,10675.1,220.109,6.68078,1493.57
1597,6.52959,6.65266,10675.1,220.555,7.17681,1493.51
1598,6.52959,6.537,10675.1,220.174,6.74509,1493.56
1599,6.52959,6.59837,10675.1,220.563,7.17691,1493.51
1600,6.51067,6.51067,10675.1,220.213,6.7514,1493.56
1601,6.51067,6.52382,10675.1,220.439,7.03806,1493.53
1602,6.48268,6.48268,10675.1,220.103,6.61715,1493.57
1603,6.48268,6.49632,10675.1,220.389,7.06442,1493.53
1604,6.48268,6.52142,10675.1,220.09,6.63757,1493.58
1605,6.48268,6.5994,10675.1,220.467,7.04891,1493.52
1606,6.4704,6.4704,10675.1,220.013,6.58534,1493.59
1607,6.4704,6.60223,10675.1,220.521,7.13173,1493.51
1608,6.4704,6.47418,10675.1,220.072,6.60416,1493.58
1609,6.4704,6.48578,10675.1,220.508,7.10388,1493.52
1610,6.44165,6.44165,10675.1,220.051,6.60532,1493.58
1611,6.44165,6.50626,10675.1,220.445,6.95959,1493.52
1612,6.42924,6.42924,10675.1,220.07,6.57138,1493.58
1613,6.42924,6.46848,10675.1,220.349,6.9062,1493.54
1614,6.38814,6.38814,10675.1,220.048,6.60439,1493.58
1615,6.38814,6.45672,10675.1,220.286,6.85165,1493.55
1616,6.38814,6.40155,10675.1,220.027,6.5511,1493.58
1617,6.38814,6.48826,10675.1,220.322,6.91904,1493.54
1618,6.36975,6.36975,10675.1,220.07,6.59367,1493.58
1619,6.36975,6.44553,10675.1,220.294,6.88388,1493.55
1620,6.36975,6.38891,10675.1,219.953,6.53557,1493.59
1621,6.36975,6.44863,10675.1,220.349,6.95822,1493.54
1622,6.36975,6.40732,10675.1,219.981,6.50921,1493.59
1623,6.36975,6.44743,10675.1,220.384,6.94899,1493.53
1624,6.36975,6.41363,10675.1,220.002,6.55376,1493.59
1625,6.36975,6.46969,10675.1,220.316,6.9539,1493.54
1626,6.36975,6.42253,10675.1,219.999,6.53292,1493.59
1627,6.36975,6.44735,10675.1,220.231,6.8089,1493.56
1628,6.36975,6.37438,10675.1,219.924,6.47672,1493.6
1629,6.36975,6.41397,10675.1,220.196,6.81425,1493.56
1630,6.35892,6.35892,10675.1,219.939,6.4999,1493.6
1631,6.33958,6.33958,10675.1,220.137,6.73997,1493.57
1632,6.33958,6.35174,10675.1,219.923,6.46049,1493.6
1633,6.33958,6.37947,10675.1,220.157,6.76287,1493.57
1634,6.31988,6.31988,10675.1,219.856,6.44515,1493.61
1635,6.31988,6.35708,10675.1,220.132,6.73635,1493.57
1636,6.31988,6.33929,10675.1,219.824,6.40902,1493.61
1637,6.31988,6.3789,10675.1,220.241,6.84424,1493.55
1638,6.31988,6.32115,10675.1,219.895,6.43575,1493.6
1639,6.31988,6.42132,10675.1,220.211,6.86497,1493.56
1640,6.31988,6.32376,10675.1,219.936,6.45338,1493.6
1641,6.31988,6.3581,10675.1,220.067,6.67988,1493.58
1642,6.30624,6.30624,10675.1,219.84,6.42456,1493.61
1643,6.30624,6.3127,10675.1,220.071,6.70381,1493.58
1644,6.286,6.286,10675.1,219.831,6.41493,1493.61
1645,6.286,6.35371,10675.1,220.084,6.68604,1493.58
1646,6.26552,6.26552,10675.1,219.877,6.39164,1493.61
1647,6.26552,6.33363,10675.1,220.035,6.63777,1493.58
1648,6.26098,6.26098,10675.1,219.838,6.36822,1493.61
1649,6.26098,6.30784,10675.1,220.036,6.60684,1493.58
1650,6.21913,6.21913,10675.1,219.759,6.32194,1493.62
1651,6.21913,6.31426,10675.1,220.048,6.64903,1493.58
1652,6.21913,6.22577,10675.1,219.765,6.31697,1493.62
1653,6.21913,6.26658,10675.1,220.019,6.65857,1493.59
1654,6.19574,6.19574,10675.1,219.757,6.31767,1493.62
1655,6.19574,6.22328,10675.1,220.001,6.63314,1493.59
1656,6.19574,6.20316,10675.1,219.743,6.29433,1493.62
1657,6.19574,6.21313,10675.1,220.045,6.59031,1493.58
1658,6.19574,6.20964,10675.1,219.779,6.3166,1493.62
1659,6.19574,6.23147,10675.1,220.073,6.61764,1493.58
1660,6.17424,6.17424,10675.1,219.754,6.29945,1493.62
1661,6.17424,6.19442,10675.1,219.989,6.60188,1493.59
1662,6.16278,6.16278,10675.1,219.753,6.29419,1493.62
1663,6.16278,6.17301,10675.1,219.972,6.58047,1493.59
1664,6.15972,6.15972,10675.1,219.742,6.28151,1493.63
1665,6.15972,6.17996,10675.1,219.94,6.53077,1493.6
1666,6.12101,6.12101,10675.1,219.641,6.20749,1493.64
1667,6.12101,6.15488,10675.1,220.061,6.53946,1493.58
1668,6.12101,6.12528,10675.1,219.722,6.26413,1493.63
1669,6.12101,6.25959,10675.1,219.992,6.53969,1493.59
1670,6.1049,6.1049,10675.1,219.767,6.24691,1493.62
1671,6.1049,6.1289,10675.1,219.907,6.47195,1493.6
1672,6.08914,6.08914,10675.1,219.68,6.23532,1493.63
1673,6.08914,6.10499,10675.1,219.898,6.55582,1493.6
1674,6.08914,6.09583,10675.1,219.69,6.23521,1493.63
1675,6.08914,6.10521,10675.1,219.881,6.45189,1493.61
1676,6.08914,6.09223,10675.1,219.633,6.18552,1493.64
1677,6.08914,6.13568,10675.1,219.862,6.42922,1493.61
1678,6.07945,6.07945,10675.1,219.62,6.20384,1493.64
1679,6.07945,6.11947,10675.1,219.855,6.38344,1493.61
1680,6.07945,6.08849,10675.1,219.605,6.17292,1493.64
1681,6.07945,6.08368,10675.1,219.85,6.40782,1493.61
1682,6.03606,6.03606,10675.1,219.592,6.14912,1493.65
1683,6.03606,6.09826,10675.1,219.81,6.32888,1493.62
1684,6.01841,6.01841,10675.1,219.521,6.1181,1493.66
1685,6.01841,6.04066,10675.1,219.827,6.35138,1493.61
1686,6.0184,6.0184,10675.1,219.555,6.14813,1493.65
1687,6.0184,6.0229,10675.1,219.915,6.50312,1493.6
1688,6.00434,6.00434,10675.1,219.591,6.12391,1493.65
1689,6.00434,6.05908,10675.1,219.999,6.52287,1493.59
1690,6.00434,6.02441,10675.1,219.619,6.12536,1493.64
1691,6.00434,6.09221,10675.1,219.944,6.51213,1493.6
1692,5.97368,5.97368,10675.1,219.628,6.15342,1493.64
1693,5.97368,5.99624,10675.1,219.795,6.35457,1493.62
1694,5.97368,5.98103,10675.1,219.554,6.10019,1493.65
1695,5.97368,5.97814,10675.1,219.817,6.35434,1493.61
1696,5.97368,5.98861,10675.1,219.534,6.1117,1493.65
1697,5.97368,6.00716,10675.1,219.735,6.27866,1493.63
1698,5.95462,5.95462,10675.1,219.468,6.05601,1493.66
1699,5.95462,5.98996,10675.1,219.824,6.29982,1493.61
1700,5.92059,5.92059,10675.1,219.572,6.04013,1493.65
1701,5.92059,5.99806,10675.1,219.736,6.3022,1493.63
1702,5.92059,5.94753,10675.1,219.486,6.06227,1493.66
1703,5.92059,5.96989,10675.1,219.749,6.30395,1493.62
1704,5.92059,5.94528,10675.1,219.486,6.06267,1493.66
1705,5.92059,5.96697,10675.1,219.756,6.34037,1493.62
1706,5.92059,5.94187,10675.1,219.465,6.04397,1493.66
1707,5.92059,5.94913,10675.1,219.687,6.2358,1493.63
1708,5.90313,5.90313,10675.1,219.444,6.00686,1493.67
1709,5.90313,5.9573,10675.1,219.766,6.24898,1493.62
1710,5.89116,5.89116,10675.1,219.512,5.98412,1493.66
1711,5.89116,5.96485,10675.1,219.748,6.25077,1493.62
1712,5.87971,5.87971,10675.1,219.537,5.98278,1493.65
1713,5.87971,5.94333,10675.1,219.708,6.34709,1493.63
1714,5.87971,5.89168,10675.1,219.491,6.02534,1493.66
1715,5.87971,5.91089,10675.1,219.67,6.24254,1493.64
1716,5.84857,5.84857,10675.1,219.448,6.01033,1493.67
1717,5.84857,5.89479,10675.1,219.727,6.22855,1493.63
1718,5.84857,5.87053,10675.1,219.421,5.99088,1493.67
1719,5.84857,5.91195,10675.1,219.697,6.22438,1493.63
1720,5.84857,5.85136,10675.1,219.36,5.9369,1493.68
1721,5.84857,5.94801,10675.1,219.656,6.21295,1493.64
1722,5.84857,5.86395,10675.1,219.374,5.95703,1493.68
1723,5.84857,5.86011,10675.1,219.628,6.18652,1493.64
1724,5.83623,5.83623,10675.1,219.392,5.9602,1493.68
1725,5.83623,5.89339,10675.1,219.556,6.12447,1493.65
1726,5.83623,5.85333,10675.1,219.375,5.93043,1493.68
1727,5.83623,5.84177,10675.1,219.557,6.11888,1493.65
1728,5.80057,5.80057,10675.1,219.367,5.91189,1493.68
1729,5.80057,5.81103,10675.1,219.472,6.04286,1493.66
1730,5.79522,5.79522,10675.1,219.284,5.8623,1493.69
1731,5.79522,5.81389,10675.1,219.503,6.11112,1493.66
1732,5.77803,5.77803,10675.1,219.27,5.8559,1493.69
1733,5.74807,5.74807,10675.1,219.497,6.11373,1493.66
1734,5.72905,5.72905,10675.1,219.236,5.81963,1493.7
1735,5.72905,5.77157,10675.1,219.548,6.09469,1493.65
1736,5.71386,5.71386,10675.1,219.302,5.81938,1493.69
1737,5.71386,5.76337,10675.1,219.443,6.03161,1493.67
1738,5.70312,5.70312,10675.1,219.241,5.80831,1493.7
1739,5.70312,5.72255,10675.1,219.426,5.98142,1493.67
1740,5.66736,5.66736,10675.1,219.243,5.77342,1493.7
1741,5.66736,5.69058,10675.1,219.422,5.98483,1493.67
1742,5.63418,5.63418,10675.1,219.204,5.7325,1493.7
1743,5.63418,5.67362,10675.1,219.412,6.01672,1493.67
1744,5.57924,5.57924,10675.1,219.147,5.69851,1493.71
1745,5.57924,5.61964,10675.1,219.407,5.97431,1493.67
1746,5.57924,5.6107,10675.1,219.136,5.69669,1493.71
1747,5.57924,5.65769,10675.1,219.341,5.89304,1493.68
1748,5.55341,5.55341,10675.1,219.077,5.6334,1493.72
1749,5.55341,5.5651,10675.1,219.302,5.83851,1493.69
1750,5.52965,5.52965,10675.1,219.046,5.61612,1493.72
1751,5.52965,5.61429,10675.1,219.258,5.79565,1493.69
1752,5.50792,5.50792,10675.1,219.012,5.59287,1493.73
1753,5.50792,5.53037,10675.1,219.272,5.84729,1493.69
1754,5.50792,5.50855,10675.1,219.013,5.59521,1493.73
1755,5.50792,5.546,10675.1,219.247,5.82218,1493.7
1756,5.47996,5.47996,10675.1,218.995,5.55586,1493.73
1757,5.47996,5.52185,10675.1,219.229,5.77771,1493.7
1758,5.4595,5.4595,10675.1,218.975,5.53853,1493.73
1759,5.4595,5.46391,10675.1,219.178,5.72094,1493.71
1760,5.39422,5.39422,10675.1,218.96,5.51092,1493.74
1761,5.39422,5.41667,10675.1,219.143,5.73944,1493.71
1762,5.39422,5.41211,10675.1,218.933,5.48287,1493.74
1763,5.39422,5.48762,10675.1,219.207,5.77532,1493.7
1764,5.39287,5.39287,10675.1,218.943,5.51739,1493.74
1765,5.39287,5.43947,10675.1,219.184,5.63597,1493.7
1766,5.34708,5.34708,10675.1,218.942,5.45942,1493.74
1767,5.34708,5.41137,10675.1,219.05,5.65572,1493.72
1768,5.33367,5.33367,10675.1,218.871,5.42383,1493.75
1769,5.33367,5.33538,10675.1,219.027,5.63709,1493.73
1770,5.30398,5.30398,10675.1,218.85,5.42444,1493.75
1771,5.30398,5.33812,10675.1,219.011,5.57005,1493.73
1772,5.28789,5.28789,10675.1,218.787,5.37392,1493.76
1773,5.27506,5.27506,10675.1,219.019,5.60098,1493.73
1774,5.24938,5.24938,10675.1,218.765,5.3318,1493.76
1775,5.24938,5.29671,10675.1,218.993,5.55323,1493.73
1776,5.21364,5.21364,10675.1,218.767,5.32739,1493.76
1777,5.21364,5.26587,10675.1,218.962,5.49403,1493.74
1778,5.21068,5.21068,10675.1,218.771,5.32016,1493.76
1779,5.21068,5.21175,10675.1,218.901,5.46347,1493.75
1780,5.19586,5.19586,10675.1,218.716,5.29153,1493.77
1781,5.19586,5.21865,10675.1,218.927,5.48834,1493.74
1782,5.19586,5.2066,10675.1,218.732,5.27246,1493.77
1783,5.19586,5.20249,10675.1,218.885,5.45487,1493.75
1784,5.15963,5.15963,10675.1,218.707,5.26285,1493.77
1785,5.15963,5.17795,10675.1,218.846,5.45935,1493.75
1786,5.13939,5.13939,10675.1,218.694,5.23795,1493.77
1787,5.13939,5.18658,10675.1,218.848,5.38931,1493.75
1788,5.13691,5.13691,10675.1,218.672,5.21936,1493.78
1789,5.13691,5.20453,10675.1,218.858,5.38782,1493.75
1790,5.13114,5.13114,10675.1,218.637,5.20324,1493.78
1791,5.13114,5.1322,10675.1,218.867,5.42775,1493.75
1792,5.12137,5.12137,10675.1,218.627,5.19509,1493.78
1793,5.12137,5.14805,10675.1,218.842,5.46143,1493.75
1794,5.1049,5.1049,10675.1,218.653,5.19489,1493.78
1795,5.1049,5.14277,10675.1,218.811,5.36546,1493.76
1796,5.09508,5.09508,10675.1,218.644,5.19456,1493.78
1797,5.09508,5.10816,10675.1,218.734,5.2728,1493.77
1798,5.06452,5.06452,10675.1,218.601,5.15229,1493.79
1799,5.06452,5.0841,10675.1,218.735,5.30114,1493.77
1800,5.06452,5.0735,10675.1,218.586,5.15081,1493.79
1801,5.06452,5.08197,10675.1,218.774,5.34098,1493.76
1802,5.06452,5.07298,10675.1,218.572,5.14067,1493.79
1803,5.04907,5.04907,10675.1,218.779,5.37018,1493.76
1804,5.04907,5.05609,10675.1,218.581,5.12778,1493.79
1805,5.04907,5.0891,10675.1,218.809,5.3788,1493.76
1806,5.04907,5.06386,10675.1,218.59,5.14693,1493.79
1807,5.04907,5.0834,10675.1,218.763,5.34879,1493.76
1808,5.04907,5.05305,10675.1,218.555,5.12128,1493.79
1809,5.04907,5.0767,10675.1,218.807,5.36345,1493.76
1810,5.0251,5.0251,10675.1,218.608,5.11808,1493.79
1811,5.0251,5.0646,10675.1,218.736,5.30085,1493.77
1812,5.0251,5.03079,10675.1,218.577,5.11614,1493.79
1813,5.0251,5.03752,10675.1,218.784,5.29947,1493.76
1814,5.01212,5.01212,10675.1,218.581,5.11299,1493.79
1815,5.01212,5.03411,10675.1,218.762,5.26225,1493.77
1816,4.98306,4.98306,10675.1,218.556,5.0807,1493.79
1817,4.98306,5.02353,10675.1,218.703,5.23021,1493.77
1818,4.98306,4.98595,10675.1,218.51,5.06393,1493.8
1819,4.94879,4.94879,10675.1,218.66,5.21665,1493.78
1820,4.94879,4.95314,10675.1,218.467,5.01773,1493.81
1821,4.94879,4.96219,10675.1,218.645,5.20497,1493.78
1822,4.94879,4.95447,10675.1,218.447,5.0047,1493.81
1823,4.94879,4.96068,10675.1,218.641,5.19556,1493.78
1824,4.90608,4.90608,10675.1,218.499,4.99348,1493.8
1825,4.90608,4.96381,10675.1,218.611,5.18031,1493.79
1826,4.90608,4.90897,10675.1,218.476,4.97147,1493.81
1827,4.90608,4.91196,10675.1,218.594,5.16606,1493.79
1828,4.90608,4.91618,10675.1,218.415,4.97776,1493.81
1829,4.90608,4.91026,10675.1,218.589,5.13424,1493.79
1830,4.90008,4.90008,10675.1,218.425,4.97229,1493.81
1831,4.90008,4.93991,10675.1,218.589,5.13366,1493.79
1832,4.88138,4.88138,10675.1,218.41,4.94202,1493.82
1833,4.88138,4.89631,10675.1,218.58,5.13231,1493.79
1834,4.87555,4.87555,10675.1,218.4,4.93801,1493.82
1835,4.87555,4.91951,10675.1,218.578,5.14348,1493.79
1836,4.85266,4.85266,10675.1,218.408,4.95543,1493.82
1837,4.85266,4.85496,10675.1,218.61,5.1423,1493.79
1838,4.85266,4.86055,10675.1,218.42,4.96637,1493.81
1839,4.85266,4.86642,10675.1,218.548,5.11899,1493.8
1840,4.8422,4.8422,10675.1,218.377,4.91791,1493.82
1841,4.8357,4.8357,10675.1,218.494,5.08687,1493.8
1842,4.8357,4.83931,10675.1,218.392,4.92958,1493.82
1843,4.8357,4.86329,10675.1,218.472,5.01253,1493.81
1844,4.8309,4.8309,10675.1,218.314,4.89587,1493.83
1845,4.81999,4.81999,10675.1,218.473,5.0252,1493.81
1846,4.80813,4.80813,10675.1,218.303,4.87676,1493.83
1847,4.80813,4.83005,10675.1,218.497,5.02469,1493.8
1848,4.80813,4.82248,10675.1,218.32,4.86844,1493.83
1849,4.80813,4.82628,10675.1,218.502,5.05502,1493.8
1850,4.79094,4.79094,10675.1,218.304,4.86809,1493.83
1851,4.79094,4.79159,10675.1,218.515,5.07743,1493.8
1852,4.77478,4.77478,10675.1,218.333,4.85275,1493.83
1853,4.77478,4.79585,10675.1,218.47,5.01318,1493.81
1854,4.75973,4.75973,10675.1,218.34,4.86753,1493.83
1855,4.75973,4.79644,10675.1,218.431,4.9522,1493.81
1856,4.7561,4.7561,10675.1,218.271,4.81712,1493.84
1857,4.7561,4.78626,10675.1,218.378,4.91149,1493.82
1858,4.754,4.754,10675.1,218.249,4.81593,1493.84
1859,4.754,4.77147,10675.1,218.4,4.93172,1493.82
1860,4.73907,4.73907,10675.1,218.239,4.80182,1493.84
1861,4.73527,4.73527,10675.1,218.37,4.91222,1493.82
1862,4.70803,4.70803,10675.1,218.192,4.77133,1493.85
1863,4.70661,4.70661,10675.1,218.349,4.87512,1493.82
1864,4.68639,4.68639,10675.1,218.178,4.73789,1493.85
1865,4.68639,4.70503,10675.1,218.354,4.88209,1493.82
1866,4.66372,4.66372,10675.1,218.176,4.72679,1493.85
1867,4.66372,4.67771,10675.1,218.315,4.88927,1493.83
1868,4.66256,4.66256,10675.1,218.156,4.72928,1493.85
1869,4.66256,4.70252,10675.1,218.351,4.90546,1493.82
1870,4.66256,4.66399,10675.1,218.189,4.73104,1493.85
1871,4.66256,4.69414,10675.1,218.3,4.85539,1493.83
1872,4.64478,4.64478,10675.1,218.148,4.70435,1493.85
1873,4.64478,4.67502,10675.1,218.267,4.85076,1493.84
1874,4.64423,4.64423,10675.1,218.123,4.70298,1493.86
1875,4.64423,4.6592,10675.1,218.294,4.85279,1493.83
1876,4.64423,4.64734,10675.1,218.147,4.70588,1493.85
1877,4.64423,4.65118,10675.1,218.268,4.81418,1493.84
1878,4.6367,4.6367,10675.1,218.125,4.68548,1493.86
1879,4.62682,4.62682,10675.1,218.303,4.84681,1493.83
1880,4.62682,4.63075,10675.1,218.161,4.69121,1493.85
1881,4.62682,4.68447,10675.1,218.297,4.85214,1493.83
1882,4.62682,4.62856,10675.1,218.14,4.69707,1493.85
1883,4.62682,4.6411,10675.1,218.27,4.84434,1493.84
1884,4.62682,4.64128,10675.1,218.145,4.69627,1493.85
1885,4.62682,4.64618,10675.1,218.257,4.7837,1493.84
1886,4.6205,4.6205,10675.1,218.117,4.68317,1493.86
1887,4.61621,4.61621,10675.1,218.249,4.80708,1493.84
1888,4.60372,4.60372,10675.1,218.114,4.68662,1493.86
1889,4.60372,4.63225,10675.1,218.275,4.83455,1493.83
1890,4.59828,4.59828,10675.1,218.095,4.65592,1493.86
1891,4.59828,4.62984,10675.1,218.285,4.81813,1493.83
1892,4.58842,4.58842,10675.1,218.107,4.65011,1493.86
1893,4.58842,4.63277,10675.1,218.312,4.81958,1493.83
1894,4.58842,4.59636,10675.1,218.172,4.67505,1493.85
1895,4.58842,4.60487,10675.1,218.234,4.76913,1493.84
1896,4.58842,4.60064,10675.1,218.089,4.64476,1493.86
1897,4.58842,4.61473,10675.1,218.209,4.77829,1493.84
1898,4.56665,4.56665,10675.1,218.074,4.63109,1493.86
1899,4.56665,4.59678,10675.1,218.199,4.77899,1493.85
1900,4.56312,4.56312,10675.1,218.058,4.63346,1493.87
1901,4.56151,4.56151,10675.1,218.223,4.7682,1493.84
1902,4.54297,4.54297,10675.1,218.083,4.61083,1493.86
1903,4.54297,4.5795,10675.1,218.173,4.72379,1493.85
1904,4.5317,4.5317,10675.1,218.043,4.58649,1493.87
1905,4.5317,4.55073,10675.1,218.183,4.72308,1493.85
1906,4.51001,4.51001,10675.1,218.016,4.56337,1493.87
1907,4.50694,4.50694,10675.1,218.173,4.7217,1493.85
1908,4.50145,4.50145,10675.1,218.043,4.56581,1493.87
1909,4.50145,4.53562,10675.1,218.126,4.69178,1493.86
1910,4.48827,4.48827,10675.1,218.033,4.57414,1493.87
1911,4.46195,4.46195,10675.1,218.073,4.63051,1493.86
1912,4.46195,4.46403,10675.1,217.954,4.50891,1493.88
1913,4.39964,4.39964,10675.1,218.055,4.61718,1493.87
1914,4.39964,4.44776,10675.1,217.965,4.50503,1493.88
1915,4.39964,4.43259,10675.1,218.061,4.61565,1493.87
1916,4.39964,4.40999,10675.1,217.913,4.46099,1493.89
1917,4.39964,4.41151,10675.1,218.061,4.59418,1493.87
1918,4.38125,4.38125,10675.1,217.928,4.44701,1493.88
1919,4.38125,4.40623,10675.1,218.022,4.61328,1493.87
1920,4.38034,4.38034,10675.1,217.875,4.4303,1493.89
1921,4.38034,4.39933,10675.1,218.023,4.5763,1493.87
1922,4.3726,4.3726,10675.1,217.867,4.42471,1493.89
1923,4.36723,4.36723,10675.1,218.019,4.56207,1493.87
1924,4.36515,4.36515,10675.1,217.877,4.42243,1493.89
1925,4.36059,4.36059,10675.1,217.969,4.53039,1493.88
1926,4.33382,4.33382,10675.1,217.838,4.40581,1493.9
1927,4.33382,4.34795,10675.1,217.946,4.47893,1493.88
1928,4.31757,4.31757,10675.1,217.82,4.3743,1493.9
1929,4.30812,4.30812,10675.1,217.926,4.47076,1493.88
1930,4.30151,4.30151,10675.1,217.8,4.35166,1493.9
1931,4.30151,4.33305,10675.1,217.921,4.49385,1493.89
1932,4.29271,4.29271,10675.1,217.792,4.35054,1493.9
1933,4.29271,4.32536,10675.1,217.921,4.50189,1493.89
1934,4.28657,4.28657,10675.1,217.789,4.34689,1493.9
1935,4.28657,4.30146,10675.1,217.9,4.45783,1493.89
1936,4.27723,4.27723,10675.1,217.8,4.35744,1493.9
1937,4.27173,4.27173,10675.1,217.891,4.41316,1493.89
1938,4.27074,4.27074,10675.1,217.755,4.31199,1493.91
1939,4.25314,4.25314,10675.1,217.85,4.38283,1493.9
1940,4.21852,4.21852,10675.1,217.713,4.27639,1493.91
1941,4.21852,4.23775,10675.1,217.846,4.36043,1493.9
1942,4.20591,4.20591,10675.1,217.69,4.25295,1493.92
1943,4.20591,4.22166,10675.1,217.84,4.38447,1493.9
1944,4.19388,4.19388,10675.1,217.692,4.25021,1493.92
1945,4.17286,4.17286,10675.1,217.78,4.33321,1493.91
1946,4.15304,4.15304,10675.1,217.675,4.2189,1493.92
1947,4.15304,4.17709,10675.1,217.74,4.28877,1493.91
1948,4.1389,4.1389,10675.1,217.646,4.19108,1493.92
1949,4.13856,4.13856,10675.1,217.724,4.26646,1493.91
1950,4.11824,4.11824,10675.1,217.608,4.15774,1493.93
1951,4.11824,4.13561,10675.1,217.709,4.25641,1493.92
1952,4.09638,4.09638,10675.1,217.617,4.15115,1493.93
1953,4.09638,4.12565,10675.1,217.696,4.25531,1493.92
1954,4.09638,4.11176,10675.1,217.62,4.1698,1493.93
1955,4.09638,4.12049,10675.1,217.681,4.24482,1493.92
1956,4.09249,4.09249,10675.1,217.568,4.13308,1493.94
1957,4.09249,4.09524,10675.1,217.67,4.21321,1493.92
1958,4.07807,4.07807,10675.1,217.565,4.1165,1493.94
1959,4.07807,4.07833,10675.1,217.712,4.2482,1493.91
1960,4.0609,4.0609,10675.1,217.597,4.12528,1493.93
1961,4.0609,4.06494,10675.1,217.687,4.24774,1493.92
1962,4.05713,4.05713,10675.1,217.583,4.10201,1493.93
1963,4.05713,4.09588,10675.1,217.687,4.24937,1493.92
1964,4.05008,4.05008,10675.1,217.573,4.10791,1493.93
1965,4.05008,4.05155,10675.1,217.626,4.17889,1493.93
1966,4.01843,4.01843,10675.1,217.547,4.0961,1493.94
1967,4.01843,4.03339,10675.1,217.579,4.13739,1493.93
1968,4.0161,4.0161,10675.1,217.491,4.06276,1493.95
1969,4.0161,4.01953,10675.1,217.577,4.11746,1493.93
1970,4.00394,4.00394,10675.1,217.486,4.03681,1493.95
1971,3.99341,3.99341,10675.1,217.532,4.09602,1493.94
1972,3.95749,3.95749,10675.1,217.438,4.00134,1493.95
1973,3.95749,3.96967,10675.1,217.522,4.0855,1493.94
1974,3.95085,3.95085,10675.1,217.422,3.98099,1493.96
1975,3.94129,3.94129,10675.1,217.522,4.07963,1493.94
1976,3.93273,3.93273,10675.1,217.426,3.97197,1493.96
1977,3.93273,3.94868,10675.1,217.494,4.04836,1493.95
1978,3.91247,3.91247,10675.1,217.408,3.95095,1493.96
1979,3.91247,3.91755,10675.1,217.505,4.06153,1493.94
1980,3.89995,3.89995,10675.1,217.394,3.95075,1493.96
1981,3.89995,3.90029,10675.1,217.504,4.05847,1493.94
1982,3.89682,3.89682,10675.1,217.388,3.94201,1493.96
1983,3.89682,3.90795,10675.1,217.49,4.02217,1493.95
1984,3.86506,3.86506,10675.1,217.359,3.91334,1493.97
1985,3.86506,3.87875,10675.1,217.498,4.05555,1493.95
1986,3.84424,3.84424,10675.1,217.366,3.89672,1493.96
1987,3.84424,3.84493,10675.1,217.468,4.00807,1493.95
1988,3.84424,3.85889,10675.1,217.363,3.9053,1493.96
1989,3.84424,3.85048,10675.1,217.457,3.9973,1493.95
1990,3.83031,3.83031,10675.1,217.323,3.87363,1493.97
1991,3.83031,3.85038,10675.1,217.404,3.95998,1493.96
1992,3.81756,3.81756,10675.1,217.292,3.85137,1493.98
1993,3.81756,3.83762,10675.1,217.443,3.9838,1493.95
1994,3.80967,3.80967,10675.1,217.311,3.86133,1493.97
1995,3.80967,3.83235,10675.1,217.417,3.96546,1493.96
1996,3.7979,3.7979,10675.1,217.288,3.85079,1493.98
1997,3.79435,3.79435,10675.1,217.363,3.89766,1493.96
1998,3.78592,3.78592,10675.1,217.25,3.81348,1493.98
1999,3.78592,3.79316,10675.1,217.351,3.90174,1493.97
2000,3.78214,3.78214,10675.1,217.288,3.83543,1493.98
2001,3.78214,3.79166,10675.1,217.32,3.88926,1493.97
2002,3.76063,3.76063,10675.1,217.25,3.80511,1493.98
2003,3.76063,3.76792,10675.1,217.306,3.85573,1493.97
2004,3.74406,3.74406,10675.1,217.215,3.78232,1493.99
2005,3.74406,3.76374,10675.1,217.298,3.85094,1493.97
2006,3.72846,3.72846,10675.1,217.201,3.76329,1493.99
2007,3.72846,3.7522,10675.1,217.314,3.8677,1493.97
2008,3.71916,3.71916,10675.1,217.196,3.75588,1493.99
2009,3.71916,3.72133,10675.1,217.31,3.84401,1493.97
2010,3.68342,3.68342,10675.1,217.217,3.74523,1493.99
2011,3.68342,3.7008,10675.1,217.252,3.80224,1493.98
2012,3.66572,3.66572,10675.1,217.17,3.71243,1493.99
2013,3.66572,3.6783,10675.1,217.246,3.7944,1493.98
2014,3.66451,3.66451,10675.1,217.155,3.7114,1493.99
2015,3.66399,3.66399,10675.1,217.246,3.80548,1493.98
2016,3.62893,3.62893,10675.1,217.147,3.69456,1494
2017,3.62893,3.6589,10675.1,217.223,3.77324,1493.98
2018,3.62893,3.63665,10675.1,217.112,3.67235,1494
2019,3.62893,3.63132,10675.1,217.231,3.78153,1493.98
2020,3.62042,3.62042,10675.1,217.127,3.67508,1494
2021,3.6086,3.6086,10675.1,217.185,3.73047,1493.99
2022,3.58735,3.58735,10675.1,217.105,3.6398,1494
2023,3.58735,3.60738,10675.1,217.126,3.67873,1494
2024,3.5791,3.5791,10675.1,217.068,3.61958,1494.01
2025,3.5791,3.59201,10675.1,217.133,3.67751,1494
2026,3.5599,3.5599,10675.1,217.057,3.6095,1494.01
2027,3.5599,3.57066,10675.1,217.119,3.67839,1494
2028,3.54465,3.54465,10675.1,217.027,3.58104,1494.01
2029,3.54465,3.55009,10675.1,217.131,3.68033,1494
2030,3.54453,3.54453,10675.1,217.034,3.5693,1494.01
2031,3.51833,3.51833,10675.1,217.136,3.66566,1494
2032,3.51833,3.52925,10675.1,217.031,3.57683,1494.01
2033,3.51833,3.53494,10675.1,217.107,3.65581,1494
2034,3.51143,3.51143,10675.1,217.001,3.55353,1494.02
2035,3.51143,3.51262,10675.1,217.065,3.62015,1494.01
2036,3.49896,3.49896,10675.1,216.973,3.52835,1494.02
2037,3.49455,3.49455,10675.1,217.032,3.57663,1494.01
2038,3.47885,3.47885,10675.1,216.959,3.51,1494.02
2039,3.47885,3.48346,10675.1,217.035,3.58656,1494.01
2040,3.46554,3.46554,10675.1,216.946,3.50059,1494.02
2041,3.46233,3.46233,10675.1,217.013,3.57626,1494.01
2042,3.44511,3.44511,10675.1,216.929,3.46691,1494.03
2043,3.44511,3.4469,10675.1,216.993,3.55158,1494.02
2044,3.43843,3.43843,10675.1,216.928,3.47959,1494.03
2045,3.42516,3.42516,10675.1,216.971,3.53984,1494.02
2046,3.42516,3.43303,10675.1,216.913,3.46826,1494.03
2047,3.42516,3.44025,10675.1,216.982,3.53615,1494.02
2048,3.42516,3.42521,10675.1,216.908,3.45094,1494.03
2049,3.40957,3.40957,10675.1,216.959,3.51496,1494.02
2050,3.39777,3.39777,10675.1,216.897,3.44798,1494.03
2051,3.39062,3.39062,10675.1,216.922,3.47363,1494.03
2052,3.3761,3.3761,10675.1,216.869,3.41764,1494.04
2053,3.3761,3.38682,10675.1,216.905,3.44312,1494.03
2054,3.36817,3.36817,10675.1,216.855,3.40125,1494.04
2055,3.35026,3.35026,10675.1,216.877,3.4337,1494.03
2056,3.3423,3.3423,10675.1,216.819,3.37754,1494.04
2057,3.3423,3.34662,10675.1,216.859,3.40013,1494.04
2058,3.32052,3.32052,10675.1,216.795,3.35194,1494.05
2059,3.31081,3.31081,10675.1,216.835,3.37031,1494.04
2060,3.30063,3.30063,10675.1,216.771,3.32926,1494.05
2061,3.30063,3.30166,10675.1,216.822,3.37212,1494.04
2062,3.27605,3.27605,10675.1,216.75,3.30676,1494.05
2063,3.27605,3.27921,10675.1,216.82,3.3673,1494.04
2064,3.26831,3.26831,10675.1,216.755,3.30508,1494.05
2065,3.25366,3.25366,10675.1,216.776,3.32596,1494.05
2066,3.24992,3.24992,10675.1,216.725,3.28332,1494.06
2067,3.24992,3.26092,10675.1,216.761,3.31532,1494.05
2068,3.22967,3.22967,10675.1,216.709,3.26223,1494.06
2069,3.22967,3.23819,10675.1,216.769,3.31694,1494.05
2070,3.22177,3.22177,10675.1,216.699,3.24854,1494.06
2071,3.20594,3.20594,10675.1,216.757,3.29601,1494.05
2072,3.19758,3.19758,10675.1,216.685,3.23059,1494.06
2073,3.19535,3.19535,10675.1,216.743,3.29751,1494.05
2074,3.17556,3.17556,10675.1,216.66,3.21369,1494.07
2075,3.15947,3.15947,10675.1,216.725,3.2614,1494.06
2076,3.1535,3.1535,10675.1,216.647,3.19121,1494.07
2077,3.1535,3.161,10675.1,216.713,3.25413,1494.06
2078,3.13175,3.13175,10675.1,216.623,3.17175,1494.07
2079,3.13175,3.13656,10675.1,216.712,3.24016,1494.06
2080,3.12086,3.12086,10675.1,216.613,3.15518,1494.07
2081,3.12086,3.13767,10675.1,216.699,3.22207,1494.06
2082,3.11,3.11,10675.1,216.621,3.13647,1494.07
2083,3.10478,3.10478,10675.1,216.641,3.17819,1494.07
2084,3.07998,3.07998,10675.1,216.569,3.11429,1494.08
2085,3.07114,3.07114,10675.1,216.624,3.17236,1494.07
2086,3.06208,3.06208,10675.1,216.545,3.09032,1494.08
2087,3.06208,3.074,10675.1,216.618,3.15257,1494.07
2088,3.04143,3.04143,10675.1,216.537,3.08298,1494.08
2089,3.0387,3.0387,10675.1,216.58,3.11218,1494.08
2090,3.02415,3.02415,10675.1,216.514,3.05556,1494.09
2091,3.00871,3.00871,10675.1,216.539,3.07883,1494.08
2092,3.0058,3.0058,10675.1,216.476,3.02926,1494.09
2093,2.98651,2.98651,10675.1,216.535,3.09355,1494.08
2094,2.97676,2.97676,10675.1,216.449,3.00328,1494.1
2095,2.96553,2.96553,10675.1,216.511,3.06296,1494.09
2096,2.94532,2.94532,10675.1,216.432,2.97715,1494.1
2097,2.94532,2.94644,10675.1,216.501,3.03555,1494.09
2098,2.9251,2.9251,10675.1,216.434,2.97542,1494.1
2099,2.9251,2.9393,10675.1,216.498,3.01954,1494.09
2100,2.9251,2.92601,10675.1,216.43,2.96642,1494.1
2101,2.92196,2.92196,10675.1,216.495,3.03628,1494.09
2102,2.91673,2.91673,10675.1,216.407,2.95022,1494.1
2103,2.91305,2.91305,10675.1,216.461,3.01918,1494.09
2104,2.89879,2.89879,10675.1,216.398,2.9441,1494.1
2105,2.89535,2.89535,10675.1,216.464,2.99863,1494.09
2106,2.89168,2.89168,10675.1,216.38,2.92792,1494.11
2107,2.89168,2.89374,10675.1,216.444,2.99475,1494.1
2108,2.86776,2.86776,10675.1,216.38,2.91048,1494.11
2109,2.86776,2.88455,10675.1,216.428,2.95326,1494.1
2110,2.86776,2.86908,10675.1,216.374,2.90127,1494.11
2111,2.85155,2.85155,10675.1,216.398,2.95013,1494.1
2112,2.85155,2.8748,10675.1,216.353,2.90066,1494.11
2113,2.84165,2.84165,10675.1,216.391,2.93573,1494.1
2114,2.84165,2.85187,10675.1,216.337,2.87601,1494.11
2115,2.82449,2.82449,10675.1,216.379,2.91607,1494.11
2116,2.82449,2.83097,10675.1,216.313,2.8625,1494.11
2117,2.82449,2.85516,10675.1,216.377,2.92162,1494.11
2118,2.82449,2.82978,10675.1,216.314,2.86427,1494.11
2119,2.81421,2.81421,10675.1,216.361,2.90456,1494.11
2120,2.8043,2.8043,10675.1,216.296,2.84096,1494.12
2121,2.8043,2.82536,10675.1,216.36,2.88672,1494.11
2122,2.79687,2.79687,10675.1,216.292,2.83765,1494.12
2123,2.79575,2.79575,10675.1,216.337,2.87426,1494.11
2124,2.78475,2.78475,10675.1,216.267,2.81554,1494.12
2125,2.78046,2.78046,10675.1,216.314,2.85093,1494.11
2126,2.76615,2.76615,10675.1,216.256,2.79614,1494.12
2127,2.74721,2.74721,10675.1,216.303,2.83429,1494.12
2128,2.74721,2.74789,10675.1,216.245,2.77542,1494.12
2129,2.74565,2.74565,10675.1,216.286,2.82419,1494.12
2130,2.71765,2.71765,10675.1,216.213,2.75444,1494.13
2131,2.71765,2.72208,10675.1,216.278,2.81774,1494.12
2132,2.70575,2.70575,10675.1,216.205,2.74135,1494.13
2133,2.69827,2.69827,10675.1,216.262,2.80625,1494.12
2134,2.69827,2.70489,10675.1,216.189,2.72326,1494.13
2135,2.69827,2.70825,10675.1,216.248,2.7879,1494.12
2136,2.69198,2.69198,10675.1,216.181,2.72036,1494.13
2137,2.67602,2.67602,10675.1,216.236,2.78774,1494.13
2138,2.67602,2.67677,10675.1,216.169,2.70721,1494.14
2139,2.67602,2.67996,10675.1,216.231,2.77833,1494.13
2140,2.66788,2.66788,10675.1,216.161,2.68847,1494.14
2141,2.66788,2.66973,10675.1,216.234,2.76986,1494.13
2142,2.6534,2.6534,10675.1,216.162,2.68713,1494.14
2143,2.63952,2.63952,10675.1,216.182,2.71466,1494.13
2144,2.63952,2.63986,10675.1,216.133,2.66678,1494.14
2145,2.63384,2.63384,10675.1,216.167,2.70655,1494.14
2146,2.62586,2.62586,10675.1,216.108,2.64905,1494.14
2147,2.62586,2.62616,10675.1,216.162,2.70725,1494.14
2148,2.60956,2.60956,10675.1,216.096,2.64308,1494.15
2149,2.59832,2.59832,10675.1,216.156,2.67934,1494.14
2150,2.59832,2.60158,10675.1,216.099,2.62707,1494.15
2151,2.59187,2.59187,10675.1,216.125,2.66302,1494.14
2152,2.57727,2.57727,10675.1,216.07,2.59911,1494.15
2153,2.57727,2.58055,10675.1,216.137,2.65785,1494.14
2154,2.56491,2.56491,10675.1,216.057,2.5958,1494.15
2155,2.56491,2.56562,10675.1,216.118,2.64476,1494.14
2156,2.55088,2.55088,10675.1,216.061,2.58335,1494.15
2157,2.55088,2.55798,10675.1,216.102,2.65112,1494.15
2158,2.54998,2.54998,10675.1,216.046,2.57989,1494.15
2159,2.54671,2.54671,10675.1,216.081,2.62383,1494.15
2160,2.53916,2.53916,10675.1,216.026,2.56233,1494.16
2161,2.53284,2.53284,10675.1,216.082,2.62621,1494.15
2162,2.52276,2.52276,10675.1,216.027,2.55223,1494.16
2163,2.52276,2.5246,10675.1,216.055,2.59365,1494.15
2164,2.50802,2.50802,10675.1,215.997,2.5363,1494.16
2165,2.50744,2.50744,10675.1,216.024,2.5679,1494.16
2166,2.49323,2.49323,10675.1,215.976,2.51778,1494.16
2167,2.48254,2.48254,10675.1,216.014,2.56185,1494.16
2168,2.48254,2.48868,10675.1,215.971,2.51188,1494.16
2169,2.47711,2.47711,10675.1,215.998,2.53277,1494.16
2170,2.45403,2.45403,10675.1,215.943,2.48229,1494.17
2171,2.45245,2.45245,10675.1,215.975,2.50452,1494.16
2172,2.44361,2.44361,10675.1,215.922,2.46471,1494.17
2173,2.43262,2.43262,10675.1,215.971,2.50888,1494.16
2174,2.42384,2.42384,10675.1,215.914,2.44564,1494.17
2175,2.42384,2.42597,10675.1,215.956,2.46704,1494.17
2176,2.39901,2.39901,10675.1,215.896,2.42687,1494.17
2177,2.39423,2.39423,10675.1,215.92,2.4518,1494.17
2178,2.37922,2.37922,10675.1,215.867,2.39829,1494.18
2179,2.35847,2.35847,10675.1,215.892,2.42809,1494.17
2180,2.352,2.352,10675.1,215.842,2.38135,1494.18
2181,2.352,2.35862,10675.1,215.886,2.4237,1494.18
2182,2.34748,2.34748,10675.1,215.834,2.37075,1494.18
2183,2.34748,2.3633,10675.1,215.884,2.41505,1494.18
2184,2.31713,2.31713,10675.1,215.833,2.35671,1494.18
2185,2.31713,2.33547,10675.1,215.872,2.39265,1494.18
2186,2.31713,2.32899,10675.1,215.827,2.36165,1494.18
2187,2.31669,2.31669,10675.1,215.857,2.38999,1494.18
2188,2.31133,2.31133,10675.1,215.802,2.34309,1494.19
2189,2.30855,2.30855,10675.1,215.856,2.37567,1494.18
2190,2.29092,2.29092,10675.1,215.783,2.31991,1494.19
2191,2.29092,2.29583,10675.1,215.829,2.36612,1494.18
2192,2.27643,2.27643,10675.1,215.77,2.30581,1494.19
2193,2.26629,2.26629,10675.1,215.808,2.33806,1494.19
2194,2.26629,2.26741,10675.1,215.762,2.2916,1494.19
2195,2.26629,2.27501,10675.1,215.806,2.32561,1494.19
2196,2.25778,2.25778,10675.1,215.758,2.28017,1494.19
2197,2.24278,2.24278,10675.1,215.804,2.32346,1494.19
2198,2.24278,2.24636,10675.1,215.737,2.27072,1494.2
2199,2.22954,2.22954,10675.1,215.786,2.32174,1494.19
2200,2.22954,2.23573,10675.1,215.735,2.26066,1494.2
2201,2.22954,2.23415,10675.1,215.762,2.29476,1494.19
2202,2.22384,2.22384,10675.1,215.716,2.24289,1494.2
2203,2.21748,2.21748,10675.1,215.747,2.27472,1494.2
2204,2.21182,2.21182,10675.1,215.701,2.23126,1494.2
2205,2.21086,2.21086,10675.1,215.744,2.28073,1494.2
2206,2.19742,2.19742,10675.1,215.69,2.22099,1494.2
2207,2.19103,2.19103,10675.1,215.726,2.25725,1494.2
2208,2.18026,2.18026,10675.1,215.669,2.20535,1494.21
2209,2.17707,2.17707,10675.1,215.713,2.24724,1494.2
2210,2.15772,2.15772,10675.1,215.661,2.18577,1494.21
2211,2.15772,2.17696,10675.1,215.686,2.22247,1494.2
2212,2.14773,2.14773,10675.1,215.63,2.1625,1494.21
2213,2.13029,2.13029,10675.1,215.672,2.20879,1494.21
2214,2.11861,2.11861,10675.1,215.616,2.14596,1494.21
2215,2.11861,2.11889,10675.1,215.642,2.17656,1494.21
2216,2.10793,2.10793,10675.1,215.594,2.12625,1494.22
2217,2.10282,2.10282,10675.1,215.633,2.16302,1494.21
2218,2.08692,2.08692,10675.1,215.577,2.1135,1494.22
2219,2.08431,2.08431,10675.1,215.614,2.13617,1494.21
2220,2.07352,2.07352,10675.1,215.563,2.09404,1494.22
2221,2.06797,2.06797,10675.1,215.614,2.12498,1494.21
2222,2.06318,2.06318,10675.1,215.55,2.08396,1494.22
2223,2.0561,2.0561,10675.1,215.584,2.1079,1494.22
2224,2.04319,2.04319,10675.1,215.54,2.07251,1494.23
2225,2.04083,2.04083,10675.1,215.569,2.09418,1494.22
2226,2.02913,2.02913,10675.1,215.529,2.05343,1494.23
2227,2.01826,2.01826,10675.1,215.551,2.07601,1494.22
2228,2.00356,2.00356,10675.1,215.513,2.03329,1494.23
2229,2.00356,2.00526,10675.1,215.539,2.06598,1494.23
2230,1.99193,1.99193,10675.1,215.478,2.00584,1494.23
2231,1.96265,1.96265,10675.1,215.51,2.0438,1494.23
2232,1.95887,1.95887,10675.1,215.461,1.98545,1494.24
2233,1.95181,1.95181,10675.1,215.484,2.01093,1494.23
2234,1.93812,1.93812,10675.1,215.435,1.9653,1494.24
2235,1.93812,1.9393,10675.1,215.454,1.98854,1494.24
2236,1.92214,1.92214,10675.1,215.409,1.94097,1494.24
2237,1.91577,1.91577,10675.1,215.434,1.96531,1494.24
2238,1.89394,1.89394,10675.1,215.387,1.9166,1494.25
2239,1.86623,1.86623,10675.1,215.421,1.95011,1494.24
2240,1.85063,1.85063,10675.1,215.358,1.88332,1494.25
2241,1.85063,1.85388,10675.1,215.383,1.91254,1494.25
2242,1.83777,1.83777,10675.1,215.328,1.85667,1494.26
2243,1.8226,1.8226,10675.1,215.384,1.90848,1494.25
2244,1.8226,1.82283,10675.1,215.324,1.84842,1494.26
2245,1.8226,1.82622,10675.1,215.364,1.88795,1494.25
2246,1.80442,1.80442,10675.1,215.307,1.83031,1494.26
2247,1.80442,1.81442,10675.1,215.344,1.86647,1494.25
2248,1.7988,1.7988,10675.1,215.304,1.82696,1494.26
2249,1.79017,1.79017,10675.1,215.319,1.8448,1494.26
2250,1.78206,1.78206,10675.1,215.281,1.80886,1494.26
2251,1.7728,1.7728,10675.1,215.299,1.82288,1494.26
2252,1.7699,1.7699,10675.1,215.261,1.79019,1494.27
2253,1.76777,1.76777,10675.1,215.288,1.81029,1494.26
2254,1.75686,1.75686,10675.1,215.253,1.77529,1494.27
2255,1.74045,1.74045,10675.1,215.278,1.79493,1494.26
2256,1.72906,1.72906,10675.1,215.228,1.75511,1494.27
2257,1.70003,1.70003,10675.1,215.254,1.77885,1494.27
2258,1.70003,1.70543,10675.1,215.206,1.73371,1494.27
2259,1.70003,1.70818,10675.1,215.232,1.75524,1494.27
2260,1.68906,1.68906,10675.1,215.189,1.71511,1494.28
2261,1.67832,1.67832,10675.1,215.212,1.737,1494.27
2262,1.65903,1.65903,10675.1,215.161,1.68162,1494.28
2263,1.64718,1.64718,10675.1,215.171,1.70346,1494.28
2264,1.63743,1.63743,10675.1,215.137,1.65524,1494.28
2265,1.62128,1.62128,10675.1,215.151,1.67392,1494.28
2266,1.61858,1.61858,10675.1,215.118,1.6436,1494.29
2267,1.61312,1.61312,10675.1,215.13,1.65934,1494.28
2268,1.60614,1.60614,10675.1,215.095,1.61979,1494.29
2269,1.59472,1.59472,10675.1,215.125,1.63778,1494.28
2270,1.58492,1.58492,10675.1,215.081,1.60564,1494.29
2271,1.58492,1.58519,10675.1,215.118,1.6291,1494.29
2272,1.57243,1.57243,10675.1,215.071,1.58871,1494.29
2273,1.57243,1.57573,10675.1,215.093,1.61714,1494.29
2274,1.55716,1.55716,10675.1,215.049,1.56948,1494.3
2275,1.53955,1.53955,10675.1,215.079,1.59722,1494.29
2276,1.52776,1.52776,10675.1,215.033,1.54641,1494.3
2277,1.51893,1.51893,10675.1,215.049,1.57118,1494.3
2278,1.51029,1.51029,10675.1,215.014,1.52826,1494.3
2279,1.50516,1.50516,10675.1,215.039,1.56174,1494.3
2280,1.50281,1.50281,10675.1,214.999,1.522,1494.3
2281,1.49201,1.49201,10675.1,215.031,1.55581,1494.3
2282,1.48831,1.48831,10675.1,214.992,1.51277,1494.3
2283,1.48831,1.49364,10675.1,215.02,1.53508,1494.3
2284,1.478,1.478,10675.1,214.983,1.49712,1494.3
2285,1.47342,1.47342,10675.1,215.008,1.52744,1494.3
2286,1.46139,1.46139,10675.1,214.968,1.48341,1494.31
2287,1.46139,1.46207,10675.1,214.999,1.51702,1494.3
2288,1.45646,1.45646,10675.1,214.955,1.47152,1494.31
2289,1.44914,1.44914,10675.1,215.001,1.51224,1494.3
2290,1.43202,1.43202,10675.1,214.942,1.46024,1494.31
2291,1.43202,1.44485,10675.1,214.969,1.49183,1494.31
2292,1.4286,1.4286,10675.1,214.937,1.45289,1494.31
2293,1.42748,1.42748,10675.1,214.961,1.47888,1494.31
2294,1.42453,1.42453,10675.1,214.929,1.4459,1494.31
2295,1.42094,1.42094,10675.1,214.944,1.46366,1494.31
2296,1.41213,1.41213,10675.1,214.914,1.42821,1494.31
2297,1.40016,1.40016,10675.1,214.929,1.4541,1494.31
2298,1.39549,1.39549,10675.1,214.899,1.41695,1494.32
2299,1.39549,1.39592,10675.1,214.933,1.45657,1494.31
2300,1.39206,1.39206,10675.1,214.9,1.41231,1494.32
2301,1.38225,1.38225,10675.1,214.925,1.44745,1494.31
2302,1.38225,1.38518,10675.1,214.893,1.40836,1494.32
2303,1.38225,1.38434,10675.1,214.91,1.42924,1494.32
2304,1.37401,1.37401,10675.1,214.873,1.39042,1494.32
2305,1.37394,1.37394,10675.1,214.897,1.41062,1494.32
2306,1.36443,1.36443,10675.1,214.86,1.38159,1494.32
2307,1.35593,1.35593,10675.1,214.89,1.40415,1494.32
2308,1.35324,1.35324,10675.1,214.852,1.36984,1494.32
2309,1.34363,1.34363,10675.1,214.87,1.38999,1494.32
2310,1.3403,1.3403,10675.1,214.834,1.35462,1494.33
2311,1.33304,1.33304,10675.1,214.859,1.37134,1494.32
2312,1.32803,1.32803,10675.1,214.828,1.34209,1494.33
2313,1.31338,1.31338,10675.1,214.837,1.35927,1494.33
2314,1.30533,1.30533,10675.1,214.807,1.32819,1494.33
2315,1.30438,1.30438,10675.1,214.825,1.34103,1494.33
2316,1.28791,1.28791,10675.1,214.79,1.30854,1494.33
2317,1.27974,1.27974,10675.1,214.81,1.3223,1494.33
2318,1.27236,1.27236,10675.1,214.774,1.29039,1494.33
2319,1.27167,1.27167,10675.1,214.783,1.30001,1494.33
2320,1.25805,1.25805,10675.1,214.753,1.2736,1494.34
2321,1.25104,1.25104,10675.1,214.772,1.28972,1494.34
2322,1.24404,1.24404,10675.1,214.741,1.26178,1494.34
2323,1.24404,1.24743,10675.1,214.765,1.27512,1494.34
2324,1.23035,1.23035,10675.1,214.731,1.24674,1494.34
2325,1.23035,1.23054,10675.1,214.746,1.26319,1494.34
2326,1.21545,1.21545,10675.1,214.714,1.2303,1494.34
2327,1.20337,1.20337,10675.1,214.729,1.24624,1494.34
2328,1.20337,1.20457,10675.1,214.704,1.2199,1494.34
2329,1.18907,1.18907,10675.1,214.709,1.22393,1494.34
2330,1.18124,1.18124,10675.1,214.683,1.20039,1494.35
2331,1.17538,1.17538,10675.1,214.691,1.20878,1494.35
2332,1.1616,1.1616,10675.1,214.663,1.18255,1494.35
2333,1.15959,1.15959,10675.1,214.687,1.1966,1494.35
2334,1.14789,1.14789,10675.1,214.653,1.16694,1494.35
2335,1.14767,1.14767,10675.1,214.67,1.18361,1494.35
2336,1.13425,1.13425,10675.1,214.638,1.14983,1494.35
2337,1.13425,1.14296,10675.1,214.662,1.17471,1494.35
2338,1.12243,1.12243,10675.1,214.627,1.13779,1494.36
2339,1.11667,1.11667,10675.1,214.647,1.16648,1494.35
2340,1.10815,1.10815,10675.1,214.616,1.1297,1494.36
2341,1.10815,1.11428,10675.1,214.634,1.14942,1494.35
2342,1.1016,1.1016,10675.1,214.602,1.11361,1494.36
2343,1.08021,1.08021,10675.1,214.615,1.13061,1494.36
2344,1.08021,1.08458,10675.1,214.587,1.09995,1494.36
2345,1.08021,1.08432,10675.1,214.607,1.12124,1494.36
2346,1.07716,1.07716,10675.1,214.573,1.08768,1494.36
2347,1.07716,1.08007,10675.1,214.607,1.11644,1494.36
2348,1.0658,1.0658,10675.1,214.572,1.08631,1494.36
2349,1.0577,1.0577,10675.1,214.586,1.10548,1494.36
2350,1.05414,1.05414,10675.1,214.565,1.07537,1494.36
2351,1.05414,1.05953,10675.1,214.574,1.08186,1494.36
2352,1.04968,1.04968,10675.1,214.546,1.06101,1494.37
2353,1.03919,1.03919,10675.1,214.562,1.07346,1494.37
2354,1.03186,1.03186,10675.1,214.533,1.04957,1494.37
2355,1.02468,1.02468,10675.1,214.548,1.05973,1494.37
2356,1.02411,1.02411,10675.1,214.523,1.03868,1494.37
2357,1.02051,1.02051,10675.1,214.537,1.05079,1494.37
2358,1.0143,1.0143,10675.1,214.51,1.02568,1494.37
2359,1.0133,1.0133,10675.1,214.528,1.04536,1494.37
2360,1.00249,1.00249,10675.1,214.504,1.01836,1494.37
2361,0.996693,0.996693,10675.1,214.517,1.03068,1494.37
2362,0.988916,0.988916,10675.1,214.49,1.00322,1494.38
2363,0.986492,0.986492,10675.1,214.505,1.01835,1494.37
2364,0.978863,0.978863,10675.1,214.476,0.990213,1494.38
2365,0.965408,0.965408,10675.1,214.487,0.998026,1494.38
2366,0.95951,0.95951,10675.1,214.46,0.974121,1494.38
2367,0.955518,0.955518,10675.1,214.475,0.990195,1494.38
2368,0.949482,0.949482,10675.1,214.448,0.961156,1494.38
2369,0.942059,0.942059,10675.1,214.471,0.984692,1494.38
2370,0.942059,0.942982,10675.1,214.445,0.95503,1494.38
2371,0.938655,0.938655,10675.1,214.47,0.977485,1494.38
2372,0.935548,0.935548,10675.1,214.44,0.948105,1494.38
2373,0.927228,0.927228,10675.1,214.452,0.963322,1494.38
2374,0.924625,0.924625,10675.1,214.431,0.939259,1494.38
2375,0.922546,0.922546,10675.1,214.441,0.951645,1494.38
2376,0.916428,0.916428,10675.1,214.418,0.928257,1494.39
2377,0.912331,0.912331,10675.1,214.434,0.940658,1494.38
2378,0.906559,0.906559,10675.1,214.407,0.919391,1494.39
2379,0.906014,0.906014,10675.1,214.423,0.937029,1494.38
2380,0.898298,0.898298,10675.1,214.397,0.910619,1494.39
2381,0.898298,0.901704,10675.1,214.418,0.925177,1494.39
2382,0.891389,0.891389,10675.1,214.39,0.901501,1494.39
2383,0.886544,0.886544,10675.1,214.409,0.91762,1494.39
2384,0.882981,0.882981,10675.1,214.386,0.894339,1494.39
2385,0.881033,0.881033,10675.1,214.401,0.909092,1494.39
2386,0.876055,0.876055,10675.1,214.377,0.886985,1494.39
2387,0.872505,0.872505,10675.1,214.389,0.894332,1494.39
2388,0.86212,0.86212,10675.1,214.368,0.876987,1494.39
2389,0.861253,0.861253,10675.1,214.383,0.891103,1494.39
2390,0.856712,0.856712,10675.1,214.358,0.869364,1494.39
2391,0.850337,0.850337,10675.1,214.373,0.886558,1494.39
2392,0.847634,0.847634,10675.1,214.353,0.860132,1494.39
2393,0.847634,0.852824,10675.1,214.367,0.879798,1494.39
2394,0.843088,0.843088,10675.1,214.344,0.852756,1494.4
2395,0.843088,0.844213,10675.1,214.365,0.877247,1494.39
2396,0.838609,0.838609,10675.1,214.339,0.847324,1494.4
2397,0.836846,0.836846,10675.1,214.35,0.861521,1494.4
2398,0.830921,0.830921,10675.1,214.329,0.840263,1494.4
2399,0.830921,0.834202,10675.1,214.351,0.86016,1494.4
2400,0.824178,0.824178,10675.1,214.324,0.835759,1494.4
2401,0.815981,0.815981,10675.1,214.345,0.854997,1494.4
2402,0.813929,0.813929,10675.1,214.318,0.82743,1494.4
2403,0.813929,0.814408,10675.1,214.335,0.842466,1494.4
2404,0.806236,0.806236,10675.1,214.309,0.820836,1494.4
2405,0.80165,0.80165,10675.1,214.337,0.840792,1494.4
2406,0.798794,0.798794,10675.1,214.311,0.813099,1494.4
2407,0.795145,0.795145,10675.1,214.328,0.833503,1494.4
2408,0.787995,0.787995,10675.1,214.296,0.800961,1494.4
2409,0.785221,0.785221,10675.1,214.316,0.823985,1494.4
2410,0.779027,0.779027,10675.1,214.286,0.789409,1494.4
2411,0.774401,0.774401,10675.1,214.299,0.808391,1494.4
2412,0.774401,0.774575,10675.1,214.283,0.788983,1494.4
2413,0.773659,0.773659,10675.1,214.295,0.806513,1494.4
2414,0.767105,0.767105,10675.1,214.272,0.779934,1494.41
2415,0.761374,0.761374,10675.1,214.293,0.805527,1494.4
2416,0.761374,0.765829,10675.1,214.266,0.775271,1494.41
2417,0.758144,0.758144,10675.1,214.296,0.802536,1494.4
2418,0.758144,0.761675,10675.1,214.264,0.770112,1494.41
2419,0.758144,0.761061,10675.1,214.292,0.799522,1494.4
2420,0.756826,0.756826,10675.1,214.263,0.768164,1494.41
2421,0.756826,0.760998,10675.1,214.287,0.797819,1494.4
2422,0.747036,0.747036,10675.1,214.255,0.763425,1494.41
2423,0.747036,0.759096,10675.1,214.28,0.787634,1494.41
2424,0.743765,0.743765,10675.1,214.252,0.759907,1494.41
2425,0.743765,0.746797,10675.1,214.281,0.788456,1494.41
2426,0.743765,0.744659,10675.1,214.254,0.758757,1494.41
2427,0.743765,0.745134,10675.1,214.277,0.786165,1494.41
2428,0.73768,0.73768,10675.1,214.25,0.753487,1494.41
2429,0.736773,0.736773,10675.1,214.255,0.76363,1494.41
2430,0.731292,0.731292,10675.1,214.232,0.740289,1494.41
2431,0.729904,0.729904,10675.1,214.251,0.755534,1494.41
2432,0.720771,0.720771,10675.1,214.226,0.732856,1494.41
2433,0.720771,0.723896,10675.1,214.244,0.753515,1494.41
2434,0.719232,0.719232,10675.1,214.219,0.727104,1494.41
2435,0.713074,0.713074,10675.1,214.242,0.75393,1494.41
2436,0.713074,0.713667,10675.1,214.223,0.725516,1494.41
2437,0.713074,0.714217,10675.1,214.232,0.743282,1494.41
2438,0.709733,0.709733,10675.1,214.218,0.725387,1494.41
2439,0.709733,0.713255,10675.1,214.225,0.73313,1494.41
2440,0.706926,0.706926,10675.1,214.205,0.715941,1494.42
2441,0.705932,0.705932,10675.1,214.226,0.733555,1494.41
2442,0.701505,0.701505,10675.1,214.2,0.708756,1494.42
2443,0.701505,0.707644,10675.1,214.232,0.731106,1494.41
2444,0.696536,0.696536,10675.1,214.204,0.708334,1494.42
2445,0.696536,0.704193,10675.1,214.22,0.731341,1494.41
2446,0.695644,0.695644,10675.1,214.202,0.710025,1494.42
2447,0.694671,0.694671,10675.1,214.209,0.716511,1494.42
2448,0.692434,0.692434,10675.1,214.195,0.70133,1494.42
2449,0.692434,0.69257,10675.1,214.206,0.716524,1494.42
2450,0.685212,0.685212,10675.1,214.187,0.694118,1494.42
2451,0.679457,0.679457,10675.1,214.201,0.705579,1494.42
2452,0.677626,0.677626,10675.1,214.185,0.68774,1494.42
2453,0.676792,0.676792,10675.1,214.193,0.703696,1494.42
2454,0.673743,0.673743,10675.1,214.176,0.681098,1494.42
2455,0.672536,0.672536,10675.1,214.188,0.693727,1494.42
2456,0.665159,0.665159,10675.1,214.171,0.675258,1494.42
2457,0.665159,0.665687,10675.1,214.185,0.692793,1494.42
2458,0.661391,0.661391,10675.1,214.17,0.675898,1494.42
2459,0.661391,0.665026,10675.1,214.177,0.683659,1494.42
2460,0.658649,0.658649,10675.1,214.159,0.667184,1494.42
2461,0.655437,0.655437,10675.1,214.17,0.677058,1494.42
2462,0.647069,0.647069,10675.1,214.153,0.658332,1494.42
2463,0.642268,0.642268,10675.1,214.159,0.665588,1494.42
2464,0.640634,0.640634,10675.1,214.144,0.652676,1494.42
2465,0.640634,0.641645,10675.1,214.153,0.661946,1494.42
2466,0.637035,0.637035,10675.1,214.138,0.646892,1494.43
2467,0.636964,0.636964,10675.1,214.15,0.659496,1494.42
2468,0.632742,0.632742,10675.1,214.137,0.643686,1494.43
2469,0.632742,0.633891,10675.1,214.151,0.655935,1494.42
2470,0.628321,0.628321,10675.1,214.132,0.64052,1494.43
2471,0.628321,0.630044,10675.1,214.144,0.64876,1494.42
2472,0.625023,0.625023,10675.1,214.128,0.634703,1494.43
2473,0.625023,0.62961,10675.1,214.144,0.647681,1494.42
2474,0.621419,0.621419,10675.1,214.122,0.630301,1494.43
2475,0.617033,0.617033,10675.1,214.139,0.647935,1494.43
2476,0.617033,0.619338,10675.1,214.12,0.62883,1494.43
2477,0.617033,0.621661,10675.1,214.14,0.645579,1494.43
2478,0.615841,0.615841,10675.1,214.12,0.623818,1494.43
2479,0.608047,0.608047,10675.1,214.131,0.641169,1494.43
2480,0.608047,0.608764,10675.1,214.115,0.619325,1494.43
2481,0.608047,0.612794,10675.1,214.124,0.632074,1494.43
2482,0.607387,0.607387,10675.1,214.111,0.616261,1494.43
2483,0.602457,0.602457,10675.1,214.115,0.62046,1494.43
2484,0.600374,0.600374,10675.1,214.1,0.60755,1494.43
2485,0.593817,0.593817,10675.1,214.107,0.613939,1494.43
2486,0.590978,0.590978,10675.1,214.089,0.598125,1494.43
2487,0.588625,0.588625,10675.1,214.102,0.608121,1494.43
2488,0.58578,0.58578,10675.1,214.087,0.592005,1494.43
2489,0.583205,0.583205,10675.1,214.097,0.602987,1494.43
2490,0.580125,0.580125,10675.1,214.082,0.587134,1494.43
2491,0.580125,0.58193,10675.1,214.092,0.600834,1494.43
2492,0.572694,0.572694,10675.1,214.078,0.584483,1494.43
2493,0.572694,0.573209,10675.1,214.085,0.58981,1494.43
2494,0.569997,0.569997,10675.1,214.071,0.576101,1494.44
2495,0.569997,0.570472,10675.1,214.079,0.582898,1494.43
2496,0.564894,0.564894,10675.1,214.066,0.573028,1494.44
2497,0.561893,0.561893,10675.1,214.074,0.579247,1494.43
2498,0.559276,0.559276,10675.1,214.061,0.566883,1494.44
2499,0.554515,0.554515,10675.1,214.07,0.576913,1494.44
2500,0.553939,0.553939,10675.1,214.054,0.559005,1494.44
2501,0.547912,0.547912,10675.1,214.064,0.569223,1494.44
2502,0.545649,0.545649,10675.1,214.046,0.553156,1494.44
2503,0.545649,0.546171,10675.1,214.062,0.568372,1494.44
2504,0.540297,0.540297,10675.1,214.043,0.549639,1494.44
2505,0.534345,0.534345,10675.1,214.06,0.566067,1494.44
2506,0.533952,0.533952,10675.1,214.038,0.544796,1494.44
2507,0.533952,0.534123,10675.1,214.051,0.56022,1494.44
2508,0.531104,0.531104,10675.1,214.037,0.541657,1494.44
2509,0.52936,0.52936,10675.1,214.042,0.546111,1494.44
2510,0.524777,0.524777,10675.1,214.028,0.533705,1494.44
2511,0.522013,0.522013,10675.1,214.038,0.544525,1494.44
2512,0.519285,0.519285,10675.1,214.024,0.526653,1494.44
2513,0.515141,0.515141,10675.1,214.03,0.537214,1494.44
2514,0.515141,0.515562,10675.1,214.018,0.523618,1494.44
2515,0.51141,0.51141,10675.1,214.027,0.531038,1494.44
2516,0.511373,0.511373,10675.1,214.015,0.520081,1494.44
2517,0.507147,0.507147,10675.1,214.018,0.521813,1494.44
2518,0.506205,0.506205,10675.1,214.006,0.512321,1494.44
2519,0.504622,0.504622,10675.1,214.018,0.522396,1494.44
2520,0.503009,0.503009,10675.1,214.003,0.509728,1494.44
2521,0.503009,0.506952,10675.1,214.019,0.522522,1494.44
2522,0.500652,0.500652,10675.1,214.004,0.507439,1494.44
2523,0.499004,0.499004,10675.1,214.014,0.518544,1494.44
2524,0.497786,0.497786,10675.1,213.999,0.503833,1494.45
2525,0.490366,0.490366,10675.1,214.01,0.515623,1494.44
2526,0.490366,0.491428,10675.1,213.994,0.496816,1494.45
2527,0.490366,0.491706,10675.1,214.004,0.507354,1494.44
2528,0.484717,0.484717,10675.1,213.988,0.491855,1494.45
2529,0.483779,0.483779,10675.1,214.001,0.50788,1494.45
2530,0.480082,0.480082,10675.1,213.986,0.488803,1494.45
2531,0.478041,0.478041,10675.1,213.993,0.49785,1494.45
2532,0.474155,0.474155,10675.1,213.979,0.482921,1494.45
2533,0.470502,0.470502,10675.1,213.983,0.487647,1494.45
2534,0.468362,0.468362,10675.1,213.971,0.475465,1494.45
2535,0.468362,0.468472,10675.1,213.982,0.486631,1494.45
2536,0.466534,0.466534,10675.1,213.966,0.471159,1494.45
2537,0.466534,0.466576,10675.1,213.978,0.481953,1494.45
2538,0.462182,0.462182,10675.1,213.965,0.468564,1494.45
2539,0.460343,0.460343,10675.1,213.97,0.475514,1494.45
2540,0.457649,0.457649,10675.1,213.959,0.463445,1494.45
2541,0.457438,0.457438,10675.1,213.967,0.470241,1494.45
2542,0.453384,0.453384,10675.1,213.954,0.45887,1494.45
2543,0.453384,0.455387,10675.1,213.963,0.469571,1494.45
2544,0.448524,0.448524,10675.1,213.949,0.455176,1494.45
2545,0.445094,0.445094,10675.1,213.958,0.461863,1494.45
2546,0.442034,0.442034,10675.1,213.945,0.449078,1494.45
2547,0.440783,0.440783,10675.1,213.953,0.456361,1494.45
2548,0.437495,0.437495,10675.1,213.937,0.442456,1494.45
2549,0.437495,0.43782,10675.1,213.951,0.455008,1494.45
2550,0.433485,0.433485,10675.1,213.936,0.438688,1494.45
2551,0.433485,0.434957,10675.1,213.948,0.44953,1494.45
2552,0.427554,0.427554,10675.1,213.932,0.435735,1494.46
2553,0.427554,0.428508,10675.1,213.936,0.442009,1494.45
2554,0.425065,0.425065,10675.1,213.926,0.430335,1494.46
2555,0.422225,0.422225,10675.1,213.935,0.438754,1494.45
2556,0.421505,0.421505,10675.1,213.922,0.426278,1494.46
2557,0.421505,0.421994,10675.1,213.932,0.437182,1494.46
2558,0.417798,0.417798,10675.1,213.919,0.422996,1494.46
2559,0.417641,0.417641,10675.1,213.926,0.431087,1494.46
2560,0.414931,0.414931,10675.1,213.915,0.420416,1494.46
2561,0.411438,0.411438,10675.1,213.924,0.428542,1494.46
2562,0.410857,0.410857,10675.1,213.913,0.416283,1494.46
2563,0.410509,0.410509,10675.1,213.924,0.427285,1494.46
2564,0.408648,0.408648,10675.1,213.911,0.414463,1494.46
2565,0.408648,0.409683,10675.1,213.918,0.421916,1494.46
2566,0.404157,0.404157,10675.1,213.907,0.41185,1494.46
2567,0.404157,0.404318,10675.1,213.913,0.416219,1494.46
2568,0.400424,0.400424,10675.1,213.901,0.405213,1494.46
2569,0.399493,0.399493,10675.1,213.91,0.413107,1494.46
2570,0.3959,0.3959,10675.1,213.897,0.402477,1494.46
2571,0.3959,0.396078,10675.1,213.91,0.412191,1494.46
2572,0.394085,0.394085,10675.1,213.896,0.398439,1494.46
2573,0.393595,0.393595,10675.1,213.905,0.409682,1494.46
2574,0.391068,0.391068,10675.1,213.894,0.39636,1494.46
2575,0.391068,0.391706,10675.1,213.9,0.402926,1494.46
2576,0.388028,0.388028,10675.1,213.891,0.39345,1494.46
2577,0.388028,0.389508,10675.1,213.896,0.399529,1494.46
2578,0.387451,0.387451,10675.1,213.888,0.392023,1494.46
2579,0.386549,0.386549,10675.1,213.892,0.397602,1494.46
2580,0.380298,0.380298,10675.1,213.884,0.388356,1494.46
2581,0.380298,0.381568,10675.1,213.887,0.39109,1494.46
2582,0.37776,0.37776,10675.1,213.881,0.384714,1494.46
2583,0.37776,0.378263,10675.1,213.885,0.386977,1494.46
2584,0.374888,0.374888,10675.1,213.876,0.38119,1494.46
2585,0.374649,0.374649,10675.1,213.88,0.384571,1494.46
2586,0.37097,0.37097,10675.1,213.873,0.376898,1494.46
2587,0.369203,0.369203,10675.1,213.877,0.380147,1494.46
2588,0.368819,0.368819,10675.1,213.871,0.374055,1494.46
2589,0.367064,0.367064,10675.1,213.875,0.377009,1494.46
2590,0.366526,0.366526,10675.1,213.869,0.372368,1494.46
2591,0.366032,0.366032,10675.1,213.872,0.374869,1494.46
2592,0.363524,0.363524,10675.1,213.867,0.368727,1494.46
2593,0.360284,0.360284,10675.1,213.87,0.373096,1494.46
2594,0.360284,0.360303,10675.1,213.862,0.36626,1494.46
2595,0.360084,0.360084,10675.1,213.866,0.369212,1494.46
2596,0.358592,0.358592,10675.1,213.86,0.362762,1494.47
2597,0.355418,0.355418,10675.1,213.862,0.365099,1494.47
2598,0.355418,0.356019,10675.1,213.856,0.360542,1494.47
2599,0.35355,0.35355,10675.1,213.863,0.365223,1494.46
2600,0.352808,0.352808,10675.1,213.854,0.357516,1494.47
2601,0.352356,0.352356,10675.1,213.856,0.360121,1494.47
2602,0.350408,0.350408,10675.1,213.851,0.355054,1494.47
2603,0.348488,0.348488,10675.1,213.855,0.357207,1494.47
2604,0.346951,0.346951,10675.1,213.848,0.35253,1494.47
2605,0.34479,0.34479,10675.1,213.851,0.353761,1494.47
2606,0.341925,0.341925,10675.1,213.843,0.346607,1494.47
2607,0.33948,0.33948,10675.1,213.846,0.348109,1494.47
2608,0.337284,0.337284,10675.1,213.838,0.341764,1494.47
2609,0.336666,0.336666,10675.1,213.841,0.343722,1494.47
2610,0.333944,0.333944,10675.1,213.834,0.337915,1494.47
2611,0.331107,0.331107,10675.1,213.839,0.340073,1494.47
2612,0.330527,0.330527,10675.1,213.834,0.334889,1494.47
2613,0.328363,0.328363,10675.1,213.834,0.337255,1494.47
2614,0.325402,0.325402,10675.1,213.83,0.33074,1494.47
2615,0.325402,0.326802,10675.1,213.835,0.336558,1494.47
2616,0.323685,0.323685,10675.1,213.825,0.328808,1494.47
2617,0.323685,0.324891,10675.1,213.832,0.33413,1494.47
2618,0.321569,0.321569,10675.1,213.825,0.327658,1494.47
2619,0.320825,0.320825,10675.1,213.825,0.328394,1494.47
2620,0.318888,0.318888,10675.1,213.82,0.323168,1494.47
2621,0.317496,0.317496,10675.1,213.822,0.324878,1494.47
2622,0.314692,0.314692,10675.1,213.817,0.320131,1494.47
2623,0.313876,0.313876,10675.1,213.82,0.323185,1494.47
2624,0.311821,0.311821,10675.1,213.813,0.317174,1494.47
2625,0.310443,0.310443,10675.1,213.815,0.317024,1494.47
2626,0.307752,0.307752,10675.1,213.809,0.312988,1494.47
2627,0.307752,0.309102,10675.1,213.813,0.316877,1494.47
2628,0.306532,0.306532,10675.1,213.808,0.310675,1494.47
2629,0.306532,0.307314,10675.1,213.812,0.313902,1494.47
2630,0.301858,0.301858,10675.1,213.806,0.308196,1494.47
2631,0.301858,0.30602,10675.1,213.81,0.312211,1494.47
2632,0.301858,0.301955,10675.1,213.804,0.306772,1494.47
2633,0.30164,0.30164,10675.1,213.809,0.310816,1494.47
2634,0.299884,0.299884,10675.1,213.802,0.305911,1494.47
2635,0.298188,0.298188,10675.1,213.807,0.308256,1494.47
2636,0.297947,0.297947,10675.1,213.799,0.301063,1494.47
2637,0.297947,0.299058,10675.1,213.807,0.308266,1494.47
2638,0.294227,0.294227,10675.1,213.795,0.297914,1494.47
2639,0.293936,0.293936,10675.1,213.805,0.305593,1494.47
2640,0.290959,0.290959,10675.1,213.795,0.294706,1494.47
2641,0.28849,0.28849,10675.1,213.801,0.303915,1494.47
2642,0.28849,0.289149,10675.1,213.794,0.295027,1494.47
2643,0.288219,0.288219,10675.1,213.797,0.298525,1494.47
2644,0.286432,0.286432,10675.1,213.789,0.290549,1494.48
2645,0.286432,0.286452,10675.1,213.796,0.300257,1494.47
2646,0.284817,0.284817,10675.1,213.786,0.288038,1494.48
2647,0.284817,0.285639,10675.1,213.797,0.296841,1494.47
2648,0.282171,0.282171,10675.1,213.787,0.285855,1494.48
2649,0.282171,0.282452,10675.1,213.792,0.294582,1494.47
2650,0.279845,0.279845,10675.1,213.782,0.28391,1494.48
2651,0.278588,0.278588,10675.1,213.788,0.289677,1494.48
2652,0.27713,0.27713,10675.1,213.779,0.280614,1494.48
2653,0.27713,0.277606,10675.1,213.786,0.28881,1494.48
2654,0.274245,0.274245,10675.1,213.778,0.279086,1494.48
2655,0.274245,0.275178,10675.1,213.785,0.28668,1494.48
2656,0.273092,0.273092,10675.1,213.776,0.277091,1494.48
2657,0.273092,0.273622,10675.1,213.782,0.284105,1494.48
2658,0.271838,0.271838,10675.1,213.773,0.274923,1494.48
2659,0.270522,0.270522,10675.1,213.777,0.277285,1494.48
2660,0.268789,0.268789,10675.1,213.772,0.27392,1494.48
2661,0.268094,0.268094,10675.1,213.774,0.275647,1494.48
2662,0.265788,0.265788,10675.1,213.767,0.269867,1494.48
2663,0.265788,0.265956,10675.1,213.772,0.272655,1494.48
2664,0.263981,0.263981,10675.1,213.765,0.267241,1494.48
2665,0.263918,0.263918,10675.1,213.771,0.272534,1494.48
2666,0.262829,0.262829,10675.1,213.764,0.265669,1494.48
2667,0.262829,0.264673,10675.1,213.769,0.271445,1494.48
2668,0.260585,0.260585,10675.1,213.762,0.26363,1494.48
2669,0.259941,0.259941,10675.1,213.77,0.272142,1494.48
2670,0.259787,0.259787,10675.1,213.761,0.262626,1494.48
2671,0.259787,0.260565,10675.1,213.768,0.269585,1494.48
2672,0.258038,0.258038,10675.1,213.76,0.262591,1494.48
2673,0.258038,0.258178,10675.1,213.77,0.270062,1494.48
2674,0.256546,0.256546,10675.1,213.762,0.259804,1494.48
2675,0.256261,0.256261,10675.1,213.766,0.267085,1494.48
2676,0.255523,0.255523,10675.1,213.76,0.25851,1494.48
2677,0.254894,0.254894,10675.1,213.764,0.266215,1494.48
2678,0.254894,0.255071,10675.1,213.757,0.259229,1494.48
2679,0.254894,0.256279,10675.1,213.763,0.263973,1494.48
2680,0.254602,0.254602,10675.1,213.756,0.257634,1494.48
2681,0.253268,0.253268,10675.1,213.761,0.260939,1494.48
2682,0.253268,0.253319,10675.1,213.754,0.256465,1494.48
2683,0.253268,0.253494,10675.1,213.759,0.261039,1494.48
2684,0.251965,0.251965,10675.1,213.754,0.255053,1494.48
2685,0.251414,0.251414,10675.1,213.756,0.257764,1494.48
2686,0.249548,0.249548,10675.1,213.752,0.252396,1494.48
2687,0.248163,0.248163,10675.1,213.753,0.254505,1494.48
2688,0.245581,0.245581,10675.1,213.748,0.249154,1494.48
2689,0.245581,0.247526,10675.1,213.753,0.253565,1494.48
2690,0.245025,0.245025,10675.1,213.747,0.248747,1494.48
2691,0.243714,0.243714,10675.1,213.75,0.24971,1494.48
2692,0.24192,0.24192,10675.1,213.744,0.245564,1494.48
2693,0.24192,0.242613,10675.1,213.748,0.24855,1494.48
2694,0.240991,0.240991,10675.1,213.742,0.243909,1494.48
2695,0.239641,0.239641,10675.1,213.746,0.247689,1494.48
2696,0.239514,0.239514,10675.1,213.741,0.24162,1494.48
2697,0.238963,0.238963,10675.1,213.744,0.246195,1494.48
2698,0.237866,0.237866,10675.1,213.739,0.240945,1494.48
2699,0.237083,0.237083,10675.1,213.743,0.244453,1494.48
2700,0.236018,0.236018,10675.1,213.737,0.239972,1494.48
2701,0.235678,0.235678,10675.1,213.739,0.240696,1494.48
2702,0.234211,0.234211,10675.1,213.735,0.23715,1494.48
2703,0.231739,0.231739,10675.1,213.736,0.238062,1494.48
2704,0.231739,0.232347,10675.1,213.734,0.23548,1494.48
2705,0.231459,0.231459,10675.1,213.734,0.234864,1494.48
2706,0.229878,0.229878,10675.1,213.732,0.233662,1494.48
2707,0.229147,0.229147,10675.1,213.733,0.233586,1494.48
2708,0.226956,0.226956,10675.1,213.73,0.23249,1494.48
2709,0.226714,0.226714,10675.1,213.73,0.2323,1494.48
2710,0.226333,0.226333,10675.1,213.729,0.230552,1494.48
2711,0.225497,0.225497,10675.1,213.729,0.230359,1494.48
2712,0.223394,0.223394,10675.1,213.726,0.227949,1494.48
2713,0.222717,0.222717,10675.1,213.726,0.226388,1494.48
2714,0.222009,0.222009,10675.1,213.724,0.22567,1494.48
2715,0.221492,0.221492,10675.1,213.724,0.224829,1494.48
2716,0.221394,0.221394,10675.1,213.724,0.224978,1494.48
2717,0.219574,0.219574,10675.1,213.723,0.22511,1494.48
2718,0.219241,0.219241,10675.1,213.721,0.222681,1494.49
2719,0.217357,0.217357,10675.1,213.722,0.223642,1494.48
2720,0.216956,0.216956,10675.1,213.719,0.220566,1494.49
2721,0.216824,0.216824,10675.1,213.721,0.221637,1494.49
2722,0.21478,0.21478,10675.1,213.716,0.217805,1494.49
2723,0.212155,0.212155,10675.1,213.719,0.219761,1494.49
2724,0.212155,0.212835,10675.1,213.713,0.214856,1494.49
2725,0.212155,0.212589,10675.1,213.718,0.218957,1494.49
2726,0.210457,0.210457,10675.1,213.712,0.213508,1494.49
2727,0.210457,0.211624,10675.1,213.717,0.217573,1494.49
2728,0.210258,0.210258,10675.1,213.711,0.21235,1494.49
2729,0.209869,0.209869,10675.1,213.717,0.217478,1494.49
2730,0.209013,0.209013,10675.1,213.71,0.211631,1494.49
2731,0.208663,0.208663,10675.1,213.716,0.216797,1494.49
2732,0.207949,0.207949,10675.1,213.71,0.210801,1494.49
2733,0.206626,0.206626,10675.1,213.716,0.216993,1494.49
2734,0.206091,0.206091,10675.1,213.709,0.209156,1494.49
2735,0.20508,0.20508,10675.1,213.712,0.21263,1494.49
2736,0.204215,0.204215,10675.1,213.706,0.207223,1494.49
2737,0.203965,0.203965,10675.1,213.71,0.212264,1494.49
2738,0.202352,0.202352,10675.1,213.703,0.204427,1494.49
2739,0.200498,0.200498,10675.1,213.708,0.207771,1494.49
2740,0.1994,0.1994,10675.1,213.701,0.202304,1494.49
2741,0.1994,0.20053,10675.1,213.708,0.208392,1494.49
2742,0.197783,0.197783,10675.1,213.7,0.201194,1494.49
2743,0.196247,0.196247,10675.1,213.705,0.205323,1494.49
2744,0.195935,0.195935,10675.1,213.7,0.198863,1494.49
2745,0.195758,0.195758,10675.1,213.703,0.205176,1494.49
2746,0.194689,0.194689,10675.1,213.697,0.197823,1494.49
2747,0.194605,0.194605,10675.1,213.701,0.200962,1494.49
2748,0.193002,0.193002,10675.1,213.695,0.196123,1494.49
2749,0.193002,0.193104,10675.1,213.699,0.199965,1494.49
2750,0.192118,0.192118,10675.1,213.693,0.194077,1494.49
2751,0.191846,0.191846,10675.1,213.699,0.200034,1494.49
2752,0.189572,0.189572,10675.1,213.692,0.192672,1494.49
2753,0.189572,0.190313,10675.1,213.697,0.197271,1494.49
2754,0.188449,0.188449,10675.1,213.691,0.191115,1494.49
2755,0.187897,0.187897,10675.1,213.695,0.19651,1494.49
2756,0.187196,0.187196,10675.1,213.688,0.189027,1494.49
2757,0.187196,0.188696,10675.1,213.694,0.193943,1494.49
2758,0.185089,0.185089,10675.1,213.688,0.187971,1494.49
2759,0.184484,0.184484,10675.1,213.691,0.192832,1494.49
2760,0.184105,0.184105,10675.1,213.686,0.186471,1494.49
2761,0.183926,0.183926,10675.1,213.69,0.189914,1494.49
2762,0.18286,0.18286,10675.1,213.684,0.185045,1494.49
2763,0.181058,0.181058,10675.1,213.689,0.188744,1494.49
2764,0.181058,0.181855,10675.1,213.683,0.183809,1494.49
2765,0.180982,0.180982,10675.1,213.687,0.187299,1494.49
2766,0.178836,0.178836,10675.1,213.681,0.181258,1494.49
2767,0.17695,0.17695,10675.1,213.685,0.185994,1494.49
2768,0.176515,0.176515,10675.1,213.68,0.181,1494.49
2769,0.176515,0.178188,10675.1,213.685,0.186063,1494.49
2770,0.176515,0.177848,10675.1,213.68,0.180636,1494.49
2771,0.176515,0.177248,10675.1,213.683,0.183816,1494.49
2772,0.176515,0.177014,10675.1,213.679,0.179101,1494.49
2773,0.176302,0.176302,10675.1,213.682,0.182174,1494.49
2774,0.175991,0.175991,10675.1,213.679,0.178688,1494.49
2775,0.175627,0.175627,10675.1,213.68,0.180415,1494.49
2776,0.174804,0.174804,10675.1,213.677,0.177232,1494.49
2777,0.174804,0.175784,10675.1,213.68,0.180133,1494.49
2778,0.174113,0.174113,10675.1,213.676,0.176109,1494.49
2779,0.174113,0.17522,10675.1,213.681,0.181226,1494.49
2780,0.173285,0.173285,10675.1,213.676,0.175749,1494.49
2781,0.173045,0.173045,10675.1,213.681,0.18096,1494.49
2782,0.171869,0.171869,10675.1,213.676,0.174868,1494.49
2783,0.171869,0.172456,10675.1,213.678,0.177755,1494.49
2784,0.171431,0.171431,10675.1,213.674,0.174172,1494.49
2785,0.171185,0.171185,10675.1,213.675,0.175284,1494.49
2786,0.169721,0.169721,10675.1,213.672,0.171938,1494.49
2787,0.168594,0.168594,10675.1,213.675,0.173612,1494.49
2788,0.16824,0.16824,10675.1,213.67,0.169715,1494.49
2789,0.16708,0.16708,10675.1,213.671,0.171765,1494.49
2790,0.165159,0.165159,10675.1,213.667,0.167474,1494.49
2791,0.165159,0.165398,10675.1,213.669,0.169173,1494.49
2792,0.164483,0.164483,10675.1,213.666,0.166328,1494.49
2793,0.164033,0.164033,10675.1,213.67,0.169771,1494.49
2794,0.163294,0.163294,10675.1,213.666,0.16525,1494.49
2795,0.162418,0.162418,10675.1,213.668,0.167888,1494.49
2796,0.161116,0.161116,10675.1,213.663,0.163726,1494.49
2797,0.161116,0.161303,10675.1,213.665,0.165307,1494.49
2798,0.159235,0.159235,10675.1,213.661,0.162067,1494.49
2799,0.158281,0.158281,10675.1,213.664,0.163169,1494.49
2800,0.158162,0.158162,10675.1,213.66,0.160657,1494.49
2801,0.157097,0.157097,10675.1,213.661,0.161241,1494.49
2802,0.156117,0.156117,10675.1,213.659,0.15947,1494.49
2803,0.156117,0.15625,10675.1,213.659,0.159021,1494.49
2804,0.155578,0.155578,10675.1,213.657,0.157858,1494.49
2805,0.155074,0.155074,10675.1,213.657,0.157509,1494.49
2806,0.154051,0.154051,10675.1,213.656,0.15682,1494.49
2807,0.153138,0.153138,10675.1,213.656,0.156527,1494.49
2808,0.152902,0.152902,10675.1,213.655,0.155496,1494.49
2809,0.152485,0.152485,10675.1,213.656,0.155679,1494.49
2810,0.151809,0.151809,10675.1,213.654,0.154047,1494.49
2811,0.151126,0.151126,10675.1,213.655,0.154728,1494.49
2812,0.151001,0.151001,10675.1,213.653,0.153855,1494.49
2813,0.151001,0.151173,10675.1,213.654,0.154263,1494.49
2814,0.150603,0.150603,10675.1,213.652,0.152265,1494.5
2815,0.150571,0.150571,10675.1,213.654,0.153938,1494.49
2816,0.149816,0.149816,10675.1,213.652,0.151877,1494.5
2817,0.148067,0.148067,10675.1,213.654,0.15467,1494.49
2818,0.148067,0.148401,10675.1,213.65,0.150379,1494.5
2819,0.148067,0.148774,10675.1,213.653,0.153305,1494.49
2820,0.148067,0.148372,10675.1,213.649,0.149751,1494.5
2821,0.148067,0.148393,10675.1,213.655,0.154426,1494.49
2822,0.148027,0.148027,10675.1,213.65,0.149763,1494.5
2823,0.148027,0.148186,10675.1,213.654,0.153096,1494.49
2824,0.14716,0.14716,10675.1,213.649,0.149141,1494.5
2825,0.14716,0.147279,10675.1,213.653,0.152752,1494.49
2826,0.146488,0.146488,10675.1,213.648,0.148285,1494.5
2827,0.146488,0.147062,10675.1,213.652,0.151766,1494.5
2828,0.145363,0.145363,10675.1,213.647,0.147632,1494.5
2829,0.145261,0.145261,10675.1,213.65,0.149727,1494.5
2830,0.145161,0.145161,10675.1,213.647,0.146771,1494.5
2831,0.144364,0.144364,10675.1,213.649,0.149219,1494.5
2832,0.144247,0.144247,10675.1,213.646,0.145723,1494.5
2833,0.143897,0.143897,10675.1,213.648,0.148197,1494.5
2834,0.14336,0.14336,10675.1,213.645,0.14504,1494.5
2835,0.142531,0.142531,10675.1,213.647,0.14648,1494.5
2836,0.141546,0.141546,10675.1,213.644,0.144385,1494.5
2837,0.141546,0.142235,10675.1,213.645,0.145259,1494.5
2838,0.141546,0.141901,10675.1,213.644,0.143508,1494.5
2839,0.141371,0.141371,10675.1,213.646,0.145436,1494.5
2840,0.140708,0.140708,10675.1,213.642,0.142072,1494.5
2841,0.140708,0.140803,10675.1,213.647,0.146733,1494.5
2842,0.140586,0.140586,10675.1,213.644,0.142421,1494.5
2843,0.140224,0.140224,10675.1,213.645,0.144814,1494.5
2844,0.139564,0.139564,10675.1,213.642,0.141518,1494.5
2845,0.139564,0.139612,10675.1,213.644,0.143611,1494.5
2846,0.139075,0.139075,10675.1,213.641,0.140869,1494.5
2847,0.13875,0.13875,10675.1,213.644,0.143785,1494.5
2848,0.138711,0.138711,10675.1,213.64,0.140075,1494.5
2849,0.138557,0.138557,10675.1,213.643,0.142452,1494.5
2850,0.138197,0.138197,10675.1,213.641,0.140343,1494.5
2851,0.138029,0.138029,10675.1,213.642,0.141426,1494.5
2852,0.137258,0.137258,10675.1,213.639,0.138578,1494.5
2853,0.136536,0.136536,10675.1,213.641,0.140381,1494.5
2854,0.136502,0.136502,10675.1,213.639,0.138622,1494.5
2855,0.13644,0.13644,10675.1,213.642,0.141072,1494.5
2856,0.136221,0.136221,10675.1,213.639,0.138549,1494.5
2857,0.136081,0.136081,10675.1,213.64,0.140274,1494.5
2858,0.135808,0.135808,10675.1,213.639,0.137617,1494.5
2859,0.135482,0.135482,10675.1,213.639,0.13918,1494.5
2860,0.134529,0.134529,10675.1,213.636,0.135818,1494.5
2861,0.134355,0.134355,10675.1,213.638,0.138282,1494.5
2862,0.133802,0.133802,10675.1,213.636,0.135044,1494.5
2863,0.133429,0.133429,10675.1,213.638,0.137081,1494.5
2864,0.13234,0.13234,10675.1,213.634,0.134317,1494.5
2865,0.13234,0.132665,10675.1,213.637,0.136217,1494.5
2866,0.13192,0.13192,10675.1,213.633,0.133244,1494.5
2867,0.131806,0.131806,10675.1,213.636,0.135528,1494.5
2868,0.131272,0.131272,10675.1,213.633,0.132399,1494.5
2869,0.1309,0.1309,10675.1,213.635,0.134607,1494.5
2870,0.129999,0.129999,10675.1,213.632,0.13134,1494.5
2871,0.128772,0.128772,10675.1,213.634,0.133378,1494.5
2872,0.128772,0.129556,10675.1,213.631,0.130847,1494.5
2873,0.128772,0.129582,10675.1,213.633,0.132622,1494.5
2874,0.128622,0.128622,10675.1,213.63,0.129799,1494.5
2875,0.126644,0.126644,10675.1,213.632,0.132437,1494.5
2876,0.126644,0.126975,10675.1,213.629,0.128686,1494.5
2877,0.126644,0.127452,10675.1,213.632,0.131419,1494.5
2878,0.126131,0.126131,10675.1,213.628,0.127732,1494.5
2879,0.125246,0.125246,10675.1,213.63,0.130152,1494.5
2880,0.125246,0.125375,10675.1,213.628,0.126829,1494.5
2881,0.125246,0.125452,10675.1,213.629,0.128284,1494.5
2882,0.124422,0.124422,10675.1,213.626,0.125602,1494.5
2883,0.123143,0.123143,10675.1,213.627,0.127076,1494.5
2884,0.123055,0.123055,10675.1,213.625,0.124522,1494.5
2885,0.122901,0.122901,10675.1,213.626,0.125961,1494.5
2886,0.122203,0.122203,10675.1,213.624,0.123626,1494.5
2887,0.122203,0.122408,10675.1,213.625,0.124376,1494.5
2888,0.121653,0.121653,10675.1,213.624,0.123176,1494.5
2889,0.121209,0.121209,10675.1,213.624,0.123673,1494.5
2890,0.120494,0.120494,10675.1,213.622,0.121824,1494.5
2891,0.120187,0.120187,10675.1,213.623,0.123035,1494.5
2892,0.119668,0.119668,10675.1,213.621,0.120915,1494.5
2893,0.119381,0.119381,10675.1,213.623,0.122166,1494.5
2894,0.118657,0.118657,10675.1,213.62,0.11997,1494.5
2895,0.11832,0.11832,10675.1,213.621,0.120982,1494.5
2896,0.117349,0.117349,10675.1,213.619,0.118458,1494.5
2897,0.117203,0.117203,10675.1,213.62,0.119681,1494.5
2898,0.116125,0.116125,10675.1,213.618,0.117244,1494.5
2899,0.115892,0.115892,10675.1,213.619,0.11866,1494.5
2900,0.114882,0.114882,10675.1,213.617,0.116123,1494.5
2901,0.114424,0.114424,10675.1,213.617,0.116943,1494.5
2902,0.113597,0.113597,10675.1,213.615,0.114846,1494.5
2903,0.113395,0.113395,10675.1,213.617,0.11613,1494.5
2904,0.112035,0.112035,10675.1,213.614,0.113488,1494.5
2905,0.111861,0.111861,10675.1,213.615,0.114309,1494.5
2906,0.111561,0.111561,10675.1,213.613,0.112808,1494.5
2907,0.111227,0.111227,10675.1,213.614,0.113867,1494.5
2908,0.110501,0.110501,10675.1,213.612,0.111856,1494.5
2909,0.110472,0.110472,10675.1,213.614,0.113061,1494.5
2910,0.110179,0.110179,10675.1,213.612,0.111364,1494.5
2911,0.109505,0.109505,10675.1,213.614,0.113012,1494.5
2912,0.109505,0.109696,10675.1,213.611,0.111024,1494.5
2913,0.109505,0.10995,10675.1,213.613,0.112794,1494.5
2914,0.10927,0.10927,10675.1,213.611,0.109882,1494.5
2915,0.10927,0.109273,10675.1,213.612,0.112117,1494.5
2916,0.108252,0.108252,10675.1,213.61,0.109948,1494.5
2917,0.108252,0.108688,10675.1,213.612,0.111463,1494.5
2918,0.108252,0.108373,10675.1,213.61,0.109579,1494.5
2919,0.108252,0.108954,10675.1,213.612,0.110869,1494.5
2920,0.108252,0.108426,10675.1,213.61,0.10939,1494.5
2921,0.107877,0.107877,10675.1,213.611,0.110388,1494.5
2922,0.107691,0.107691,10675.1,213.61,0.109013,1494.5
2923,0.107182,0.107182,10675.1,213.61,0.109844,1494.5
2924,0.106536,0.106536,10675.1,213.608,0.107566,1494.5
2925,0.106536,0.106594,10675.1,213.609,0.109193,1494.5
2926,0.105362,0.105362,10675.1,213.607,0.106717,1494.5
2927,0.105137,0.105137,10675.1,213.609,0.107898,1494.5
2928,0.104979,0.104979,10675.1,213.606,0.105812,1494.5
2929,0.104478,0.104478,10675.1,213.608,0.107114,1494.5
2930,0.104121,0.104121,10675.1,213.606,0.105131,1494.5
2931,0.103468,0.103468,10675.1,213.607,0.105903,1494.5
2932,0.103233,0.103233,10675.1,213.605,0.104502,1494.5
2933,0.102669,0.102669,10675.1,213.606,0.104858,1494.5
2934,0.102522,0.102522,10675.1,213.604,0.103774,1494.5
2935,0.102095,0.102095,10675.1,213.605,0.104207,1494.5
2936,0.101744,0.101744,10675.1,213.603,0.102892,1494.5
2937,0.101036,0.101036,10675.1,213.604,0.102552,1494.5
2938,0.100969,0.100969,10675.1,213.602,0.102054,1494.5
2939,0.100504,0.100504,10675.1,213.603,0.102305,1494.5
2940,0.100244,0.100244,10675.1,213.602,0.101581,1494.5
2941,0.099751,0.099751,10675.1,213.602,0.101635,1494.5
2942,0.0996361,0.0996361,10675.1,213.601,0.100561,1494.5
2943,0.0988003,0.0988003,10675.1,213.601,0.100781,1494.5
2944,0.0984464,0.0984464,10675.1,213.6,0.100038,1494.5
2945,0.0982724,0.0982724,10675.1,213.6,0.0997885,1494.5
2946,0.0982472,0.0982472,10675.1,213.6,0.0994765,1494.5
2947,0.0981999,0.0981999,10675.1,213.6,0.0996657,1494.5
2948,0.097134,0.097134,10675.1,213.6,0.0991107,1494.5
2949,0.097134,0.0974393,10675.1,213.599,0.0985327,1494.5
2950,0.097134,0.0971881,10675.1,213.599,0.098108,1494.5
2951,0.0967738,0.0967738,10675.1,213.599,0.0979902,1494.5
2952,0.0962265,0.0962265,10675.1,213.598,0.0977441,1494.5
2953,0.0962265,0.096421,10675.1,213.599,0.0979488,1494.5
2954,0.0960022,0.0960022,10675.1,213.598,0.0972614,1494.5
2955,0.0958614,0.0958614,10675.1,213.598,0.0973846,1494.5
2956,0.0953698,0.0953698,10675.1,213.598,0.0967165,1494.5
2957,0.0952954,0.0952954,10675.1,213.598,0.0970386,1494.5
2958,0.0952954,0.0954647,10675.1,213.597,0.0963518,1494.5
2959,0.0951064,0.0951064,10675.1,213.598,0.0971314,1494.5
2960,0.095079,0.095079,10675.1,213.597,0.0959653,1494.5
2961,0.095079,0.0951666,10675.1,213.598,0.0967196,1494.5
2962,0.0947075,0.0947075,10675.1,213.596,0.0957214,1494.5
2963,0.0943531,0.0943531,10675.1,213.597,0.0961803,1494.5
2964,0.0941805,0.0941805,10675.1,213.596,0.0951236,1494.5
2965,0.0938747,0.0938747,10675.1,213.596,0.0954836,1494.5
2966,0.0934264,0.0934264,10675.1,213.595,0.0946481,1494.5
2967,0.0932981,0.0932981,10675.1,213.596,0.0949129,1494.5
2968,0.0929919,0.0929919,10675.1,213.595,0.0939728,1494.5
2969,0.0927788,0.0927788,10675.1,213.595,0.0943393,1494.5
2970,0.0924141,0.0924141,10675.1,213.594,0.0934521,1494.5
2971,0.0918388,0.0918388,10675.1,213.595,0.0937372,1494.5
2972,0.0917615,0.0917615,10675.1,213.593,0.0927389,1494.5
2973,0.091674,0.091674,10675.1,213.595,0.0934266,1494.5
2974,0.091321,0.091321,10675.1,213.593,0.0924399,1494.5
2975,0.0909868,0.0909868,10675.1,213.594,0.0928623,1494.5
2976,0.0909367,0.0909367,10675.1,213.593,0.0917597,1494.5
2977,0.0907748,0.0907748,10675.1,213.593,0.0922473,1494.5
2978,0.0903864,0.0903864,10675.1,213.592,0.0914238,1494.5
2979,0.0900443,0.0900443,10675.1,213.593,0.0919508,1494.5
2980,0.0900443,0.0901169,10675.1,213.592,0.0910684,1494.5
2981,0.0900443,0.0903842,10675.1,213.593,0.0921154,1494.5
2982,0.0897155,0.0897155,10675.1,213.591,0.0903945,1494.5
2983,0.0896021,0.0896021,10675.1,213.592,0.0914128,1494.5
2984,0.0894451,0.0894451,10675.1,213.591,0.090336,1494.5
2985,0.0891678,0.0891678,10675.1,213.592,0.0908982,1494.5
2986,0.0890028,0.0890028,10675.1,213.591,0.0898983,1494.5
2987,0.088867,0.088867,10675.1,213.591,0.0905239,1494.5
2988,0.0885294,0.0885294,10675.1,213.59,0.0894754,1494.5
2989,0.0884915,0.0884915,10675.1,213.592,0.0904239,1494.5
2990,0.0881879,0.0881879,10675.1,213.59,0.0891357,1494.5
2991,0.0878371,0.0878371,10675.1,213.591,0.0892255,1494.5
2992,0.0873589,0.0873589,10675.1,213.589,0.0884269,1494.5
2993,0.0873589,0.0873681,10675.1,213.59,0.0888347,1494.5
2994,0.0869805,0.0869805,10675.1,213.589,0.0882052,1494.5
2995,0.0868508,0.0868508,10675.1,213.589,0.0879437,1494.5
2996,0.0865901,0.0865901,10675.1,213.588,0.0876844,1494.5
2997,0.0864878,0.0864878,10675.1,213.588,0.0876065,1494.5
2998,0.0859758,0.0859758,10675.1,213.588,0.0869896,1494.5
2999,0.0858427,0.0858427,10675.1,213.588,0.0870763,1494.5
3000,0.0857106,0.0857106,10675.1,213.587,0.0866548,1494.5
3001,0.0855077,0.0855077,10675.1,213.588,0.0868276,1494.5
3002,0.0852864,0.0852864,10675.1,213.587,0.086367,1494.5
3003,0.0848899,0.0848899,10675.1,213.587,0.0861675,1494.5
3004,0.0847733,0.0847733,10675.1,213.586,0.0854266,1494.5
3005,0.0843305,0.0843305,10675.1,213.586,0.085591,1494.5
3006,0.0840479,0.0840479,10675.1,213.586,0.0847957,1494.5
3007,0.0837146,0.0837146,10675.1,213.586,0.0855265,1494.5
3008,0.0833286,0.0833286,10675.1,213.585,0.0842946,1494.5
3009,0.0831409,0.0831409,10675.1,213.586,0.0845413,1494.5
3010,0.0831409,0.0831596,10675.1,213.585,0.0840749,1494.5
3011,0.0828488,0.0828488,10675.1,213.585,0.0841765,1494.5
3012,0.0827191,0.0827191,10675.1,213.584,0.0835777,1494.5
3013,0.0824745,0.0824745,10675.1,213.585,0.0836972,1494.5
3014,0.0821631,0.0821631,10675.1,213.584,0.0834327,1494.5
3015,0.0820455,0.0820455,10675.1,213.584,0.0831945,1494.5
3016,0.0820362,0.0820362,10675.1,213.584,0.0830741,1494.5
3017,0.0816416,0.0816416,10675.1,213.583,0.0822488,1494.5
3018,0.0812026,0.0812026,10675.1,213.583,0.0821768,1494.5
3019,0.0806017,0.0806017,10675.1,213.583,0.0818585,1494.5
3020,0.0805952,0.0805952,10675.1,213.583,0.0816794,1494.5
3021,0.0803735,0.0803735,10675.1,213.582,0.0809623,1494.51
3022,0.0799245,0.0799245,10675.1,213.582,0.0809992,1494.51
3023,0.0796198,0.0796198,10675.1,213.581,0.0802964,1494.51
3024,0.0794564,0.0794564,10675.1,213.581,0.0804724,1494.51
3025,0.0789503,0.0789503,10675.1,213.581,0.0796988,1494.51
3026,0.0783582,0.0783582,10675.1,213.581,0.0798473,1494.51
3027,0.0783582,0.0784488,10675.1,213.58,0.078993,1494.51
3028,0.0778404,0.0778404,10675.1,213.58,0.0794201,1494.51
3029,0.0778404,0.077868,10675.1,213.58,0.0788174,1494.51
3030,0.0778404,0.0778531,10675.1,213.58,0.0792843,1494.51
3031,0.0773734,0.0773734,10675.1,213.579,0.0784524,1494.51
3032,0.0773734,0.0773956,10675.1,213.58,0.0787235,1494.51
3033,0.0770423,0.0770423,10675.1,213.579,0.0779873,1494.51
3034,0.0769985,0.0769985,10675.1,213.579,0.078257,1494.51
3035,0.0766305,0.0766305,10675.1,213.578,0.0773709,1494.51
3036,0.0766305,0.0767101,10675.1,213.579,0.0777942,1494.51
3037,0.0761583,0.0761583,10675.1,213.578,0.0772482,1494.51
3038,0.076037,0.076037,10675.1,213.578,0.0773066,1494.51
3039,0.0756762,0.0756762,10675.1,213.577,0.0763757,1494.51
3040,0.075325,0.075325,10675.1,213.578,0.0766291,1494.51
3041,0.0751737,0.0751737,10675.1,213.577,0.0756899,1494.51
3042,0.0751057,0.0751057,10675.1,213.577,0.0763652,1494.51
3043,0.0746027,0.0746027,10675.1,213.576,0.0751288,1494.51
3044,0.0746027,0.0746594,10675.1,213.577,0.0761805,1494.51
3045,0.0741944,0.0741944,10675.1,213.576,0.0747974,1494.51
3046,0.0741944,0.0743644,10675.1,213.577,0.0762359,1494.51
3047,0.0738258,0.0738258,10675.1,213.576,0.0745752,1494.51
3048,0.0736942,0.0736942,10675.1,213.577,0.0754275,1494.51
3049,0.0734705,0.0734705,10675.1,213.576,0.0741983,1494.51
3050,0.0730301,0.0730301,10675.1,213.576,0.0747745,1494.51
3051,0.0729378,0.0729378,10675.1,213.575,0.0735003,1494.51
3052,0.0727589,0.0727589,10675.1,213.575,0.0738633,1494.51
3053,0.0723176,0.0723176,10675.1,213.574,0.0730427,1494.51
3054,0.0717625,0.0717625,10675.1,213.574,0.073073,1494.51
3055,0.0717625,0.0718103,10675.1,213.574,0.0724849,1494.51
3056,0.0714003,0.0714003,10675.1,213.574,0.0726815,1494.51
3057,0.0712336,0.0712336,10675.1,213.573,0.0718784,1494.51
3058,0.0711506,0.0711506,10675.1,213.574,0.0722285,1494.51
3059,0.0710364,0.0710364,10675.1,213.573,0.0717721,1494.51
3060,0.0707556,0.0707556,10675.1,213.573,0.0716427,1494.51
3061,0.0706938,0.0706938,10675.1,213.572,0.071348,1494.51
3062,0.0704417,0.0704417,10675.1,213.573,0.0714792,1494.51
3063,0.0702371,0.0702371,10675.1,213.572,0.0707041,1494.51
3064,0.0697705,0.0697705,10675.1,213.572,0.0708112,1494.51
3065,0.0696133,0.0696133,10675.1,213.571,0.0703011,1494.51
3066,0.0692128,0.0692128,10675.1,213.571,0.0703144,1494.51
3067,0.0692128,0.0692842,10675.1,213.571,0.0698287,1494.51
3068,0.0692128,0.0692196,10675.1,213.571,0.0699057,1494.51
3069,0.068888,0.068888,10675.1,213.571,0.069611,1494.51
3070,0.068888,0.0689773,10675.1,213.571,0.0700959,1494.51
3071,0.0686651,0.0686651,10675.1,213.57,0.0693236,1494.51
3072,0.0685567,0.0685567,10675.1,213.571,0.0696048,1494.51
3073,0.0683672,0.0683672,10675.1,213.57,0.0690497,1494.51
3074,0.0681994,0.0681994,10675.1,213.57,0.0690874,1494.51
3075,0.067937,0.067937,10675.1,213.57,0.0687818,1494.51
3076,0.0678001,0.0678001,10675.1,213.57,0.0682793,1494.51
3077,0.067353,0.067353,10675.1,213.569,0.0682114,1494.51
3078,0.0670084,0.0670084,10675.1,213.569,0.0677941,1494.51
3079,0.0665336,0.0665336,10675.1,213.569,0.0674836,1494.51
3080,0.0663908,0.0663908,10675.1,213.568,0.067291,1494.51
3081,0.0660729,0.0660729,10675.1,213.568,0.0668236,1494.51
3082,0.0656835,0.0656835,10675.1,213.568,0.0668845,1494.51
3083,0.0654339,0.0654339,10675.1,213.567,0.0659649,1494.51
3084,0.0652933,0.0652933,10675.1,213.568,0.066516,1494.51
3085,0.0647803,0.0647803,10675.1,213.566,0.0653943,1494.51
3086,0.0644639,0.0644639,10675.1,213.567,0.0656856,1494.51
3087,0.0639108,0.0639108,10675.1,213.566,0.0647199,1494.51
3088,0.0639108,0.0639503,10675.1,213.566,0.0652004,1494.51
3089,0.063103,0.063103,10675.1,213.565,0.0640218,1494.51
3090,0.063103,0.063165,10675.1,213.565,0.0640925,1494.51
3091,0.0626546,0.0626546,10675.1,213.565,0.0634914,1494.51
3092,0.0625881,0.0625881,10675.1,213.565,0.0634708,1494.51
3093,0.0620783,0.0620783,10675.1,213.564,0.0626961,1494.51
3094,0.0619689,0.0619689,10675.1,213.564,0.062804,1494.51
3095,0.0613956,0.0613956,10675.1,213.563,0.0621111,1494.51
3096,0.0610094,0.0610094,10675.1,213.563,0.0619487,1494.51
3097,0.0609905,0.0609905,10675.1,213.563,0.0613638,1494.51
3098,0.0606536,0.0606536,10675.1,213.563,0.061652,1494.51
3099,0.0603691,0.0603691,10675.1,213.562,0.0610297,1494.51
3100,0.0599141,0.0599141,10675.1,213.563,0.0613217,1494.51
3101,0.0599141,0.0599583,10675.1,213.562,0.0605805,1494.51
3102,0.0599061,0.0599061,10675.1,213.562,0.0608134,1494.51
3103,0.0595339,0.0595339,10675.1,213.561,0.0602257,1494.51
3104,0.0591104,0.0591104,10675.1,213.562,0.0601082,1494.51
3105,0.058994,0.058994,10675.1,213.561,0.0595901,1494.51
3106,0.0586208,0.0586208,10675.1,213.561,0.0594245,1494.51
3107,0.0582524,0.0582524,10675.1,213.56,0.0587359,1494.51
3108,0.0580075,0.0580075,10675.1,213.56,0.0587689,1494.51
3109,0.0577529,0.0577529,10675.1,213.56,0.0582647,1494.51
3110,0.057425,0.057425,10675.1,213.56,0.0582905,1494.51
3111,0.057425,0.0574926,10675.1,213.559,0.0581637,1494.51
3112,0.057425,0.0574537,10675.1,213.56,0.0582067,1494.51
3113,0.0571677,0.0571677,10675.1,213.559,0.0576706,1494.51
3114,0.0568814,0.0568814,10675.1,213.559,0.0577179,1494.51
3115,0.056618,0.056618,10675.1,213.558,0.0572299,1494.51
3116,0.0563534,0.0563534,10675.1,213.558,0.0571457,1494.51
3117,0.0561083,0.0561083,10675.1,213.558,0.0568135,1494.51
3118,0.0559065,0.0559065,10675.1,213.558,0.056514,1494.51
3119,0.0556586,0.0556586,10675.1,213.558,0.0564012,1494.51
3120,0.0554585,0.0554585,10675.1,213.557,0.0561622,1494.51
3121,0.0550117,0.0550117,10675.1,213.557,0.0560582,1494.51
3122,0.0550117,0.0551753,10675.1,213.557,0.0557394,1494.51
3123,0.0549365,0.0549365,10675.1,213.557,0.0554713,1494.51
3124,0.0549079,0.0549079,10675.1,213.557,0.0556284,1494.51
3125,0.0548099,0.0548099,10675.1,213.557,0.0554095,1494.51
3126,0.0546442,0.0546442,10675.1,213.557,0.055312,1494.51
3127,0.0546353,0.0546353,10675.1,213.557,0.0555856,1494.51
3128,0.0543456,0.0543456,10675.1,213.556,0.0549743,1494.51
3129,0.0541032,0.0541032,10675.1,213.556,0.0547601,1494.51
3130,0.0537583,0.0537583,10675.1,213.556,0.0542683,1494.51
3131,0.0536365,0.0536365,10675.1,213.555,0.0540948,1494.51
3132,0.0531782,0.0531782,10675.1,213.555,0.0536813,1494.51
3133,0.0529899,0.0529899,10675.1,213.555,0.0536087,1494.51
3134,0.052657,0.052657,10675.1,213.555,0.0531586,1494.51
3135,0.0525943,0.0525943,10675.1,213.555,0.0531242,1494.51
3136,0.052298,0.052298,10675.1,213.554,0.0527873,1494.51
3137,0.0521154,0.0521154,10675.1,213.555,0.0532429,1494.51
3138,0.0520358,0.0520358,10675.1,213.554,0.0524055,1494.51
3139,0.0518084,0.0518084,10675.1,213.554,0.052861,1494.51
3140,0.0516864,0.0516864,10675.1,213.553,0.0521067,1494.51
3141,0.0515371,0.0515371,10675.1,213.554,0.052769,1494.51
3142,0.0515371,0.0516142,10675.1,213.553,0.0519643,1494.51
3143,0.0514803,0.0514803,10675.1,213.554,0.0525162,1494.51
3144,0.0511868,0.0511868,10675.1,213.553,0.051584,1494.51
3145,0.0510908,0.0510908,10675.1,213.554,0.0522151,1494.51
3146,0.0508004,0.0508004,10675.1,213.553,0.0512902,1494.51
3147,0.0508004,0.0508214,10675.1,213.553,0.0518649,1494.51
3148,0.0503554,0.0503554,10675.1,213.552,0.0508084,1494.51
3149,0.0503554,0.0504364,10675.1,213.553,0.0512888,1494.51
3150,0.0501012,0.0501012,10675.1,213.552,0.0506066,1494.51
3151,0.0498467,0.0498467,10675.1,213.553,0.0512103,1494.51
3152,0.0498467,0.0499178,10675.1,213.552,0.0503086,1494.51
3153,0.0497904,0.0497904,10675.1,213.552,0.0508853,1494.51
3154,0.0496196,0.0496196,10675.1,213.552,0.0499477,1494.51
3155,0.0493627,0.0493627,10675.1,213.552,0.0506066,1494.51
3156,0.0492016,0.0492016,10675.1,213.551,0.0497087,1494.51
3157,0.0491209,0.0491209,10675.1,213.551,0.0500628,1494.51
3158,0.0489478,0.0489478,10675.1,213.551,0.0493099,1494.51
3159,0.0489478,0.0489667,10675.1,213.551,0.0498457,1494.51
3160,0.048619,0.048619,10675.1,213.551,0.0489831,1494.51
3161,0.048392,0.048392,10675.1,213.551,0.0492838,1494.51
3162,0.0482303,0.0482303,10675.1,213.55,0.0486416,1494.51
3163,0.0481849,0.0481849,10675.1,213.55,0.0489428,1494.51
3164,0.0479254,0.0479254,10675.1,213.55,0.0482396,1494.51
3165,0.0476752,0.0476752,10675.1,213.55,0.0484707,1494.51
3166,0.047417,0.047417,10675.1,213.549,0.0477856,1494.51
3167,0.0472348,0.0472348,10675.1,213.549,0.0477984,1494.51
3168,0.0468778,0.0468778,10675.1,213.549,0.0473493,1494.51
3169,0.0466465,0.0466465,10675.1,213.549,0.0473608,1494.51
3170,0.0463319,0.0463319,10675.1,213.548,0.0468462,1494.51
3171,0.0462285,0.0462285,10675.1,213.548,0.0467612,1494.51
3172,0.0459739,0.0459739,10675.1,213.548,0.0463895,1494.51
3173,0.0455164,0.0455164,10675.1,213.548,0.0462918,1494.51
3174,0.0455164,0.0456228,10675.1,213.548,0.0459702,1494.51
3175,0.0454453,0.0454453,10675.1,213.547,0.0459448,1494.51
3176,0.0450882,0.0450882,10675.1,213.547,0.0454613,1494.51
3177,0.0450483,0.0450483,10675.1,213.547,0.0458596,1494.51
3178,0.0446744,0.0446744,10675.1,213.547,0.0451533,1494.51
3179,0.0446725,0.0446725,10675.1,213.547,0.045343,1494.51
3180,0.0443186,0.0443186,10675.1,213.546,0.0447607,1494.51
3181,0.0439544,0.0439544,10675.1,213.546,0.0449044,1494.51
3182,0.0439501,0.0439501,10675.1,213.546,0.0443961,1494.51
3183,0.0438874,0.0438874,10675.1,213.546,0.0446249,1494.51
3184,0.043669,0.043669,10675.1,213.546,0.0440973,1494.51
3185,0.0434367,0.0434367,10675.1,213.546,0.0442258,1494.51
3186,0.0432977,0.0432977,10675.1,213.545,0.0435737,1494.51
3187,0.0432977,0.0433158,10675.1,213.546,0.043904,1494.51
3188,0.0430344,0.0430344,10675.1,213.545,0.0434352,1494.51
3189,0.0428708,0.0428708,10675.1,213.545,0.0436993,1494.51
3190,0.0425837,0.0425837,10675.1,213.545,0.0430859,1494.51
3191,0.0425837,0.0426686,10675.1,213.545,0.0431859,1494.51
3192,0.0424322,0.0424322,10675.1,213.544,0.0427593,1494.51
3193,0.0422075,0.0422075,10675.1,213.544,0.0427674,1494.51
3194,0.0420746,0.0420746,10675.1,213.544,0.042355,1494.51
3195,0.0418685,0.0418685,10675.1,213.544,0.0423316,1494.51
3196,0.0417519,0.0417519,10675.1,213.544,0.0421509,1494.51
3197,0.0414808,0.0414808,10675.1,213.543,0.0419313,1494.51
3198,0.0412527,0.0412527,10675.1,213.543,0.0417773,1494.51
3199,0.0411024,0.0411024,10675.1,213.543,0.0415843,1494.51
3200,0.0409396,0.0409396,10675.1,213.543,0.0414258,1494.51
3201,0.040796,0.040796,10675.1,213.543,0.0412414,1494.51
3202,0.0406932,0.0406932,10675.1,213.543,0.0410701,1494.51
3203,0.0405588,0.0405588,10675.1,213.543,0.0410805,1494.51
3204,0.0404314,0.0404314,10675.1,213.542,0.0407255,1494.51
3205,0.0402331,0.0402331,10675.1,213.542,0.0407552,1494.51
3206,0.0401068,0.0401068,10675.1,213.542,0.0404316,1494.51
3207,0.0398829,0.0398829,10675.1,213.542,0.0403292,1494.51
3208,0.0395723,0.0395723,10675.1,213.542,0.0401477,1494.51
3209,0.0395723,0.0397372,10675.1,213.542,0.0401999,1494.51
3210,0.0394321,0.0394321,10675.1,213.541,0.0397888,1494.51
3211,0.0394321,0.0394776,10675.1,213.542,0.0401017,1494.51
3212,0.0392596,0.0392596,10675.1,213.541,0.039642,1494.51
3213,0.0390658,0.0390658,10675.1,213.541,0.0397942,1494.51
3214,0.0390587,0.0390587,10675.1,213.541,0.039344,1494.51
3215,0.038785,0.038785,10675.1,213.541,0.0395483,1494.51
3216,0.0386593,0.0386593,10675.1,213.541,0.0390663,1494.51
3217,0.0385519,0.0385519,10675.1,213.541,0.0392365,1494.51
3218,0.0384478,0.0384478,10675.1,213.54,0.0388729,1494.51
3219,0.0383297,0.0383297,10675.1,213.54,0.0387615,1494.51
3220,0.0382037,0.0382037,10675.1,213.54,0.0386209,1494.51
3221,0.0379809,0.0379809,10675.1,213.54,0.0385714,1494.51
3222,0.037863,0.037863,10675.1,213.54,0.0382808,1494.51
3223,0.0377197,0.0377197,10675.1,213.54,0.0381604,1494.51
3224,0.0375566,0.0375566,10675.1,213.539,0.0379273,1494.51
3225,0.0372727,0.0372727,10675.1,213.539,0.0378838,1494.51
3226,0.0372419,0.0372419,10675.1,213.539,0.0375554,1494.51
3227,0.0369693,0.0369693,10675.1,213.539,0.0373031,1494.51
3228,0.0368207,0.0368207,10675.1,213.539,0.0371253,1494.51
3229,0.0366803,0.0366803,10675.1,213.539,0.0369747,1494.51
3230,0.036472,0.036472,10675.1,213.538,0.0368193,1494.51
3231,0.0362244,0.0362244,10675.1,213.538,0.036591,1494.51
3232,0.0359525,0.0359525,10675.1,213.538,0.0365155,1494.51
3233,0.035921,0.035921,10675.1,213.538,0.0362442,1494.51
3234,0.0357543,0.0357543,10675.1,213.538,0.0360677,1494.51
3235,0.0356447,0.0356447,10675.1,213.538,0.0359512,1494.51
3236,0.0354526,0.0354526,10675.1,213.538,0.0358652,1494.51
3237,0.0353409,0.0353409,10675.1,213.537,0.0356901,1494.51
3238,0.035204,0.035204,10675.1,213.537,0.0355118,1494.51
3239,0.0350091,0.0350091,10675.1,213.537,0.0353645,1494.51
3240,0.0349202,0.0349202,10675.1,213.537,0.0352974,1494.51
3241,0.0347872,0.0347872,10675.1,213.537,0.0351728,1494.51
3242,0.0346956,0.0346956,10675.1,213.537,0.0349097,1494.51
3243,0.0343767,0.0343767,10675.1,213.537,0.034924,1494.51
3244,0.0342616,0.0342616,10675.1,213.536,0.0347418,1494.51
3245,0.0341462,0.0341462,10675.1,213.536,0.034487,1494.51
3246,0.0341176,0.0341176,10675.1,213.536,0.0344106,1494.51
3247,0.0340163,0.0340163,10675.1,213.536,0.0343582,1494.51
3248,0.03393,0.03393,10675.1,213.536,0.0343351,1494.51
3249,0.0338504,0.0338504,10675.1,213.536,0.0341191,1494.51
3250,0.0337512,0.0337512,10675.1,213.536,0.0340304,1494.51
3251,0.0335909,0.0335909,10675.1,213.536,0.0339296,1494.51
3252,0.0334349,0.0334349,10675.1,213.536,0.0338479,1494.51
3253,0.0334349,0.0334918,10675.1,213.536,0.0338877,1494.51
3254,0.0334349,0.0334577,10675.1,213.536,0.0337678,1494.51
3255,0.0333046,0.0333046,10675.1,213.535,0.0336769,1494.51
3256,0.0333046,0.0333236,10675.1,213.535,0.0336838,1494.51
3257,0.0333046,0.0333161,10675.1,213.535,0.0336006,1494.51
3258,0.0331012,0.0331012,10675.1,213.535,0.0334027,1494.51
3259,0.0330122,0.0330122,10675.1,213.535,0.0333842,1494.51
3260,0.0329053,0.0329053,10675.1,213.535,0.0332336,1494.51
3261,0.0328386,0.0328386,10675.1,213.535,0.0332148,1494.51
3262,0.0326888,0.0326888,10675.1,213.535,0.0329884,1494.51
3263,0.0323746,0.0323746,10675.1,213.535,0.0328042,1494.51
3264,0.0323342,0.0323342,10675.1,213.534,0.0326508,1494.51
3265,0.0322529,0.0322529,10675.1,213.534,0.0325433,1494.51
3266,0.0320861,0.0320861,10675.1,213.534,0.0323846,1494.51
3267,0.0318308,0.0318308,10675.1,213.534,0.0322739,1494.51
3268,0.0316926,0.0316926,10675.1,213.534,0.0320187,1494.51
3269,0.0316166,0.0316166,10675.1,213.534,0.0319844,1494.51
3270,0.0313509,0.0313509,10675.1,213.533,0.0316777,1494.51
3271,0.0312125,0.0312125,10675.1,213.533,0.0315668,1494.51
3272,0.0311326,0.0311326,10675.1,213.533,0.0314378,1494.51
3273,0.030877,0.030877,10675.1,213.533,0.0312098,1494.51
3274,0.0306508,0.0306508,10675.1,213.533,0.0310477,1494.51
3275,0.0305949,0.0305949,10675.1,213.533,0.0308082,1494.51
3276,0.0304012,0.0304012,10675.1,213.533,0.0308,1494.51
3277,0.0302862,0.0302862,10675.1,213.532,0.0304904,1494.51
3278,0.0301091,0.0301091,10675.1,213.532,0.0305011,1494.51
3279,0.0299204,0.0299204,10675.1,213.532,0.0302702,1494.51
3280,0.0298842,0.0298842,10675.1,213.532,0.0301631,1494.51
3281,0.0297715,0.0297715,10675.1,213.532,0.0300921,1494.51
3282,0.0297525,0.0297525,10675.1,213.532,0.0300275,1494.51
3283,0.0296109,0.0296109,10675.1,213.532,0.0297953,1494.51
3284,0.029489,0.029489,10675.1,213.532,0.0298659,1494.51
3285,0.0293445,0.0293445,10675.1,213.531,0.0295657,1494.51
3286,0.0292374,0.0292374,10675.1,213.532,0.0296703,1494.51
3287,0.0289802,0.0289802,10675.1,213.531,0.029331,1494.51
3288,0.0289756,0.0289756,10675.1,213.531,0.0293548,1494.51
3289,0.0288125,0.0288125,10675.1,213.531,0.0290412,1494.51
3290,0.0285661,0.0285661,10675.1,213.531,0.0290425,1494.51
3291,0.0285233,0.0285233,10675.1,213.531,0.0287504,1494.51
3292,0.028386,0.028386,10675.1,213.531,0.0287862,1494.51
3293,0.0282767,0.0282767,10675.1,213.53,0.028517,1494.51
3294,0.0281424,0.0281424,10675.1,213.53,0.0285736,1494.51
3295,0.0280412,0.0280412,10675.1,213.53,0.0282183,1494.51
3296,0.0280292,0.0280292,10675.1,213.53,0.0283511,1494.51
3297,0.0278838,0.0278838,10675.1,213.53,0.028044,1494.51
3298,0.0277091,0.0277091,10675.1,213.53,0.0282205,1494.51
3299,0.0276548,0.0276548,10675.1,213.53,0.0278737,1494.51
3300,0.0275738,0.0275738,10675.1,213.53,0.0281248,1494.51
3301,0.027407,0.027407,10675.1,213.529,0.027653,1494.51
3302,0.0273029,0.0273029,10675.1,213.53,0.0277014,1494.51
3303,0.0272549,0.0272549,10675.1,213.529,0.0274295,1494.51
3304,0.0271193,0.0271193,10675.1,213.529,0.0274854,1494.51
3305,0.0270716,0.0270716,10675.1,213.529,0.0272595,1494.51
3306,0.0269677,0.0269677,10675.1,213.529,0.0272321,1494.51
3307,0.0268216,0.0268216,10675.1,213.529,0.0270598,1494.51
3308,0.0267584,0.0267584,10675.1,213.529,0.0271999,1494.51
3309,0.0266323,0.0266323,10675.1,213.529,0.026895,1494.51
3310,0.0266323,0.0266466,10675.1,213.529,0.0269686,1494.51
3311,0.0264175,0.0264175,10675.1,213.529,0.0266745,1494.51
3312,0.0263737,0.0263737,10675.1,213.529,0.0267565,1494.51
3313,0.0262499,0.0262499,10675.1,213.528,0.0264828,1494.51
3314,0.0261165,0.0261165,10675.1,213.528,0.0265477,1494.51
3315,0.0261033,0.0261033,10675.1,213.528,0.0262869,1494.51
3316,0.0260105,0.0260105,10675.1,213.528,0.0263316,1494.51
3317,0.0259237,0.0259237,10675.1,213.528,0.026127,1494.51
3318,0.0258571,0.0258571,10675.1,213.528,0.0261523,1494.51
3319,0.0257102,0.0257102,10675.1,213.528,0.0259035,1494.51
3320,0.0256774,0.0256774,10675.1,213.528,0.0259522,1494.51
3321,0.025575,0.025575,10675.1,213.528,0.025808,1494.51
3322,0.0254853,0.0254853,10675.1,213.528,0.0257771,1494.51
3323,0.0254449,0.0254449,10675.1,213.528,0.0256922,1494.51
3324,0.0253706,0.0253706,10675.1,213.527,0.0255877,1494.51
3325,0.0253643,0.0253643,10675.1,213.527,0.0256355,1494.51
3326,0.0252583,0.0252583,10675.1,213.527,0.025511,1494.51
3327,0.0251423,0.0251423,10675.1,213.527,0.0254387,1494.51
3328,0.0250521,0.0250521,10675.1,213.527,0.02526,1494.51
3329,0.024929,0.024929,10675.1,213.527,0.0251908,1494.51
3330,0.0249055,0.0249055,10675.1,213.527,0.0251315,1494.51
3331,0.0247718,0.0247718,10675.1,213.527,0.0250489,1494.51
3332,0.0247269,0.0247269,10675.1,213.527,0.0249161,1494.51
3333,0.0246268,0.0246268,10675.1,213.527,0.0248692,1494.51
3334,0.0244656,0.0244656,10675.1,213.527,0.0247283,1494.51
3335,0.0244203,0.0244203,10675.1,213.527,0.0246681,1494.51
3336,0.0243303,0.0243303,10675.1,213.526,0.0245597,1494.51
3337,0.0242531,0.0242531,10675.1,213.526,0.0244443,1494.51
3338,0.0241768,0.0241768,10675.1,213.526,0.0243885,1494.51
3339,0.02405,0.02405,10675.1,213.526,0.02428,1494.51
3340,0.0238517,0.0238517,10675.1,213.526,0.0241349,1494.51
3341,0.0238394,0.0238394,10675.1,213.526,0.0240086,1494.51
3342,0.0237155,0.0237155,10675.1,213.526,0.0239865,1494.51
3343,0.0235053,0.0235053,10675.1,213.526,0.0237785,1494.51
3344,0.0235053,0.0235169,10675.1,213.526,0.0238015,1494.51
3345,0.0233665,0.0233665,10675.1,213.525,0.0235386,1494.51
3346,0.023288,0.023288,10675.1,213.525,0.0235682,1494.51
3347,0.0231993,0.0231993,10675.1,213.525,0.0233964,1494.51
3348,0.0230672,0.0230672,10675.1,213.525,0.0234275,1494.51
3349,0.0229673,0.0229673,10675.1,213.525,0.0231697,1494.51
3350,0.0228944,0.0228944,10675.1,213.525,0.0232485,1494.51
3351,0.0228112,0.0228112,10675.1,213.525,0.0229821,1494.51
3352,0.0227228,0.0227228,10675.1,213.525,0.0229123,1494.51
3353,0.0225635,0.0225635,10675.1,213.525,0.0227749,1494.51
3354,0.0224799,0.0224799,10675.1,213.525,0.022708,1494.51
3355,0.0223214,0.0223214,10675.1,213.524,0.0225082,1494.51
3356,0.0221762,0.0221762,10675.1,213.524,0.0224152,1494.51
3357,0.022117,0.022117,10675.1,213.524,0.0222792,1494.51
3358,0.0220311,0.0220311,10675.1,213.524,0.0223037,1494.51
3359,0.0219058,0.0219058,10675.1,213.524,0.0220962,1494.51
3360,0.0218637,0.0218637,10675.1,213.524,0.0220531,1494.51
3361,0.0216826,0.0216826,10675.1,213.524,0.0219213,1494.51
3362,0.0215659,0.0215659,10675.1,213.524,0.0218267,1494.51
3363,0.0214778,0.0214778,10675.1,213.524,0.0217205,1494.51
3364,0.0214379,0.0214379,10675.1,213.524,0.0216496,1494.51
3365,0.0213067,0.0213067,10675.1,213.524,0.0215281,1494.51
3366,0.021169,0.021169,10675.1,213.523,0.0213487,1494.51
3367,0.0210145,0.0210145,10675.1,213.523,0.0212852,1494.51
3368,0.0210073,0.0210073,10675.1,213.523,0.0212466,1494.51
3369,0.0209509,0.0209509,10675.1,213.523,0.0210814,1494.51
3370,0.0208454,0.0208454,10675.1,213.523,0.021061,1494.51
3371,0.0207548,0.0207548,10675.1,213.523,0.0209142,1494.51
3372,0.0205959,0.0205959,10675.1,213.523,0.0208824,1494.51
3373,0.0205608,0.0205608,10675.1,213.523,0.0207698,1494.51
3374,0.0204958,0.0204958,10675.1,213.523,0.0207216,1494.51
3375,0.0204235,0.0204235,10675.1,213.523,0.0205722,1494.51
3376,0.0203326,0.0203326,10675.1,213.523,0.020562,1494.51
3377,0.0202462,0.0202462,10675.1,213.522,0.020363,1494.51
3378,0.0202026,0.0202026,10675.1,213.522,0.0204238,1494.51
3379,0.0201069,0.0201069,10675.1,213.522,0.0202318,1494.51
3380,0.0200251,0.0200251,10675.1,213.522,0.0203892,1494.51
3381,0.0199602,0.0199602,10675.1,213.522,0.0200844,1494.51
3382,0.0199238,0.0199238,10675.1,213.522,0.0201528,1494.51
3383,0.0198208,0.0198208,10675.1,213.522,0.0199752,1494.51
3384,0.0197885,0.0197885,10675.1,213.522,0.0200013,1494.51
3385,0.0197015,0.0197015,10675.1,213.522,0.0199035,1494.51
3386,0.0197015,0.0197208,10675.1,213.522,0.0199253,1494.51
3387,0.0196223,0.0196223,10675.1,213.522,0.0198122,1494.51
3388,0.0195721,0.0195721,10675.1,213.522,0.0197399,1494.51
3389,0.0194563,0.0194563,10675.1,213.522,0.0196768,1494.51
3390,0.0193938,0.0193938,10675.1,213.522,0.0196054,1494.51
3391,0.0193489,0.0193489,10675.1,213.522,0.0195409,1494.51
3392,0.0193394,0.0193394,10675.1,213.521,0.0194674,1494.51
3393,0.0192373,0.0192373,10675.1,213.521,0.0194244,1494.51
3394,0.0191237,0.0191237,10675.1,213.521,0.0193061,1494.51
3395,0.0190191,0.0190191,10675.1,213.521,0.0192081,1494.51
3396,0.018953,0.018953,10675.1,213.521,0.019121,1494.51
3397,0.0188559,0.0188559,10675.1,213.521,0.0190238,1494.51
3398,0.0187689,0.0187689,10675.1,213.521,0.0189324,1494.51
3399,0.0186975,0.0186975,10675.1,213.521,0.0188477,1494.51
3400,0.0186081,0.0186081,10675.1,213.521,0.018779,1494.51
3401,0.0185341,0.0185341,10675.1,213.521,0.0186805,1494.51
3402,0.0184262,0.0184262,10675.1,213.521,0.0185594,1494.51
3403,0.0183643,0.0183643,10675.1,213.521,0.0184988,1494.51
3404,0.0182555,0.0182555,10675.1,213.52,0.0184216,1494.51
3405,0.0181524,0.0181524,10675.1,213.52,0.0183236,1494.51
3406,0.0180297,0.0180297,10675.1,213.52,0.0182231,1494.51
3407,0.0179929,0.0179929,10675.1,213.52,0.0181849,1494.51
3408,0.0179504,0.0179504,10675.1,213.52,0.0180875,1494.51
3409,0.0178557,0.0178557,10675.1,213.52,0.018051,1494.51
3410,0.017788,0.017788,10675.1,213.52,0.0178911,1494.51
3411,0.0177015,0.0177015,10675.1,213.52,0.0178438,1494.51
3412,0.0176404,0.0176404,10675.1,213.52,0.0178155,1494.51
3413,0.0175227,0.0175227,10675.1,213.52,0.0177445,1494.51
3414,0.0174712,0.0174712,10675.1,213.52,0.0176549,1494.51
3415,0.0174364,0.0174364,10675.1,213.52,0.0175832,1494.51
3416,0.0173263,0.0173263,10675.1,213.52,0.0175011,1494.51
3417,0.0172965,0.0172965,10675.1,213.519,0.0174438,1494.51
3418,0.0172451,0.0172451,10675.1,213.519,0.0173535,1494.51
3419,0.0171213,0.0171213,10675.1,213.519,0.0173282,1494.51
3420,0.0170952,0.0170952,10675.1,213.519,0.0172379,1494.51
3421,0.0170275,0.0170275,10675.1,213.519,0.0171969,1494.51
3422,0.0169414,0.0169414,10675.1,213.519,0.0171697,1494.51
3423,0.0169086,0.0169086,10675.1,213.519,0.0170398,1494.51
3424,0.0168175,0.0168175,10675.1,213.519,0.0170297,1494.51
3425,0.0167709,0.0167709,10675.1,213.519,0.016895,1494.51
3426,0.0166924,0.0166924,10675.1,213.519,0.0168968,1494.51
3427,0.0166011,0.0166011,10675.1,213.519,0.0168136,1494.51
3428,0.0165848,0.0165848,10675.1,213.519,0.0167314,1494.51
3429,0.0165202,0.0165202,10675.1,213.519,0.0166774,1494.51
3430,0.0164441,0.0164441,10675.1,213.519,0.016641,1494.51
3431,0.0164227,0.0164227,10675.1,213.519,0.0166077,1494.51
3432,0.0163826,0.0163826,10675.1,213.519,0.0164932,1494.51
3433,0.0163155,0.0163155,10675.1,213.519,0.0164866,1494.51
3434,0.0162362,0.0162362,10675.1,213.518,0.0163429,1494.51
3435,0.0161648,0.0161648,10675.1,213.519,0.0164868,1494.51
3436,0.0161207,0.0161207,10675.1,213.518,0.0162119,1494.51
3437,0.0160449,0.0160449,10675.1,213.518,0.0162467,1494.51
3438,0.0159328,0.0159328,10675.1,213.518,0.0160239,1494.51
3439,0.0158782,0.0158782,10675.1,213.518,0.016056,1494.51
3440,0.0157772,0.0157772,10675.1,213.518,0.0158798,1494.51
3441,0.0156962,0.0156962,10675.1,213.518,0.0158614,1494.51
3442,0.0156444,0.0156444,10675.1,213.518,0.0157513,1494.51
3443,0.0155759,0.0155759,10675.1,213.518,0.015733,1494.51
3444,0.0154645,0.0154645,10675.1,213.518,0.0156093,1494.51
3445,0.0154427,0.0154427,10675.1,213.518,0.0155912,1494.51
3446,0.0153553,0.0153553,10675.1,213.518,0.0154883,1494.51
3447,0.0152718,0.0152718,10675.1,213.518,0.0154389,1494.51
3448,0.0152294,0.0152294,10675.1,213.517,0.0153561,1494.51
3449,0.015144,0.015144,10675.1,213.517,0.0153061,1494.51
3450,0.0150253,0.0150253,10675.1,213.517,0.0151607,1494.51
3451,0.0149806,0.0149806,10675.1,213.517,0.0151814,1494.51
3452,0.0149354,0.0149354,10675.1,213.517,0.015062,1494.51
3453,0.0149188,0.0149188,10675.1,213.517,0.0151005,1494.51
3454,0.0148332,0.0148332,10675.1,213.517,0.0149782,1494.51
3455,0.0148332,0.0148903,10675.1,213.517,0.0150285,1494.51
3456,0.0148015,0.0148015,10675.1,213.517,0.0149231,1494.51
3457,0.014777,0.014777,10675.1,213.517,0.0149532,1494.51
3458,0.0147218,0.0147218,10675.1,213.517,0.0148157,1494.51
3459,0.0146393,0.0146393,10675.1,213.517,0.0148657,1494.51
3460,0.0146141,0.0146141,10675.1,213.517,0.0147161,1494.51
3461,0.0145654,0.0145654,10675.1,213.517,0.0147546,1494.51
3462,0.0145216,0.0145216,10675.1,213.517,0.0146445,1494.51
3463,0.0145025,0.0145025,10675.1,213.517,0.0146612,1494.51
3464,0.0144249,0.0144249,10675.1,213.517,0.0145487,1494.51
3465,0.0143798,0.0143798,10675.1,213.517,0.0145925,1494.51
3466,0.014339,0.014339,10675.1,213.517,0.0144708,1494.51
3467,0.0142768,0.0142768,10675.1,213.517,0.0144159,1494.51
3468,0.0142248,0.0142248,10675.1,213.516,0.0143834,1494.51
3469,0.0142061,0.0142061,10675.1,213.516,0.0143135,1494.51
3470,0.014159,0.014159,10675.1,213.516,0.0143182,1494.51
3471,0.0141398,0.0141398,10675.1,213.516,0.014218,1494.51
3472,0.0140954,0.0140954,10675.1,213.516,0.0142273,1494.51
3473,0.0140082,0.0140082,10675.1,213.516,0.0141354,1494.51
3474,0.0139886,0.0139886,10675.1,213.516,0.0141086,1494.51
3475,0.0139378,0.0139378,10675.1,213.516,0.0140673,1494.51
3476,0.0138428,0.0138428,10675.1,213.516,0.0139768,1494.51
3477,0.0138428,0.0138535,10675.1,213.516,0.0139397,1494.51
3478,0.0137955,0.0137955,10675.1,213.516,0.0139035,1494.51
3479,0.0137398,0.0137398,10675.1,213.516,0.0138852,1494.51
3480,0.0137072,0.0137072,10675.1,213.516,0.0137745,1494.51
3481,0.0136564,0.0136564,10675.1,213.516,0.0138236,1494.51
3482,0.0135904,0.0135904,10675.1,213.516,0.0137023,1494.51
3483,0.0135312,0.0135312,10675.1,213.516,0.0136734,1494.51
3484,0.0134585,0.0134585,10675.1,213.516,0.0135651,1494.51
3485,0.0134003,0.0134003,10675.1,213.516,0.0135233,1494.51
3486,0.0132932,0.0132932,10675.1,213.515,0.0134065,1494.51
3487,0.0132424,0.0132424,10675.1,213.515,0.0133541,1494.51
3488,0.0131586,0.0131586,10675.1,213.515,0.0132524,1494.51
3489,0.0131252,0.0131252,10675.1,213.515,0.013251,1494.51
3490,0.0130492,0.0130492,10675.1,213.515,0.0131528,1494.51
3491,0.0129827,0.0129827,10675.1,213.515,0.0131601,1494.51
3492,0.0129165,0.0129165,10675.1,213.515,0.0130206,1494.51
3493,0.012843,0.012843,10675.1,213.515,0.0129714,1494.51
3494,0.0127258,0.0127258,10675.1,213.515,0.012841,1494.51
3495,0.0126837,0.0126837,10675.1,213.515,0.0127872,1494.51
3496,0.0125903,0.0125903,10675.1,213.515,0.0127328,1494.51
3497,0.0125699,0.0125699,10675.1,213.515,0.0126732,1494.51
3498,0.012518,0.012518,10675.1,213.515,0.0126279,1494.51
3499,0.0124692,0.0124692,10675.1,213.515,0.0125698,1494.51
3500,0.0124298,0.0124298,10675.1,213.515,0.0125541,1494.51
3501,0.0123801,0.0123801,10675.1,213.515,0.0124755,1494.51
3502,0.0123204,0.0123204,10675.1,213.515,0.0124493,1494.51
3503,0.012245,0.012245,10675.1,213.514,0.0123866,1494.51
3504,0.0122162,0.0122162,10675.1,213.514,0.0123185,1494.51
3505,0.0121432,0.0121432,10675.1,213.514,0.0122635,1494.51
3506,0.0121061,0.0121061,10675.1,213.514,0.0121914,1494.51
3507,0.0120304,0.0120304,10675.1,213.514,0.0121576,1494.51
3508,0.0119915,0.0119915,10675.1,213.514,0.0120847,1494.51
3509,0.0119259,0.0119259,10675.1,213.514,0.0120558,1494.51
3510,0.0118905,0.0118905,10675.1,213.514,0.0119666,1494.51
3511,0.0118233,0.0118233,10675.1,213.514,0.0119617,1494.51
3512,0.0117412,0.0117412,10675.1,213.514,0.0118201,1494.51
3513,0.0116465,0.0116465,10675.1,213.514,0.011791,1494.51
3514,0.0115843,0.0115843,10675.1,213.514,0.0117052,1494.51
3515,0.0115615,0.0115615,10675.1,213.514,0.0116403,1494.51
3516,0.0114857,0.0114857,10675.1,213.514,0.0115591,1494.51
3517,0.0114169,0.0114169,10675.1,213.514,0.0115021,1494.51
3518,0.011348,0.011348,10675.1,213.514,0.0114817,1494.51
3519,0.0113041,0.0113041,10675.1,213.514,0.0113805,1494.51
3520,0.0112301,0.0112301,10675.1,213.513,0.0113297,1494.51
3521,0.011136,0.011136,10675.1,213.513,0.0112735,1494.51
3522,0.011136,0.0111502,10675.1,213.513,0.01126,1494.51
3523,0.0110763,0.0110763,10675.1,213.513,0.0111569,1494.51
3524,0.0109967,0.0109967,10675.1,213.513,0.0110908,1494.51
3525,0.0109425,0.0109425,10675.1,213.513,0.0110436,1494.51
3526,0.0108584,0.0108584,10675.1,213.513,0.0109522,1494.51
3527,0.0107796,0.0107796,10675.1,213.513,0.0108949,1494.51
3528,0.0107693,0.0107693,10675.1,213.513,0.0108536,1494.51
3529,0.0107192,0.0107192,10675.1,213.513,0.0107978,1494.51
3530,0.010668,0.010668,10675.1,213.513,0.0107432,1494.51
3531,0.0106336,0.0106336,10675.1,213.513,0.010727,1494.51
3532,0.0105611,0.0105611,10675.1,213.513,0.010648,1494.51
3533,0.0104947,0.0104947,10675.1,213.513,0.0106067,1494.51
3534,0.0104627,0.0104627,10675.1,213.513,0.0105354,1494.51
3535,0.0104215,0.0104215,10675.1,213.513,0.0105168,1494.51
3536,0.0103672,0.0103672,10675.1,213.513,0.0104438,1494.51
3537,0.0103112,0.0103112,10675.1,213.513,0.0104381,1494.51
3538,0.0102805,0.0102805,10675.1,213.512,0.0103504,1494.51
3539,0.0102513,0.0102513,10675.1,213.513,0.0103463,1494.51
3540,0.0102078,0.0102078,10675.1,213.512,0.0102654,1494.51
3541,0.0101239,0.0101239,10675.1,213.512,0.0102757,1494.51
3542,0.0101209,0.0101209,10675.1,213.512,0.0101963,1494.51
3543,0.0100712,0.0100712,10675.1,213.512,0.010174,1494.51
3544,0.010018,0.010018,10675.1,213.512,0.010104,1494.51
3545,0.0100082,0.0100082,10675.1,213.512,0.0100897,1494.51
3546,0.00994237,0.00994237,10675.1,213.512,0.0100206,1494.51
3547,0.00993139,0.00993139,10675.1,213.512,0.0100165,1494.51
3548,0.00984395,0.00984395,10675.1,213.512,0.00992194,1494.51
3549,0.0098079,0.0098079,10675.1,213.512,0.00993144,1494.51
3550,0.00977545,0.00977545,10675.1,213.512,0.00984804,1494.51
3551,0.00976718,0.00976718,10675.1,213.512,0.00983739,1494.51
3552,0.00971359,0.00971359,10675.1,213.512,0.00978335,1494.52
3553,0.00968251,0.00968251,10675.1,213.512,0.00978648,1494.52
3554,0.00964828,0.00964828,10675.1,213.512,0.00973057,1494.52
3555,0.00962447,0.00962447,10675.1,213.512,0.00970936,1494.52
3556,0.00958225,0.00958225,10675.1,213.512,0.00966542,1494.52
3557,0.00953435,0.00953435,10675.1,213.512,0.00963704,1494.52
3558,0.00950775,0.00950775,10675.1,213.512,0.00957054,1494.52
3559,0.00948367,0.00948367,10675.1,213.512,0.00956721,1494.52
3560,0.00943831,0.00943831,10675.1,213.512,0.00949476,1494.52
3561,0.00940722,0.00940722,10675.1,213.512,0.00953021,1494.52
3562,0.00936964,0.00936964,10675.1,213.512,0.00943961,1494.52
3563,0.00933788,0.00933788,10675.1,213.512,0.00944875,1494.52
3564,0.00930839,0.00930839,10675.1,213.512,0.00937495,1494.52
3565,0.00928749,0.00928749,10675.1,213.512,0.00937262,1494.52
3566,0.00926059,0.00926059,10675.1,213.511,0.00932742,1494.52
3567,0.00922877,0.00922877,10675.1,213.511,0.00932597,1494.52
3568,0.00922432,0.00922432,10675.1,213.511,0.00927903,1494.52
3569,0.00918592,0.00918592,10675.1,213.511,0.00925706,1494.52
3570,0.00916124,0.00916124,10675.1,213.511,0.00923204,1494.52
3571,0.00912772,0.00912772,10675.1,213.511,0.00920351,1494.52
3572,0.00907175,0.00907175,10675.1,213.511,0.00917322,1494.52
3573,0.00904125,0.00904125,10675.1,213.511,0.00912331,1494.52
3574,0.00904125,0.00906023,10675.1,213.511,0.00914725,1494.52
3575,0.00904125,0.00905318,10675.1,213.511,0.00910954,1494.52
3576,0.00903285,0.00903285,10675.1,213.511,0.00910201,1494.52
3577,0.00901782,0.00901782,10675.1,213.511,0.00908535,1494.52
3578,0.00896918,0.00896918,10675.1,213.511,0.00903586,1494.52
3579,0.00895228,0.00895228,10675.1,213.511,0.00903694,1494.52
3580,0.00893071,0.00893071,10675.1,213.511,0.00899331,1494.52
3581,0.00891162,0.00891162,10675.1,213.511,0.00896985,1494.52
3582,0.00887717,0.00887717,10675.1,213.511,0.00892717,1494.52
3583,0.00883178,0.00883178,10675.1,213.511,0.00889575,1494.52
3584,0.00878045,0.00878045,10675.1,213.511,0.0088272,1494.52
3585,0.00873739,0.00873739,10675.1,213.511,0.0088,1494.52
3586,0.00865473,0.00865473,10675.1,213.511,0.00873558,1494.52
3587,0.00862209,0.00862209,10675.1,213.511,0.00868967,1494.52
3588,0.0085777,0.0085777,10675.1,213.511,0.0086212,1494.52
3589,0.0084856,0.0084856,10675.1,213.511,0.00858374,1494.52
3590,0.00845782,0.00845782,10675.1,213.511,0.00852433,1494.52
3591,0.0083494,0.0083494,10675.1,213.511,0.00845139,1494.52
3592,0.0083186,0.0083186,10675.1,213.511,0.00839317,1494.52
3593,0.00825448,0.00825448,10675.1,213.511,0.00833209,1494.52
3594,0.00819715,0.00819715,10675.1,213.51,0.00825568,1494.52
3595,0.00815015,0.00815015,10675.1,213.51,0.00820907,1494.52
3596,0.00808243,0.00808243,10675.1,213.51,0.00814926,1494.52
3597,0.00801043,0.00801043,10675.1,213.51,0.00808919,1494.52
3598,0.0079574,0.0079574,10675.1,213.51,0.00804238,1494.52
3599,0.00791169,0.00791169,10675.1,213.51,0.00798788,1494.52
3600,0.00790308,0.00790308,10675.1,213.51,0.00796839,1494.52
3601,0.00787141,0.00787141,10675.1,213.51,0.00791128,1494.52
3602,0.00783767,0.00783767,10675.1,213.51,0.00789353,1494.52
3603,0.00779189,0.00779189,10675.1,213.51,0.00783563,1494.52
3604,0.00774917,0.00774917,10675.1,213.51,0.00781712,1494.52
3605,0.00771808,0.00771808,10675.1,213.51,0.00777773,1494.52
3606,0.00766456,0.00766456,10675.1,213.51,0.00775253,1494.52
3607,0.00763284,0.00763284,10675.1,213.51,0.00771269,1494.52
3608,0.00760657,0.00760657,10675.1,213.51,0.00769486,1494.52
3609,0.00760329,0.00760329,10675.1,213.51,0.00765315,1494.52
3610,0.0075556,0.0075556,10675.1,213.51,0.00760933,1494.52
3611,0.00752918,0.00752918,10675.1,213.51,0.00758066,1494.52
3612,0.00750543,0.00750543,10675.1,213.51,0.00756297,1494.52
3613,0.00746336,0.00746336,10675.1,213.51,0.00752764,1494.52
3614,0.00744944,0.00744944,10675.1,213.51,0.00750169,1494.52
3615,0.00741206,0.00741206,10675.1,213.51,0.00748372,1494.52
3616,0.00740524,0.00740524,10675.1,213.51,0.00745164,1494.52
3617,0.00736895,0.00736895,10675.1,213.51,0.0074265,1494.52
3618,0.00735263,0.00735263,10675.1,213.51,0.00742102,1494.52
3619,0.00732004,0.00732004,10675.1,213.51,0.00737904,1494.52
3620,0.00731657,0.00731657,10675.1,213.51,0.00736573,1494.52
3621,0.00728718,0.00728718,10675.1,213.51,0.00733394,1494.52
3622,0.007271,0.007271,10675.1,213.51,0.00730586,1494.52
3623,0.00723472,0.00723472,10675.1,213.509,0.00728156,1494.52
3624,0.0071971,0.0071971,10675.1,213.509,0.00725307,1494.52
3625,0.00717256,0.00717256,10675.1,213.509,0.00723792,1494.52
3626,0.00712848,0.00712848,10675.1,213.509,0.00720701,1494.52
3627,0.00712095,0.00712095,10675.1,213.509,0.00716561,1494.52
3628,0.00709021,0.00709021,10675.1,213.509,0.00714298,1494.52
3629,0.0070587,0.0070587,10675.1,213.509,0.00710461,1494.52
3630,0.00703375,0.00703375,10675.1,213.509,0.0070848,1494.52
3631,0.00701372,0.00701372,10675.1,213.509,0.00705255,1494.52
3632,0.0069808,0.0069808,10675.1,213.509,0.00704925,1494.52
3633,0.00694923,0.00694923,10675.1,213.509,0.00700583,1494.52
3634,0.00691823,0.00691823,10675.1,213.509,0.00698222,1494.52
3635,0.00689254,0.00689254,10675.1,213.509,0.00694932,1494.52
3636,0.0068768,0.0068768,10675.1,213.509,0.00693447,1494.52
3637,0.00682729,0.00682729,10675.1,213.509,0.00688328,1494.52
3638,0.00678451,0.00678451,10675.1,213.509,0.00685123,1494.52
3639,0.00674795,0.00674795,10675.1,213.509,0.00681353,1494.52
3640,0.00673083,0.00673083,10675.1,213.509,0.00676982,1494.52
3641,0.00668901,0.00668901,10675.1,213.509,0.00675842,1494.52
3642,0.00666975,0.00666975,10675.1,213.509,0.00671476,1494.52
3643,0.00665951,0.00665951,10675.1,213.509,0.00670767,1494.52
3644,0.00663443,0.00663443,10675.1,213.509,0.00666893,1494.52
3645,0.00661681,0.00661681,10675.1,213.509,0.00666051,1494.52
3646,0.00658523,0.00658523,10675.1,213.509,0.00662821,1494.52
3647,0.00655211,0.00655211,10675.1,213.509,0.00659881,1494.52
3648,0.00654694,0.00654694,10675.1,213.509,0.00659367,1494.52
3649,0.00651716,0.00651716,10675.1,213.509,0.00654986,1494.52
3650,0.00649089,0.00649089,10675.1,213.509,0.00655402,1494.52
3651,0.00646019,0.00646019,10675.1,213.509,0.00650601,1494.52
3652,0.00642107,0.00642107,10675.1,213.509,0.00650389,1494.52
3653,0.0064157,0.0064157,10675.1,213.509,0.00645927,1494.52
3654,0.00638195,0.00638195,10675.1,213.509,0.00644424,1494.52
3655,0.00634887,0.00634887,10675.1,213.509,0.00639619,1494.52
3656,0.00631208,0.00631208,10675.1,213.509,0.00636763,1494.52
3657,0.00629021,0.00629021,10675.1,213.509,0.00634615,1494.52
3658,0.00628504,0.00628504,10675.1,213.509,0.00632564,1494.52
3659,0.00624181,0.00624181,10675.1,213.509,0.00629194,1494.52
3660,0.00620602,0.00620602,10675.1,213.508,0.00624691,1494.52
3661,0.0061554,0.0061554,10675.1,213.508,0.00622223,1494.52
3662,0.00610133,0.00610133,10675.1,213.508,0.00617728,1494.52
3663,0.006091,0.006091,10675.1,213.508,0.00613345,1494.52
3664,0.0060537,0.0060537,10675.1,213.508,0.00610694,1494.52
3665,0.00601387,0.00601387,10675.1,213.508,0.00607512,1494.52
3666,0.00599847,0.00599847,10675.1,213.508,0.00604384,1494.52
3667,0.00596224,0.00596224,10675.1,213.508,0.00601973,1494.52
3668,0.00596081,0.00596081,10675.1,213.508,0.00599566,1494.52
3669,0.00591816,0.00591816,10675.1,213.508,0.00597087,1494.52
3670,0.00588611,0.00588611,10675.1,213.508,0.00594383,1494.52
3671,0.00587823,0.00587823,10675.1,213.508,0.00592379,1494.52
3672,0.00585599,0.00585599,10675.1,213.508,0.00589769,1494.52
3673,0.00582928,0.00582928,10675.1,213.508,0.00587409,1494.52
3674,0.00579857,0.00579857,10675.1,213.508,0.00585501,1494.52
3675,0.0057766,0.0057766,10675.1,213.508,0.00582371,1494.52
3676,0.00574626,0.00574626,10675.1,213.508,0.0058016,1494.52
3677,0.00572549,0.00572549,10675.1,213.508,0.00575541,1494.52
3678,0.00570953,0.00570953,10675.1,213.508,0.00574835,1494.52
3679,0.00568049,0.00568049,10675.1,213.508,0.00571717,1494.52
3680,0.0056434,0.0056434,10675.1,213.508,0.00569522,1494.52
3681,0.00561132,0.00561132,10675.1,213.508,0.00565374,1494.52
3682,0.00559247,0.00559247,10675.1,213.508,0.0056364,1494.52
3683,0.00556506,0.00556506,10675.1,213.508,0.00560852,1494.52
3684,0.005538,0.005538,10675.1,213.508,0.00558174,1494.52
3685,0.00550753,0.00550753,10675.1,213.508,0.00554893,1494.52
3686,0.00546935,0.00546935,10675.1,213.508,0.00551263,1494.52
3687,0.00542994,0.00542994,10675.1,213.508,0.00547493,1494.52
3688,0.00538971,0.00538971,10675.1,213.508,0.00544823,1494.52
3689,0.00536252,0.00536252,10675.1,213.508,0.00540567,1494.52
3690,0.00532906,0.00532906,10675.1,213.508,0.0053933,1494.52
3691,0.00529036,0.00529036,10675.1,213.508,0.00534275,1494.52
3692,0.00528168,0.00528168,10675.1,213.508,0.00532365,1494.52
3693,0.00525064,0.00525064,10675.1,213.508,0.00528391,1494.52
3694,0.0052103,0.0052103,10675.1,213.508,0.00526376,1494.52
3695,0.00519506,0.00519506,10675.1,213.507,0.00523483,1494.52
3696,0.00517456,0.00517456,10675.1,213.507,0.0052099,1494.52
3697,0.00515084,0.00515084,10675.1,213.507,0.00518864,1494.52
3698,0.00511263,0.00511263,10675.1,213.507,0.00515758,1494.52
3699,0.00508689,0.00508689,10675.1,213.507,0.0051251,1494.52
3700,0.0050506,0.0050506,10675.1,213.507,0.00508892,1494.52
3701,0.00501655,0.00501655,10675.1,213.507,0.00505463,1494.52
3702,0.00496499,0.00496499,10675.1,213.507,0.00502527,1494.52
3703,0.00496083,0.00496083,10675.1,213.507,0.00499279,1494.52
3704,0.00492849,0.00492849,10675.1,213.507,0.00496156,1494.52
3705,0.00490527,0.00490527,10675.1,213.507,0.00494193,1494.52
3706,0.00488223,0.00488223,10675.1,213.507,0.00491522,1494.52
3707,0.00483889,0.00483889,10675.1,213.507,0.00488457,1494.52
3708,0.00480357,0.00480357,10675.1,213.507,0.00484793,1494.52
3709,0.00477144,0.00477144,10675.1,213.507,0.00481987,1494.52
3710,0.00473736,0.00473736,10675.1,213.507,0.00479134,1494.52
3711,0.00471799,0.00471799,10675.1,213.507,0.00475089,1494.52
3712,0.00469446,0.00469446,10675.1,213.507,0.00473588,1494.52
3713,0.00466346,0.00466346,10675.1,213.507,0.00470848,1494.52
3714,0.00464765,0.00464765,10675.1,213.507,0.00468701,1494.52
3715,0.00463351,0.00463351,10675.1,213.507,0.00467209,1494.52
3716,0.00461458,0.00461458,10675.1,213.507,0.00464452,1494.52
3717,0.00457943,0.00457943,10675.1,213.507,0.00464678,1494.52
3718,0.00457943,0.00457951,10675.1,213.507,0.00460427,1494.52
3719,0.00455963,0.00455963,10675.1,213.507,0.00460901,1494.52
3720,0.00453603,0.00453603,10675.1,213.507,0.00457631,1494.52
3721,0.00451872,0.00451872,10675.1,213.507,0.00455014,1494.52
3722,0.00449763,0.00449763,10675.1,213.507,0.00452949,1494.52
3723,0.00447668,0.00447668,10675.1,213.507,0.00452071,1494.52
3724,0.00445875,0.00445875,10675.1,213.507,0.00449436,1494.52
3725,0.00443735,0.00443735,10675.1,213.507,0.00446681,1494.52
3726,0.00440114,0.00440114,10675.1,213.507,0.00445467,1494.52
3727,0.00438404,0.00438404,10675.1,213.507,0.0044345,1494.52
3728,0.00437291,0.00437291,10675.1,213.507,0.00441126,1494.52
3729,0.00435535,0.00435535,10675.1,213.507,0.00438597,1494.52
3730,0.00432892,0.00432892,10675.1,213.507,0.00436561,1494.52
3731,0.00431965,0.00431965,10675.1,213.507,0.00436083,1494.52
3732,0.00430955,0.00430955,10675.1,213.507,0.00433779,1494.52
3733,0.00429457,0.00429457,10675.1,213.507,0.00433737,1494.52
3734,0.00428309,0.00428309,10675.1,213.507,0.0043172,1494.52
3735,0.00427891,0.00427891,10675.1,213.507,0.00430589,1494.52
3736,0.00425851,0.00425851,10675.1,213.507,0.00429642,1494.52
3737,0.00421821,0.00421821,10675.1,213.507,0.00427663,1494.52
3738,0.0042007,0.0042007,10675.1,213.507,0.0042358,1494.52
3739,0.00417772,0.00417772,10675.1,213.506,0.00422122,1494.52
3740,0.00417772,0.00418342,10675.1,213.506,0.00420772,1494.52
3741,0.00416379,0.00416379,10675.1,213.506,0.00419033,1494.52
3742,0.00413215,0.00413215,10675.1,213.506,0.00417083,1494.52
3743,0.0041153,0.0041153,10675.1,213.506,0.00414188,1494.52
3744,0.00410512,0.00410512,10675.1,213.506,0.00413014,1494.52
3745,0.00408466,0.00408466,10675.1,213.506,0.00411121,1494.52
3746,0.00405994,0.00405994,10675.1,213.506,0.00408637,1494.52
3747,0.00404133,0.00404133,10675.1,213.506,0.00407238,1494.52
3748,0.00403325,0.00403325,10675.1,213.506,0.00406603,1494.52
3749,0.0040115,0.0040115,10675.1,213.506,0.00403647,1494.52
3750,0.00399166,0.00399166,10675.1,213.506,0.00403645,1494.52
3751,0.00398693,0.00398693,10675.1,213.506,0.00400999,1494.52
3752,0.0039799,0.0039799,10675.1,213.506,0.00401228,1494.52
3753,0.00396293,0.00396293,10675.1,213.506,0.00398342,1494.52
3754,0.0039468,0.0039468,10675.1,213.506,0.00398786,1494.52
3755,0.00393746,0.00393746,10675.1,213.506,0.00396028,1494.52
3756,0.00392166,0.00392166,10675.1,213.506,0.00395174,1494.52
3757,0.00389109,0.00389109,10675.1,213.506,0.00393317,1494.52
3758,0.00388484,0.00388484,10675.1,213.506,0.00391872,1494.52
3759,0.00386699,0.00386699,10675.1,213.506,0.0038979,1494.52
3760,0.00385879,0.00385879,10675.1,213.506,0.00388321,1494.52
3761,0.00383615,0.00383615,10675.1,213.506,0.00387282,1494.52
3762,0.00382812,0.00382812,10675.1,213.506,0.0038499,1494.52
3763,0.00379754,0.00379754,10675.1,213.506,0.00384543,1494.52
3764,0.00379754,0.00379963,10675.1,213.506,0.00383118,1494.52
3765,0.00378747,0.00378747,10675.1,213.506,0.00380993,1494.52
3766,0.0037713,0.0037713,10675.1,213.506,0.00379385,1494.52
3767,0.00376554,0.00376554,10675.1,213.506,0.00379833,1494.52
3768,0.00375744,0.00375744,10675.1,213.506,0.00378242,1494.52
3769,0.00375033,0.00375033,10675.1,213.506,0.00377589,1494.52
3770,0.00373101,0.00373101,10675.1,213.506,0.00376237,1494.52
3771,0.00371922,0.00371922,10675.1,213.506,0.0037506,1494.52
3772,0.0037063,0.0037063,10675.1,213.506,0.00373196,1494.52
3773,0.00369173,0.00369173,10675.1,213.506,0.00372495,1494.52
3774,0.00367329,0.00367329,10675.1,213.506,0.00370166,1494.52
3775,0.00365588,0.00365588,10675.1,213.506,0.00368901,1494.52
3776,0.00363949,0.00363949,10675.1,213.506,0.00367939,1494.52
3777,0.0036265,0.0036265,10675.1,213.506,0.00364946,1494.52
3778,0.00360876,0.00360876,10675.1,213.506,0.00363427,1494.52
3779,0.00359536,0.00359536,10675.1,213.506,0.00361727,1494.52
3780,0.00357563,0.00357563,10675.1,213.506,0.00360786,1494.52
3781,0.00355446,0.00355446,10675.1,213.506,0.00357664,1494.52
3782,0.00353446,0.00353446,10675.1,213.506,0.0035626,1494.52
3783,0.00351266,0.00351266,10675.1,213.506,0.00353734,1494.52
3784,0.00349518,0.00349518,10675.1,213.506,0.0035254,1494.52
3785,0.00348205,0.00348205,10675.1,213.506,0.00350673,1494.52
3786,0.0034411,0.0034411,10675.1,213.506,0.00348832,1494.52
3787,0.00343667,0.00343667,10675.1,213.506,0.00346495,1494.52
3788,0.00339976,0.00339976,10675.1,213.506,0.00344657,1494.52
3789,0.0033946,0.0033946,10675.1,213.506,0.00341407,1494.52
3790,0.00337951,0.00337951,10675.1,213.506,0.0034013,1494.52
3791,0.00335559,0.00335559,10675.1,213.506,0.00338125,1494.52
3792,0.00333881,0.00333881,10675.1,213.506,0.00335634,1494.52
3793,0.00330925,0.00330925,10675.1,213.506,0.00333762,1494.52
3794,0.00328408,0.00328408,10675.1,213.506,0.0033084,1494.52
3795,0.00325897,0.00325897,10675.1,213.506,0.00328501,1494.52
3796,0.00324833,0.00324833,10675.1,213.506,0.00326481,1494.52
3797,0.00322868,0.00322868,10675.1,213.506,0.00325879,1494.52
3798,0.00321729,0.00321729,10675.1,213.506,0.00323648,1494.52
3799,0.0031961,0.0031961,10675.1,213.506,0.00322539,1494.52
3800,0.00317957,0.00317957,10675.1,213.505,0.00320757,1494.52
3801,0.0031602,0.0031602,10675.1,213.505,0.00318258,1494.52
3802,0.00314933,0.00314933,10675.1,213.505,0.00317322,1494.52
3803,0.00313294,0.00313294,10675.1,213.505,0.00315695,1494.52
3804,0.00311224,0.00311224,10675.1,213.505,0.00313719,1494.52
3805,0.00309421,0.00309421,10675.1,213.505,0.00311692,1494.52
3806,0.00306668,0.00306668,10675.1,213.505,0.00309902,1494.52
3807,0.00305496,0.00305496,10675.1,213.505,0.00307764,1494.52
3808,0.00304348,0.00304348,10675.1,213.505,0.0030636,1494.52
3809,0.00302339,0.00302339,10675.1,213.505,0.00304805,1494.52
3810,0.0030004,0.0030004,10675.1,213.505,0.00302695,1494.52
3811,0.00299269,0.00299269,10675.1,213.505,0.00301132,1494.52
3812,0.00297042,0.00297042,10675.1,213.505,0.00299891,1494.52
3813,0.00295908,0.00295908,10675.1,213.505,0.00298224,1494.52
3814,0.00294324,0.00294324,10675.1,213.505,0.00295754,1494.52
3815,0.00292667,0.00292667,10675.1,213.505,0.00295209,1494.52
3816,0.00290523,0.00290523,10675.1,213.505,0.00292746,1494.52
3817,0.0028893,0.0028893,10675.1,213.505,0.00291885,1494.52
3818,0.00287939,0.00287939,10675.1,213.505,0.00290314,1494.52
3819,0.00286435,0.00286435,10675.1,213.505,0.00288823,1494.52
3820,0.00285062,0.00285062,10675.1,213.505,0.00286961,1494.52
3821,0.0028365,0.0028365,10675.1,213.505,0.00285305,1494.52
3822,0.00282311,0.00282311,10675.1,213.505,0.00284382,1494.52
3823,0.00280813,0.00280813,10675.1,213.505,0.00282734,1494.52
3824,0.00279302,0.00279302,10675.1,213.505,0.00281628,1494.52
3825,0.00277268,0.00277268,10675.1,213.505,0.00279782,1494.52
3826,0.0027541,0.0027541,10675.1,213.505,0.00277603,1494.52
3827,0.00274292,0.00274292,10675.1,213.505,0.00276371,1494.52
3828,0.00272495,0.00272495,10675.1,213.505,0.00275054,1494.52
3829,0.00271785,0.00271785,10675.1,213.505,0.00273516,1494.52
3830,0.00270581,0.00270581,10675.1,213.505,0.0027209,1494.52
3831,0.00268527,0.00268527,10675.1,213.505,0.00270268,1494.52
3832,0.00267207,0.00267207,10675.1,213.505,0.00269159,1494.52
3833,0.00265339,0.00265339,10675.1,213.505,0.00267142,1494.52
3834,0.0026423,0.0026423,10675.1,213.505,0.00265712,1494.52
3835,0.00263098,0.00263098,10675.1,213.505,0.00264975,1494.52
3836,0.00261463,0.00261463,10675.1,213.505,0.00263862,1494.52
3837,0.00259832,0.00259832,10675.1,213.505,0.00262206,1494.52
3838,0.00258296,0.00258296,10675.1,213.505,0.00260688,1494.52
3839,0.00256741,0.00256741,10675.1,213.505,0.0025973,1494.52
3840,0.00254837,0.00254837,10675.1,213.505,0.00256768,1494.52
3841,0.00252899,0.00252899,10675.1,213.505,0.00255233,1494.52
3842,0.00251147,0.00251147,10675.1,213.505,0.00253144,1494.52
3843,0.00249779,0.00249779,10675.1,213.505,0.00251595,1494.52
3844,0.00247798,0.00247798,10675.1,213.505,0.00250524,1494.52
3845,0.00246612,0.00246612,10675.1,213.505,0.00249163,1494.52
3846,0.00244954,0.00244954,10675.1,213.505,0.00246983,1494.52
3847,0.00242885,0.00242885,10675.1,213.505,0.00245252,1494.52
3848,0.00242028,0.00242028,10675.1,213.505,0.00243858,1494.52
3849,0.00240526,0.00240526,10675.1,213.505,0.002419,1494.52
3850,0.00238854,0.00238854,10675.1,213.505,0.00240789,1494.52
3851,0.00237485,0.00237485,10675.1,213.505,0.00239327,1494.52
3852,0.00236713,0.00236713,10675.1,213.505,0.00238718,1494.52
3853,0.00234815,0.00234815,10675.1,213.505,0.00237538,1494.52
3854,0.00234199,0.00234199,10675.1,213.505,0.002355,1494.52
3855,0.00232125,0.00232125,10675.1,213.505,0.00234393,1494.52
3856,0.00231038,0.00231038,10675.1,213.505,0.00232865,1494.52
3857,0.00229522,0.00229522,10675.1,213.505,0.0023136,1494.52
3858,0.00228571,0.00228571,10675.1,213.505,0.00230035,1494.52
3859,0.00226143,0.00226143,10675.1,213.505,0.00229268,1494.52
3860,0.00225508,0.00225508,10675.1,213.505,0.00227069,1494.52
3861,0.00223792,0.00223792,10675.1,213.505,0.00225631,1494.52
3862,0.0022284,0.0022284,10675.1,213.505,0.00224512,1494.52
3863,0.00221485,0.00221485,10675.1,213.505,0.00223167,1494.52
3864,0.00220508,0.00220508,10675.1,213.505,0.00222392,1494.52
3865,0.00219503,0.00219503,10675.1,213.505,0.00221101,1494.52
3866,0.00217912,0.00217912,10675.1,213.504,0.00219738,1494.52
3867,0.00216641,0.00216641,10675.1,213.504,0.00218628,1494.52
3868,0.0021558,0.0021558,10675.1,213.504,0.00217709,1494.52
3869,0.00213849,0.00213849,10675.1,213.504,0.00215821,1494.52
3870,0.00212084,0.00212084,10675.1,213.504,0.00214066,1494.52
3871,0.00210479,0.00210479,10675.1,213.504,0.00212683,1494.52
3872,0.00209044,0.00209044,10675.1,213.504,0.00210502,1494.52
3873,0.00207486,0.00207486,10675.1,213.504,0.00209322,1494.52
3874,0.00205589,0.00205589,10675.1,213.504,0.00207486,1494.52
3875,0.00204003,0.00204003,10675.1,213.504,0.00206024,1494.52
3876,0.00202531,0.00202531,10675.1,213.504,0.00204804,1494.52
3877,0.00201421,0.00201421,10675.1,213.504,0.00202875,1494.52
3878,0.00200036,0.00200036,10675.1,213.504,0.00202125,1494.52
3879,0.00199158,0.00199158,10675.1,213.504,0.00200496,1494.52
3880,0.00197234,0.00197234,10675.1,213.504,0.00199115,1494.52
3881,0.00196006,0.00196006,10675.1,213.504,0.0019735,1494.52
3882,0.00194294,0.00194294,10675.1,213.504,0.00196175,1494.52
3883,0.00192557,0.00192557,10675.1,213.504,0.00194353,1494.52
3884,0.00191533,0.00191533,10675.1,213.504,0.00193138,1494.52
3885,0.00189983,0.00189983,10675.1,213.504,0.00191504,1494.52
3886,0.00188842,0.00188842,10675.1,213.504,0.00190331,1494.52
3887,0.0018688,0.0018688,10675.1,213.504,0.00189045,1494.52
3888,0.00186118,0.00186118,10675.1,213.504,0.00187522,1494.52
3889,0.00184574,0.00184574,10675.1,213.504,0.00186196,1494.52
3890,0.00183275,0.00183275,10675.1,213.504,0.00184997,1494.52
3891,0.00182191,0.00182191,10675.1,213.504,0.00183922,1494.52
3892,0.00181249,0.00181249,10675.1,213.504,0.00182369,1494.52
3893,0.00180115,0.00180115,10675.1,213.504,0.0018143,1494.52
3894,0.00178769,0.00178769,10675.1,213.504,0.00179754,1494.52
3895,0.00177136,0.00177136,10675.1,213.504,0.00178751,1494.52
3896,0.00175361,0.00175361,10675.1,213.504,0.00177241,1494.52
3897,0.00174245,0.00174245,10675.1,213.504,0.00175742,1494.52
3898,0.00172623,0.00172623,10675.1,213.504,0.0017427,1494.52
3899,0.00171545,0.00171545,10675.1,213.504,0.00172424,1494.52
3900,0.00170016,0.00170016,10675.1,213.504,0.00171634,1494.52
3901,0.00168701,0.00168701,10675.1,213.504,0.00170091,1494.52
3902,0.00168295,0.00168295,10675.1,213.504,0.00169344,1494.52
3903,0.0016703,0.0016703,10675.1,213.504,0.00168678,1494.52
3904,0.00166192,0.00166192,10675.1,213.504,0.00167236,1494.52
3905,0.00164986,0.00164986,10675.1,213.504,0.00166451,1494.52
3906,0.00164092,0.00164092,10675.1,213.504,0.001653,1494.52
3907,0.00163135,0.00163135,10675.1,213.504,0.00164192,1494.52
3908,0.00162314,0.00162314,10675.1,213.504,0.00163596,1494.52
3909,0.00161252,0.00161252,10675.1,213.504,0.0016222,1494.52
3910,0.00160116,0.00160116,10675.1,213.504,0.00161301,1494.52
3911,0.00158778,0.00158778,10675.1,213.504,0.00160145,1494.52
3912,0.00157704,0.00157704,10675.1,213.504,0.0015894,1494.52
3913,0.00156542,0.00156542,10675.1,213.504,0.00157687,1494.52
3914,0.0015507,0.0015507,10675.1,213.504,0.00156607,1494.52
3915,0.00153516,0.00153516,10675.1,213.504,0.00155502,1494.52
3916,0.00153233,0.00153233,10675.1,213.504,0.00154379,1494.52
3917,0.00151618,0.00151618,10675.1,213.504,0.00153149,1494.52
3918,0.00151084,0.00151084,10675.1,213.504,0.00152318,1494.52
3919,0.00150568,0.00150568,10675.1,213.504,0.00151488,1494.52
3920,0.00149385,0.00149385,10675.1,213.504,0.00151051,1494.52
3921,0.00148917,0.00148917,10675.1,213.504,0.00149731,1494.52
3922,0.001479,0.001479,10675.1,213.504,0.00149287,1494.52
3923,0.00147107,0.00147107,10675.1,213.504,0.00148274,1494.52
3924,0.00145584,0.00145584,10675.1,213.504,0.00147356,1494.52
3925,0.00145136,0.00145136,10675.1,213.504,0.00146198,1494.52
3926,0.00144218,0.00144218,10675.1,213.504,0.00145667,1494.52
3927,0.00143551,0.00143551,10675.1,213.504,0.00144721,1494.52
3928,0.00142569,0.00142569,10675.1,213.504,0.00143554,1494.52
3929,0.00141164,0.00141164,10675.1,213.504,0.00142638,1494.52
3930,0.00140634,0.00140634,10675.1,213.504,0.00141702,1494.52
3931,0.00139743,0.00139743,10675.1,213.504,0.00140595,1494.52
3932,0.00138605,0.00138605,10675.1,213.504,0.00139708,1494.52
3933,0.00137395,0.00137395,10675.1,213.504,0.0013863,1494.52
3934,0.00135996,0.00135996,10675.1,213.504,0.00137564,1494.52
3935,0.00134729,0.00134729,10675.1,213.504,0.00136213,1494.52
3936,0.00133914,0.00133914,10675.1,213.504,0.00135383,1494.52
3937,0.00132064,0.00132064,10675.1,213.504,0.00134589,1494.52
3938,0.00131787,0.00131787,10675.1,213.504,0.00133247,1494.52
3939,0.00131396,0.00131396,10675.1,213.504,0.00132728,1494.52
3940,0.00130412,0.00130412,10675.1,213.504,0.00131545,1494.52
3941,0.00129858,0.00129858,10675.1,213.504,0.00131071,1494.52
3942,0.0012887,0.0012887,10675.1,213.504,0.00130315,1494.52
3943,0.00128389,0.00128389,10675.1,213.504,0.00129377,1494.52
3944,0.00127508,0.00127508,10675.1,213.504,0.00128814,1494.52
3945,0.00126612,0.00126612,10675.1,213.504,0.00127854,1494.52
3946,0.00126087,0.00126087,10675.1,213.504,0.00127268,1494.52
3947,0.00125196,0.00125196,10675.1,213.504,0.00126198,1494.52
3948,0.00124584,0.00124584,10675.1,213.504,0.00125893,1494.52
3949,0.001237,0.001237,10675.1,213.504,0.0012466,1494.52
3950,0.00122987,0.00122987,10675.1,213.504,0.00123824,1494.52
3951,0.00121842,0.00121842,10675.1,213.504,0.00122748,1494.52
3952,0.00121175,0.00121175,10675.1,213.504,0.00122098,1494.52
3953,0.00119947,0.00119947,10675.1,213.504,0.00121254,1494.52
3954,0.00119091,0.00119091,10675.1,213.504,0.00120089,1494.52
3955,0.00118088,0.00118088,10675.1,213.504,0.00119568,1494.52
3956,0.00117441,0.00117441,10675.1,213.504,0.00118675,1494.52
3957,0.00116701,0.00116701,10675.1,213.503,0.00117682,1494.52
3958,0.00116221,0.00116221,10675.1,213.503,0.00117097,1494.52
3959,0.00115418,0.00115418,10675.1,213.503,0.00116536,1494.52
3960,0.00114705,0.00114705,10675.1,213.503,0.00115551,1494.52
3961,0.00113952,0.00113952,10675.1,213.503,0.00114961,1494.52
3962,0.00112975,0.00112975,10675.1,213.503,0.00114221,1494.52
3963,0.00112371,0.00112371,10675.1,213.503,0.00113412,1494.52
3964,0.00111924,0.00111924,10675.1,213.503,0.00112743,1494.52
3965,0.00111373,0.00111373,10675.1,213.503,0.00112211,1494.52
3966,0.00110912,0.00110912,10675.1,213.503,0.0011198,1494.52
3967,0.00110392,0.00110392,10675.1,213.503,0.00111157,1494.52
3968,0.00109397,0.00109397,10675.1,213.503,0.00110635,1494.52
3969,0.00109326,0.00109326,10675.1,213.503,0.00110245,1494.52
3970,0.00108587,0.00108587,10675.1,213.503,0.00109102,1494.52
3971,0.0010763,0.0010763,10675.1,213.503,0.00108683,1494.52
3972,0.00107065,0.00107065,10675.1,213.503,0.00107914,1494.52
3973,0.0010632,0.0010632,10675.1,213.503,0.00107469,1494.52
3974,0.00106034,0.00106034,10675.1,213.503,0.00106943,1494.52
3975,0.00105596,0.00105596,10675.1,213.503,0.0010669,1494.52
3976,0.00104917,0.00104917,10675.1,213.503,0.00105849,1494.52
3977,0.00104314,0.00104314,10675.1,213.503,0.00105648,1494.52
3978,0.00103686,0.00103686,10675.1,213.503,0.00104561,1494.52
3979,0.00102862,0.00102862,10675.1,213.503,0.00104075,1494.52
3980,0.00102471,0.00102471,10675.1,213.503,0.00103336,1494.52
3981,0.00101863,0.00101863,10675.1,213.503,0.00102679,1494.52
3982,0.00101284,0.00101284,10675.1,213.503,0.0010199,1494.52
3983,0.00100456,0.00100456,10675.1,213.503,0.00101179,1494.52
3984,0.000997516,0.000997516,10675.1,213.503,0.00100657,1494.52
3985,0.000991372,0.000991372,10675.1,213.503,0.000998511,1494.52
3986,0.000983886,0.000983886,10675.1,213.503,0.000992161,1494.52
3987,0.000979333,0.000979333,10675.1,213.503,0.0009863,1494.52
3988,0.000974787,0.000974787,10675.1,213.503,0.000983661,1494.52
3989,0.000966002,0.000966002,10675.1,213.503,0.000976822,1494.52
3990,0.000954753,0.000954753,10675.1,213.503,0.000968469,1494.52
3991,0.0009495,0.0009495,10675.1,213.503,0.000959632,1494.52
3992,0.000938525,0.000938525,10675.1,213.503,0.000950529,1494.52
3993,0.000936398,0.000936398,10675.1,213.503,0.000943499,1494.52
3994,0.000926953,0.000926953,10675.1,213.503,0.000935899,1494.52
3995,0.000922669,0.000922669,10675.1,213.503,0.00092982,1494.52
3996,0.000914051,0.000914051,10675.1,213.503,0.000921779,1494.52
3997,0.000909321,0.000909321,10675.1,213.503,0.000917464,1494.52
3998,0.000903762,0.000903762,10675.1,213.503,0.000909714,1494.52
3999,0.000895782,0.000895782,10675.1,213.503,0.000902935,1494.52
4000,0.000889589,0.000889589,10675.1,213.503,0.000896505,1494.52
4001,0.000883361,0.000883361,10675.1,213.503,0.000889956,1494.52
4002,0.000874564,0.000874564,10675.1,213.503,0.0008833,1494.52
4003,0.000868355,0.000868355,10675.1,213.503,0.000875378,1494.52
4004,0.000862179,0.000862179,10675.1,213.503,0.000870625,1494.52
4005,0.000859225,0.000859225,10675.1,213.503,0.000866631,1494.52
4006,0.000853057,0.000853057,10675.1,213.503,0.000860451,1494.52
4007,0.000850284,0.000850284,10675.1,213.503,0.000857972,1494.52
4008,0.000843333,0.000843333,10675.1,213.503,0.000851574,1494.52
4009,0.0008375,0.0008375,10675.1,213.503,0.000846918,1494.52
4010,0.00083498,0.00083498,10675.1,213.503,0.000840692,1494.52
4011,0.000827311,0.000827311,10675.1,213.503,0.000834792,1494.52
4012,0.000819431,0.000819431,10675.1,213.503,0.000826029,1494.52
4013,0.000812042,0.000812042,10675.1,213.503,0.000821268,1494.52
4014,0.00081007,0.00081007,10675.1,213.503,0.000817068,1494.52
4015,0.000804887,0.000804887,10675.1,213.503,0.000811841,1494.52
4016,0.000798947,0.000798947,10675.1,213.503,0.000805467,1494.52
4017,0.00079159,0.00079159,10675.1,213.503,0.000799229,1494.52
4018,0.000784121,0.000784121,10675.1,213.503,0.000792749,1494.52
4019,0.000780055,0.000780055,10675.1,213.503,0.000786719,1494.52
4020,0.00077462,0.00077462,10675.1,213.503,0.000781335,1494.52
4021,0.00076874,0.00076874,10675.1,213.503,0.000775918,1494.52
4022,0.000761764,0.000761764,10675.1,213.503,0.00077028,1494.52
4023,0.00075905,0.00075905,10675.1,213.503,0.000765988,1494.52
4024,0.000752915,0.000752915,10675.1,213.503,0.000759093,1494.52
4025,0.000746087,0.000746087,10675.1,213.503,0.000753495,1494.52
4026,0.000744057,0.000744057,10675.1,213.503,0.000748551,1494.52
4027,0.000735893,0.000735893,10675.1,213.503,0.00074598,1494.52
4028,0.000732962,0.000732962,10675.1,213.503,0.000737871,1494.52
4029,0.000727041,0.000727041,10675.1,213.503,0.000733828,1494.52
4030,0.000722456,0.000722456,10675.1,213.503,0.000728844,1494.52
4031,0.000714868,0.000714868,10675.1,213.503,0.000721383,1494.52
4032,0.000710105,0.000710105,10675.1,213.503,0.000718207,1494.52
4033,0.00070723,0.00070723,10675.1,213.503,0.000713716,1494.52
4034,0.000704055,0.000704055,10675.1,213.503,0.000708415,1494.52
4035,0.000701037,0.000701037,10675.1,213.503,0.000709357,1494.52
4036,0.000696398,0.000696398,10675.1,213.503,0.00070173,1494.52
4037,0.000692478,0.000692478,10675.1,213.503,0.000699218,1494.52
4038,0.000689076,0.000689076,10675.1,213.503,0.000693439,1494.52
4039,0.000686219,0.000686219,10675.1,213.503,0.000690848,1494.52
4040,0.000682404,0.000682404,10675.1,213.503,0.000688545,1494.52
4041,0.000678316,0.000678316,10675.1,213.503,0.000683154,1494.52
4042,0.000672668,0.000672668,10675.1,213.503,0.000679625,1494.52
4043,0.000666656,0.000666656,10675.1,213.503,0.000674237,1494.52
4044,0.00066294,0.00066294,10675.1,213.503,0.000668903,1494.52
4045,0.000658412,0.000658412,10675.1,213.503,0.000666564,1494.52
4046,0.000652244,0.000652244,10675.1,213.503,0.000658908,1494.52
4047,0.00064723,0.00064723,10675.1,213.503,0.000652944,1494.52
4048,0.000642189,0.000642189,10675.1,213.503,0.000648323,1494.52
4049,0.000638896,0.000638896,10675.1,213.503,0.000643171,1494.52
4050,0.000634008,0.000634008,10675.1,213.503,0.000639397,1494.52
4051,0.000628853,0.000628853,10675.1,213.503,0.000633666,1494.52
4052,0.000623317,0.000623317,10675.1,213.503,0.000630324,1494.52
4053,0.000618216,0.000618216,10675.1,213.503,0.00062356,1494.52
4054,0.000612508,0.000612508,10675.1,213.503,0.000619738,1494.52
4055,0.000606575,0.000606575,10675.1,213.503,0.000614807,1494.52
4056,0.000605043,0.000605043,10675.1,213.503,0.000609652,1494.52
4057,0.00059875,0.00059875,10675.1,213.503,0.000609232,1494.52
4058,0.000596155,0.000596155,10675.1,213.503,0.000602268,1494.52
4059,0.000592574,0.000592574,10675.1,213.503,0.000597902,1494.52
4060,0.000589711,0.000589711,10675.1,213.503,0.000593868,1494.52
4061,0.000584116,0.000584116,10675.1,213.503,0.000590256,1494.52
4062,0.000579432,0.000579432,10675.1,213.503,0.000584948,1494.52
4063,0.000576893,0.000576893,10675.1,213.503,0.000582639,1494.52
4064,0.000573924,0.000573924,10675.1,213.503,0.000578666,1494.52
4065,0.000571653,0.000571653,10675.1,213.503,0.000577802,1494.52
4066,0.000567721,0.000567721,10675.1,213.503,0.000570897,1494.52
4067,0.000563259,0.000563259,10675.1,213.503,0.000571098,1494.52
4068,0.000557658,0.000557658,10675.1,213.503,0.000564454,1494.52
4069,0.000555503,0.000555503,10675.1,213.503,0.000560254,1494.52
4070,0.000549118,0.000549118,10675.1,213.503,0.00055861,1494.52
4071,0.000547426,0.000547426,10675.1,213.503,0.000553133,1494.52
4072,0.000544987,0.000544987,10675.1,213.503,0.000549602,1494.52
4073,0.000541408,0.000541408,10675.1,213.503,0.00054808,1494.52
4074,0.000537351,0.000537351,10675.1,213.503,0.000543578,1494.52
4075,0.000534842,0.000534842,10675.1,213.503,0.000539471,1494.52
4076,0.000531995,0.000531995,10675.1,213.503,0.00053713,1494.52
4077,0.000527542,0.000527542,10675.1,213.503,0.000533994,1494.52
4078,0.000525468,0.000525468,10675.1,213.503,0.000530649,1494.52
4079,0.000522475,0.000522475,10675.1,213.503,0.000527879,1494.52
4080,0.0005186,0.0005186,10675.1,213.503,0.000524405,1494.52
4081,0.000517937,0.000517937,10675.1,213.503,0.000521051,1494.52
4082,0.000514223,0.000514223,10675.1,213.503,0.00051903,1494.52
4083,0.000508581,0.000508581,10675.1,213.503,0.000514751,1494.52
4084,0.000508581,0.000508609,10675.1,213.503,0.000511037,1494.52
4085,0.000505063,0.000505063,10675.1,213.503,0.000508902,1494.52
4086,0.000502814,0.000502814,10675.1,213.503,0.000505855,1494.52
4087,0.000500435,0.000500435,10675.1,213.503,0.000503348,1494.52
4088,0.000498577,0.000498577,10675.1,213.503,0.00050175,1494.52
4089,0.000496942,0.000496942,10675.1,213.503,0.000502315,1494.52
4090,0.000495117,0.000495117,10675.1,213.503,0.000500107,1494.52
4091,0.000492104,0.000492104,10675.1,213.503,0.000496895,1494.52
4092,0.000490051,0.000490051,10675.1,213.503,0.000496181,1494.52
4093,0.000487541,0.000487541,10675.1,213.503,0.000492684,1494.52
4094,0.00048587,0.00048587,10675.1,213.503,0.000491108,1494.52
4095,0.00048587,0.000485969,10675.1,213.503,0.000491737,1494.52
4096,0.000482284,0.000482284,10675.1,213.503,0.000484992,1494.52
4097,0.000479987,0.000479987,10675.1,213.503,0.000486128,1494.52
4098,0.000479548,0.000479548,10675.1,213.503,0.000482676,1494.52
4099,0.000477572,0.000477572,10675.1,213.503,0.000481219,1494.52
4100,0.000476075,0.000476075,10675.1,213.503,0.000480353,1494.52
4101,0.000472332,0.000472332,10675.1,213.503,0.000477493,1494.52
4102,0.000472332,0.000472417,10675.1,213.503,0.00047508,1494.52
4103,0.000470255,0.000470255,10675.1,213.503,0.000474254,1494.52
4104,0.000467345,0.000467345,10675.1,213.503,0.000470293,1494.52
4105,0.000463047,0.000463047,10675.1,213.503,0.000468802,1494.52
4106,0.000460821,0.000460821,10675.1,213.503,0.000463926,1494.52
4107,0.000459174,0.000459174,10675.1,213.503,0.000463545,1494.52
4108,0.000456513,0.000456513,10675.1,213.503,0.000459781,1494.52
4109,0.000452569,0.000452569,10675.1,213.503,0.000456984,1494.52
4110,0.000450617,0.000450617,10675.1,213.503,0.000453243,1494.52
4111,0.000449149,0.000449149,10675.1,213.503,0.000452226,1494.52
4112,0.000445445,0.000445445,10675.1,213.503,0.000449003,1494.52
4113,0.000443145,0.000443145,10675.1,213.503,0.000447707,1494.52
4114,0.000439308,0.000439308,10675.1,213.503,0.000443813,1494.52
4115,0.000436224,0.000436224,10675.1,213.503,0.000441014,1494.52
4116,0.000433016,0.000433016,10675.1,213.503,0.000437423,1494.52
4117,0.000430206,0.000430206,10675.1,213.503,0.000435298,1494.52
4118,0.000428291,0.000428291,10675.1,213.503,0.000432112,1494.52
4119,0.000425207,0.000425207,10675.1,213.503,0.000429559,1494.52
4120,0.000423731,0.000423731,10675.1,213.503,0.000427182,1494.52
4121,0.000420841,0.000420841,10675.1,213.503,0.000424566,1494.52
4122,0.000419178,0.000419178,10675.1,213.503,0.000422911,1494.52
4123,0.00041775,0.00041775,10675.1,213.503,0.00042164,1494.52
4124,0.000414331,0.000414331,10675.1,213.503,0.000418792,1494.52
4125,0.000411841,0.000411841,10675.1,213.503,0.000416325,1494.52
4126,0.000409359,0.000409359,10675.1,213.503,0.000412391,1494.52
4127,0.000406021,0.000406021,10675.1,213.503,0.000409369,1494.52
4128,0.000402284,0.000402284,10675.1,213.503,0.000407646,1494.52
4129,0.000399945,0.000399945,10675.1,213.503,0.000404962,1494.52
4130,0.000396837,0.000396837,10675.1,213.503,0.000401006,1494.52
4131,0.000394596,0.000394596,10675.1,213.503,0.000397022,1494.52
4132,0.000391595,0.000391595,10675.1,213.503,0.000394947,1494.52
4133,0.000389061,0.000389061,10675.1,213.503,0.000392671,1494.52
4134,0.000385606,0.000385606,10675.1,213.503,0.000390199,1494.52
4135,0.000382705,0.000382705,10675.1,213.503,0.000386336,1494.52
4136,0.0003807,0.0003807,10675.1,213.503,0.000383917,1494.52
4137,0.000378189,0.000378189,10675.1,213.503,0.000381125,1494.52
4138,0.00037555,0.00037555,10675.1,213.503,0.00037817,1494.52
4139,0.000372511,0.000372511,10675.1,213.503,0.000375108,1494.52
4140,0.00036841,0.00036841,10675.1,213.503,0.000372617,1494.52
4141,0.000366759,0.000366759,10675.1,213.503,0.000370703,1494.52
4142,0.000363068,0.000363068,10675.1,213.503,0.000368621,1494.52
4143,0.000360863,0.000360863,10675.1,213.503,0.000364513,1494.52
4144,0.000358677,0.000358677,10675.1,213.503,0.000362353,1494.52
4145,0.000355328,0.000355328,10675.1,213.503,0.000358789,1494.52
4146,0.000351756,0.000351756,10675.1,213.503,0.000355093,1494.52
4147,0.000348433,0.000348433,10675.1,213.503,0.00035201,1494.52
4148,0.000344969,0.000344969,10675.1,213.503,0.000348918,1494.52
4149,0.000342963,0.000342963,10675.1,213.503,0.00034536,1494.52
4150,0.000339449,0.000339449,10675.1,213.503,0.000343221,1494.52
4151,0.000337917,0.000337917,10675.1,213.503,0.000341724,1494.52
4152,0.00033654,0.00033654,10675.1,213.503,0.000339372,1494.52
4153,0.000333527,0.000333527,10675.1,213.503,0.000336993,1494.52
4154,0.000331483,0.000331483,10675.1,213.503,0.000335951,1494.52
4155,0.000329355,0.000329355,10675.1,213.503,0.000333045,1494.52
4156,0.000327024,0.000327024,10675.1,213.503,0.000331144,1494.52
4157,0.000326726,0.000326726,10675.1,213.503,0.000329866,1494.52
4158,0.000325169,0.000325169,10675.1,213.503,0.000328126,1494.52
4159,0.000323052,0.000323052,10675.1,213.503,0.000326155,1494.52
4160,0.000320363,0.000320363,10675.1,213.503,0.000324001,1494.52
4161,0.000318498,0.000318498,10675.1,213.503,0.000322021,1494.52
4162,0.000316923,0.000316923,10675.1,213.503,0.000321244,1494.52
4163,0.000315301,0.000315301,10675.1,213.503,0.000318256,1494.52
4164,0.00031337,0.00031337,10675.1,213.503,0.000315711,1494.52
4165,0.000310053,0.000310053,10675.1,213.503,0.000314082,1494.52
4166,0.000308406,0.000308406,10675.1,213.503,0.000311269,1494.52
4167,0.00030609,0.00030609,10675.1,213.503,0.00030919,1494.52
4168,0.000303499,0.000303499,10675.1,213.503,0.000306328,1494.52
4169,0.00030164,0.00030164,10675.1,213.503,0.000305213,1494.52
4170,0.000299225,0.000299225,10675.1,213.503,0.000302969,1494.52
4171,0.00029687,0.00029687,10675.1,213.503,0.000300367,1494.52
4172,0.000295394,0.000295394,10675.1,213.503,0.000298358,1494.52
4173,0.000293431,0.000293431,10675.1,213.503,0.000295992,1494.52
4174,0.000290766,0.000290766,10675.1,213.503,0.000293456,1494.52
4175,0.00028843,0.00028843,10675.1,213.503,0.00029112,1494.52
4176,0.000286024,0.000286024,10675.1,213.503,0.000288593,1494.52
4177,0.000282396,0.000282396,10675.1,213.503,0.000287048,1494.52
4178,0.000280564,0.000280564,10675.1,213.503,0.000283777,1494.52
4179,0.000277738,0.000277738,10675.1,213.503,0.000280823,1494.52
4180,0.000275076,0.000275076,10675.1,213.503,0.000277526,1494.52
4181,0.000273192,0.000273192,10675.1,213.503,0.000275727,1494.52
4182,0.000270361,0.000270361,10675.1,213.503,0.000273383,1494.52
4183,0.000268063,0.000268063,10675.1,213.503,0.000271361,1494.52
4184,0.000266135,0.000266135,10675.1,213.503,0.000268379,1494.52
4185,0.000264397,0.000264397,10675.1,213.503,0.000267893,1494.52
4186,0.000261992,0.000261992,10675.1,213.503,0.000264868,1494.52
4187,0.000259356,0.000259356,10675.1,213.503,0.000262759,1494.52
4188,0.000258263,0.000258263,10675.1,213.503,0.000260444,1494.52
4189,0.00025593,0.00025593,10675.1,213.503,0.000258947,1494.52
4190,0.000253796,0.000253796,10675.1,213.503,0.00025701,1494.52
4191,0.000252636,0.000252636,10675.1,213.503,0.000255042,1494.52
4192,0.000250409,0.000250409,10675.1,213.503,0.000253293,1494.52
4193,0.000248537,0.000248537,10675.1,213.503,0.000251643,1494.52
4194,0.000246918,0.000246918,10675.1,213.503,0.000249592,1494.52
4195,0.000245514,0.000245514,10675.1,213.503,0.000247592,1494.52
4196,0.000243123,0.000243123,10675.1,213.503,0.000245557,1494.52
4197,0.000241949,0.000241949,10675.1,213.503,0.00024361,1494.52
4198,0.000239957,0.000239957,10675.1,213.503,0.000242557,1494.52
4199,0.000238196,0.000238196,10675.1,213.503,0.000241009,1494.52
4200,0.00023726,0.00023726,10675.1,213.503,0.000239077,1494.52
4201,0.00023607,0.00023607,10675.1,213.503,0.000238405,1494.52
4202,0.00023414,0.00023414,10675.1,213.503,0.000237568,1494.52
4203,0.000233021,0.000233021,10675.1,213.503,0.000235661,1494.52
4204,0.000230971,0.000230971,10675.1,213.503,0.000233734,1494.52
4205,0.000229708,0.000229708,10675.1,213.503,0.00023278,1494.52
4206,0.000229656,0.000229656,10675.1,213.503,0.000231697,1494.52
4207,0.000228095,0.000228095,10675.1,213.503,0.000230303,1494.52
4208,0.000227325,0.000227325,10675.1,213.503,0.000229701,1494.52
4209,0.000225454,0.000225454,10675.1,213.503,0.000228077,1494.52
4210,0.000224766,0.000224766,10675.1,213.503,0.00022722,1494.52
4211,0.000223548,0.000223548,10675.1,213.503,0.000225821,1494.52
4212,0.000222337,0.000222337,10675.1,213.503,0.000225167,1494.52
4213,0.000221152,0.000221152,10675.1,213.503,0.000223195,1494.52
4214,0.000219523,0.000219523,10675.1,213.503,0.000221412,1494.52
4215,0.000218666,0.000218666,10675.1,213.503,0.000220961,1494.52
4216,0.000216656,0.000216656,10675.1,213.503,0.000219872,1494.52
4217,0.000216521,0.000216521,10675.1,213.503,0.000218327,1494.52
4218,0.000215617,0.000215617,10675.1,213.503,0.0002176,1494.52
4219,0.00021476,0.00021476,10675.1,213.503,0.000216445,1494.52
4220,0.000213736,0.000213736,10675.1,213.503,0.000216041,1494.52
4221,0.000212362,0.000212362,10675.1,213.503,0.000214601,1494.52
4222,0.000212026,0.000212026,10675.1,213.503,0.000213554,1494.52
4223,0.000210917,0.000210917,10675.1,213.503,0.00021227,1494.52
4224,0.000210362,0.000210362,10675.1,213.503,0.000212076,1494.52
4225,0.000209518,0.000209518,10675.1,213.503,0.000211965,1494.52
4226,0.000209323,0.000209323,10675.1,213.503,0.000211299,1494.52
4227,0.000208901,0.000208901,10675.1,213.503,0.00021086,1494.52
4228,0.000208131,0.000208131,10675.1,213.503,0.000210215,1494.52
4229,0.00020741,0.00020741,10675.1,213.503,0.000209595,1494.52
4230,0.000206535,0.000206535,10675.1,213.503,0.000208459,1494.52
4231,0.000205249,0.000205249,10675.1,213.503,0.000207714,1494.52
4232,0.000204037,0.000204037,10675.1,213.503,0.000205866,1494.52
4233,0.000202487,0.000202487,10675.1,213.503,0.000204573,1494.52
4234,0.000201326,0.000201326,10675.1,213.503,0.000202637,1494.52
4235,0.000199322,0.000199322,10675.1,213.503,0.000201146,1494.52
4236,0.000198583,0.000198583,10675.1,213.503,0.000200548,1494.52
4237,0.000196991,0.000196991,10675.1,213.503,0.00019899,1494.52
4238,0.000195546,0.000195546,10675.1,213.503,0.000197461,1494.52
4239,0.000193644,0.000193644,10675.1,213.503,0.00019576,1494.52
4240,0.000191889,0.000191889,10675.1,213.503,0.00019397,1494.52
4241,0.000190483,0.000190483,10675.1,213.503,0.000192996,1494.52
4242,0.000188927,0.000188927,10675.1,213.503,0.000190914,1494.52
4243,0.000187431,0.000187431,10675.1,213.503,0.000189214,1494.52
4244,0.000186485,0.000186485,10675.1,213.503,0.000188244,1494.52
4245,0.000184726,0.000184726,10675.1,213.503,0.000187168,1494.52
4246,0.000183238,0.000183238,10675.1,213.503,0.000185097,1494.52
4247,0.00018148,0.00018148,10675.1,213.503,0.000183717,1494.52
4248,0.000180005,0.000180005,10675.1,213.503,0.0001821,1494.52
4249,0.000178969,0.000178969,10675.1,213.503,0.000180501,1494.52
4250,0.0001774,0.0001774,10675.1,213.503,0.000179791,1494.52
4251,0.000176445,0.000176445,10675.1,213.503,0.000178143,1494.52
4252,0.000175428,0.000175428,10675.1,213.503,0.000176957,1494.52
4253,0.000173668,0.000173668,10675.1,213.503,0.000175755,1494.52
4254,0.000172908,0.000172908,10675.1,213.503,0.000174966,1494.52
4255,0.000171879,0.000171879,10675.1,213.503,0.000173655,1494.52
4256,0.00017138,0.00017138,10675.1,213.503,0.000172853,1494.52
4257,0.000171195,0.000171195,10675.1,213.503,0.000172511,1494.52
4258,0.000170551,0.000170551,10675.1,213.503,0.000172251,1494.52
4259,0.000170211,0.000170211,10675.1,213.503,0.000171797,1494.52
4260,0.000169237,0.000169237,10675.1,213.503,0.000171182,1494.52
4261,0.00016851,0.00016851,10675.1,213.503,0.000169852,1494.52
4262,0.000167901,0.000167901,10675.1,213.503,0.000169903,1494.52
4263,0.000166764,0.000166764,10675.1,213.503,0.000168578,1494.52
4264,0.000166007,0.000166007,10675.1,213.503,0.00016788,1494.52
4265,0.000164972,0.000164972,10675.1,213.503,0.000166508,1494.52
4266,0.000164078,0.000164078,10675.1,213.503,0.000165904,1494.52
4267,0.000163426,0.000163426,10675.1,213.503,0.000164908,1494.52
4268,0.000162193,0.000162193,10675.1,213.503,0.000164172,1494.52
4269,0.000160902,0.000160902,10675.1,213.502,0.000162813,1494.52
4270,0.000159387,0.000159387,10675.1,213.502,0.000161318,1494.52
4271,0.000158075,0.000158075,10675.1,213.502,0.000159853,1494.52
4272,0.00015628,0.00015628,10675.1,213.502,0.000158385,1494.52
4273,0.000155147,0.000155147,10675.1,213.502,0.000157499,1494.52
4274,0.000154101,0.000154101,10675.1,213.502,0.000155678,1494.52
4275,0.000152186,0.000152186,10675.1,213.502,0.00015472,1494.52
4276,0.000151738,0.000151738,10675.1,213.502,0.000153037,1494.52
4277,0.000150496,0.000150496,10675.1,213.502,0.000152253,1494.52
4278,0.000148682,0.000148682,10675.1,213.502,0.000150852,1494.52
4279,0.000148026,0.000148026,10675.1,213.502,0.000149317,1494.52
4280,0.000146325,0.000146325,10675.1,213.502,0.000148138,1494.52
4281,0.000145172,0.000145172,10675.1,213.502,0.000146754,1494.52
4282,0.000143476,0.000143476,10675.1,213.502,0.000145826,1494.52
4283,0.00014334,0.00014334,10675.1,213.502,0.000144467,1494.52
4284,0.000141554,0.000141554,10675.1,213.502,0.000143534,1494.52
4285,0.000140292,0.000140292,10675.1,213.502,0.000142278,1494.52
4286,0.000139204,0.000139204,10675.1,213.502,0.000140728,1494.52
4287,0.000137815,0.000137815,10675.1,213.502,0.000139465,1494.52
4288,0.000136443,0.000136443,10675.1,213.502,0.000137775,1494.52
4289,0.000135154,0.000135154,10675.1,213.502,0.000136539,1494.52
4290,0.000133077,0.000133077,10675.1,213.502,0.000135172,1494.52
4291,0.000132737,0.000132737,10675.1,213.502,0.000133675,1494.52
4292,0.000131007,0.000131007,10675.1,213.502,0.000132304,1494.52
4293,0.000129742,0.000129742,10675.1,213.502,0.000131109,1494.52
4294,0.000128296,0.000128296,10675.1,213.502,0.000129673,1494.52
4295,0.00012677,0.00012677,10675.1,213.502,0.00012856,1494.52
4296,0.000125465,0.000125465,10675.1,213.502,0.00012743,1494.52
4297,0.000123959,0.000123959,10675.1,213.502,0.000125664,1494.52
4298,0.000122761,0.000122761,10675.1,213.502,0.00012437,1494.52
4299,0.000121186,0.000121186,10675.1,213.502,0.000122754,1494.52
4300,0.000120094,0.000120094,10675.1,213.502,0.000121377,1494.52
4301,0.000119,0.000119,10675.1,213.502,0.000120172,1494.52
4302,0.000117896,0.000117896,10675.1,213.502,0.000118967,1494.52
4303,0.000116696,0.000116696,10675.1,213.502,0.000118077,1494.52
4304,0.00011514,0.00011514,10675.1,213.502,0.000116594,1494.52
4305,0.000113914,0.000113914,10675.1,213.502,0.000115236,1494.52
4306,0.000112848,0.000112848,10675.1,213.502,0.000113868,1494.52
4307,0.000111536,0.000111536,10675.1,213.502,0.000112894,1494.52
4308,0.000110958,0.000110958,10675.1,213.502,0.000112127,1494.52
4309,0.000109618,0.000109618,10675.1,213.502,0.000111638,1494.52
4310,0.000108321,0.000108321,10675.1,213.502,0.000110185,1494.52
4311,0.000107849,0.000107849,10675.1,213.502,0.000109112,1494.52
4312,0.000106743,0.000106743,10675.1,213.502,0.000107732,1494.52
4313,0.000105276,0.000105276,10675.1,213.502,0.000107008,1494.52
4314,0.00010483,0.00010483,10675.1,213.502,0.000105803,1494.52
4315,0.000103877,0.000103877,10675.1,213.502,0.000105,1494.52
4316,0.000102906,0.000102906,10675.1,213.502,0.000104148,1494.52
4317,0.000102036,0.000102036,10675.1,213.502,0.000103273,1494.52
4318,0.000101227,0.000101227,10675.1,213.502,0.000102232,1494.52
4319,0.000100292,0.000100292,10675.1,213.502,0.000101294,1494.52
4320,9.93423e-05,9.93423e-05,10675.1,213.502,0.000100333,1494.52
4321,9.8052e-05,9.8052e-05,10675.1,213.502,9.95247e-05,1494.52
4322,9.70953e-05,9.70953e-05,10675.1,213.502,9.83597e-05,1494.52
4323,9.65553e-05,9.65553e-05,10675.1,213.502,9.74007e-05,1494.52
4324,9.55853e-05,9.55853e-05,10675.1,213.502,9.67053e-05,1494.52
4325,9.46848e-05,9.46848e-05,10675.1,213.502,9.58861e-05,1494.52
4326,9.39259e-05,9.39259e-05,10675.1,213.502,9.53503e-05,1494.52
4327,9.29252e-05,9.29252e-05,10675.1,213.502,9.43353e-05,1494.52
4328,9.1937e-05,9.1937e-05,10675.1,213.502,9.33886e-05,1494.52
4329,9.08328e-05,9.08328e-05,10675.1,213.502,9.24068e-05,1494.52
4330,8.99477e-05,8.99477e-05,10675.1,213.502,9.16732e-05,1494.52
4331,8.91681e-05,8.91681e-05,10675.1,213.502,9.04444e-05,1494.52
4332,8.81175e-05,8.81175e-05,10675.1,213.502,8.94138e-05,1494.52
4333,8.75744e-05,8.75744e-05,10675.1,213.502,8.87491e-05,1494.52
4334,8.69101e-05,8.69101e-05,10675.1,213.502,8.7848e-05,1494.52
4335,8.64291e-05,8.64291e-05,10675.1,213.502,8.75232e-05,1494.52
4336,8.57522e-05,8.57522e-05,10675.1,213.502,8.68803e-05,1494.52
4337,8.53774e-05,8.53774e-05,10675.1,213.502,8.6179e-05,1494.52
4338,8.47368e-05,8.47368e-05,10675.1,213.502,8.58006e-05,1494.52
4339,8.40934e-05,8.40934e-05,10675.1,213.502,8.53199e-05,1494.52
4340,8.37634e-05,8.37634e-05,10675.1,213.502,8.47641e-05,1494.52
4341,8.30586e-05,8.30586e-05,10675.1,213.502,8.41958e-05,1494.52
4342,8.2397e-05,8.2397e-05,10675.1,213.502,8.38603e-05,1494.52
4343,8.19486e-05,8.19486e-05,10675.1,213.502,8.30618e-05,1494.52
4344,8.14224e-05,8.14224e-05,10675.1,213.502,8.25399e-05,1494.52
4345,8.09457e-05,8.09457e-05,10675.1,213.502,8.18683e-05,1494.52
4346,8.0486e-05,8.0486e-05,10675.1,213.502,8.1555e-05,1494.52
4347,8.0069e-05,8.0069e-05,10675.1,213.502,8.08444e-05,1494.52
4348,7.96316e-05,7.96316e-05,10675.1,213.502,8.05209e-05,1494.52
4349,7.90268e-05,7.90268e-05,10675.1,213.502,8.0028e-05,1494.52
4350,7.86674e-05,7.86674e-05,10675.1,213.502,7.95869e-05,1494.52
4351,7.82997e-05,7.82997e-05,10675.1,213.502,7.88119e-05,1494.52
4352,7.79338e-05,7.79338e-05,10675.1,213.502,7.89755e-05,1494.52
4353,7.73269e-05,7.73269e-05,10675.1,213.502,7.82483e-05,1494.52
4354,7.67321e-05,7.67321e-05,10675.1,213.502,7.76882e-05,1494.52
4355,7.61944e-05,7.61944e-05,10675.1,213.502,7.68518e-05,1494.52
4356,7.55946e-05,7.55946e-05,10675.1,213.502,7.67205e-05,1494.52
4357,7.54464e-05,7.54464e-05,10675.1,213.502,7.63386e-05,1494.52
4358,7.52153e-05,7.52153e-05,10675.1,213.502,7.5833e-05,1494.52
4359,7.48874e-05,7.48874e-05,10675.1,213.502,7.60799e-05,1494.52
4360,7.43264e-05,7.43264e-05,10675.1,213.502,7.54359e-05,1494.52
4361,7.37903e-05,7.37903e-05,10675.1,213.502,7.49311e-05,1494.52
4362,7.35976e-05,7.35976e-05,10675.1,213.502,7.44862e-05,1494.52
4363,7.3236e-05,7.3236e-05,10675.1,213.502,7.41411e-05,1494.52
4364,7.26904e-05,7.26904e-05,10675.1,213.502,7.35779e-05,1494.52
4365,7.21815e-05,7.21815e-05,10675.1,213.502,7.32264e-05,1494.52
4366,7.20631e-05,7.20631e-05,10675.1,213.502,7.29612e-05,1494.52
4367,7.17356e-05,7.17356e-05,10675.1,213.502,7.2665e-05,1494.52
4368,7.14196e-05,7.14196e-05,10675.1,213.502,7.29312e-05,1494.52
4369,7.13314e-05,7.13314e-05,10675.1,213.502,7.22068e-05,1494.52
4370,7.12025e-05,7.12025e-05,10675.1,213.502,7.19877e-05,1494.52
4371,7.08669e-05,7.08669e-05,10675.1,213.502,7.18315e-05,1494.52
4372,7.08486e-05,7.08486e-05,10675.1,213.502,7.16061e-05,1494.52
4373,7.05611e-05,7.05611e-05,10675.1,213.502,7.11967e-05,1494.52
4374,7.04337e-05,7.04337e-05,10675.1,213.502,7.10797e-05,1494.52
4375,7.00335e-05,7.00335e-05,10675.1,213.502,7.08586e-05,1494.52
4376,6.97388e-05,6.97388e-05,10675.1,213.502,7.07164e-05,1494.52
4377,6.91777e-05,6.91777e-05,10675.1,213.502,6.99494e-05,1494.52
4378,6.87106e-05,6.87106e-05,10675.1,213.502,6.99149e-05,1494.52
4379,6.83264e-05,6.83264e-05,10675.1,213.502,6.97097e-05,1494.52
4380,6.78062e-05,6.78062e-05,10675.1,213.502,6.87226e-05,1494.52
4381,6.77152e-05,6.77152e-05,10675.1,213.502,6.8442e-05,1494.52
4382,6.74677e-05,6.74677e-05,10675.1,213.502,6.82609e-05,1494.52
4383,6.72565e-05,6.72565e-05,10675.1,213.502,6.81537e-05,1494.52
4384,6.70622e-05,6.70622e-05,10675.1,213.502,6.8004e-05,1494.52
4385,6.65978e-05,6.65978e-05,10675.1,213.502,6.75805e-05,1494.52
4386,6.62782e-05,6.62782e-05,10675.1,213.502,6.69498e-05,1494.52
4387,6.57731e-05,6.57731e-05,10675.1,213.502,6.68013e-05,1494.52
4388,6.56545e-05,6.56545e-05,10675.1,213.502,6.61253e-05,1494.52
4389,6.48996e-05,6.48996e-05,10675.1,213.502,6.59691e-05,1494.52
4390,6.48473e-05,6.48473e-05,10675.1,213.502,6.54174e-05,1494.52
4391,6.4328e-05,6.4328e-05,10675.1,213.502,6.50204e-05,1494.52
4392,6.39496e-05,6.39496e-05,10675.1,213.502,6.47564e-05,1494.52
4393,6.35771e-05,6.35771e-05,10675.1,213.502,6.41545e-05,1494.52
4394,6.33861e-05,6.33861e-05,10675.1,213.502,6.4123e-05,1494.52
4395,6.30995e-05,6.30995e-05,10675.1,213.502,6.37415e-05,1494.52
4396,6.29233e-05,6.29233e-05,10675.1,213.502,6.36795e-05,1494.52
4397,6.26901e-05,6.26901e-05,10675.1,213.502,6.34517e-05,1494.52
4398,6.21869e-05,6.21869e-05,10675.1,213.502,6.28475e-05,1494.52
4399,6.20508e-05,6.20508e-05,10675.1,213.502,6.26864e-05,1494.52
4400,6.16495e-05,6.16495e-05,10675.1,213.502,6.22915e-05,1494.52
4401,6.12726e-05,6.12726e-05,10675.1,213.502,6.19555e-05,1494.52
4402,6.09587e-05,6.09587e-05,10675.1,213.502,6.17398e-05,1494.52
4403,6.0734e-05,6.0734e-05,10675.1,213.502,6.11497e-05,1494.52
4404,6.02081e-05,6.02081e-05,10675.1,213.502,6.09814e-05,1494.52
4405,6.01098e-05,6.01098e-05,10675.1,213.502,6.04905e-05,1494.52
4406,5.99034e-05,5.99034e-05,10675.1,213.502,6.0491e-05,1494.52
4407,5.96894e-05,5.96894e-05,10675.1,213.502,6.00964e-05,1494.52
4408,5.9349e-05,5.9349e-05,10675.1,213.502,5.99171e-05,1494.52
4409,5.91184e-05,5.91184e-05,10675.1,213.502,5.96504e-05,1494.52
4410,5.87708e-05,5.87708e-05,10675.1,213.502,5.9215e-05,1494.52
4411,5.81007e-05,5.81007e-05,10675.1,213.502,5.88872e-05,1494.52
4412,5.77659e-05,5.77659e-05,10675.1,213.502,5.84044e-05,1494.52
4413,5.74326e-05,5.74326e-05,10675.1,213.502,5.80464e-05,1494.52
4414,5.70662e-05,5.70662e-05,10675.1,213.502,5.76039e-05,1494.52
4415,5.65365e-05,5.65365e-05,10675.1,213.502,5.73485e-05,1494.52
4416,5.62528e-05,5.62528e-05,10675.1,213.502,5.6697e-05,1494.52
4417,5.56319e-05,5.56319e-05,10675.1,213.502,5.63195e-05,1494.52
4418,5.54003e-05,5.54003e-05,10675.1,213.502,5.58594e-05,1494.52
4419,5.46738e-05,5.46738e-05,10675.1,213.502,5.56422e-05,1494.52
4420,5.46018e-05,5.46018e-05,10675.1,213.502,5.52731e-05,1494.52
4421,5.42785e-05,5.42785e-05,10675.1,213.502,5.47846e-05,1494.52
4422,5.36695e-05,5.36695e-05,10675.1,213.502,5.43315e-05,1494.52
4423,5.31453e-05,5.31453e-05,10675.1,213.502,5.40492e-05,1494.52
4424,5.28034e-05,5.28034e-05,10675.1,213.502,5.35075e-05,1494.52
4425,5.23304e-05,5.23304e-05,10675.1,213.502,5.29355e-05,1494.52
4426,5.21149e-05,5.21149e-05,10675.1,213.502,5.2667e-05,1494.52
4427,5.16331e-05,5.16331e-05,10675.1,213.502,5.2435e-05,1494.52
4428,5.12947e-05,5.12947e-05,10675.1,213.502,5.19379e-05,1494.52
4429,5.09731e-05,5.09731e-05,10675.1,213.502,5.14696e-05,1494.52
4430,5.069e-05,5.069e-05,10675.1,213.502,5.11911e-05,1494.52
4431,5.03834e-05,5.03834e-05,10675.1,213.502,5.09902e-05,1494.52
4432,4.99463e-05,4.99463e-05,10675.1,213.502,5.05413e-05,1494.52
4433,4.98437e-05,4.98437e-05,10675.1,213.502,5.03725e-05,1494.52
4434,4.95997e-05,4.95997e-05,10675.1,213.502,5.01686e-05,1494.52
4435,4.93027e-05,4.93027e-05,10675.1,213.502,4.97165e-05,1494.52
4436,4.90326e-05,4.90326e-05,10675.1,213.502,4.9683e-05,1494.52
4437,4.8741e-05,4.8741e-05,10675.1,213.502,4.92682e-05,1494.52
4438,4.84418e-05,4.84418e-05,10675.1,213.502,4.9052e-05,1494.52
4439,4.81258e-05,4.81258e-05,10675.1,213.502,4.8582e-05,1494.52
4440,4.78145e-05,4.78145e-05,10675.1,213.502,4.83494e-05,1494.52
4441,4.74649e-05,4.74649e-05,10675.1,213.502,4.80683e-05,1494.52
4442,4.69561e-05,4.69561e-05,10675.1,213.502,4.75984e-05,1494.52
4443,4.67806e-05,4.67806e-05,10675.1,213.502,4.73444e-05,1494.52
4444,4.64773e-05,4.64773e-05,10675.1,213.502,4.69537e-05,1494.52
4445,4.61283e-05,4.61283e-05,10675.1,213.502,4.67695e-05,1494.52
4446,4.60698e-05,4.60698e-05,10675.1,213.502,4.64966e-05,1494.52
4447,4.55781e-05,4.55781e-05,10675.1,213.502,4.62151e-05,1494.52
4448,4.54621e-05,4.54621e-05,10675.1,213.502,4.59874e-05,1494.52
4449,4.52386e-05,4.52386e-05,10675.1,213.502,4.55899e-05,1494.52
4450,4.50905e-05,4.50905e-05,10675.1,213.502,4.55967e-05,1494.52
4451,4.48999e-05,4.48999e-05,10675.1,213.502,4.52496e-05,1494.52
4452,4.4754e-05,4.4754e-05,10675.1,213.502,4.52155e-05,1494.52
4453,4.44607e-05,4.44607e-05,10675.1,213.502,4.49993e-05,1494.52
4454,4.4221e-05,4.4221e-05,10675.1,213.502,4.48104e-05,1494.52
4455,4.40537e-05,4.40537e-05,10675.1,213.502,4.44864e-05,1494.52
4456,4.38569e-05,4.38569e-05,10675.1,213.502,4.43081e-05,1494.52
4457,4.35914e-05,4.35914e-05,10675.1,213.502,4.40917e-05,1494.52
4458,4.34488e-05,4.34488e-05,10675.1,213.502,4.38346e-05,1494.52
4459,4.29952e-05,4.29952e-05,10675.1,213.502,4.34964e-05,1494.52
4460,4.2739e-05,4.2739e-05,10675.1,213.502,4.32528e-05,1494.52
4461,4.26783e-05,4.26783e-05,10675.1,213.502,4.30498e-05,1494.52
4462,4.21378e-05,4.21378e-05,10675.1,213.502,4.27651e-05,1494.52
4463,4.21076e-05,4.21076e-05,10675.1,213.502,4.24892e-05,1494.52
4464,4.19232e-05,4.19232e-05,10675.1,213.502,4.24332e-05,1494.52
4465,4.16951e-05,4.16951e-05,10675.1,213.502,4.21256e-05,1494.52
4466,4.14132e-05,4.14132e-05,10675.1,213.502,4.18795e-05,1494.52
4467,4.1166e-05,4.1166e-05,10675.1,213.502,4.17322e-05,1494.52
4468,4.08716e-05,4.08716e-05,10675.1,213.502,4.14858e-05,1494.52
4469,4.04562e-05,4.04562e-05,10675.1,213.502,4.11138e-05,1494.52
4470,4.01085e-05,4.01085e-05,10675.1,213.502,4.07746e-05,1494.52
4471,3.99829e-05,3.99829e-05,10675.1,213.502,4.02766e-05,1494.52
4472,3.92864e-05,3.92864e-05,10675.1,213.502,4.00131e-05,1494.52
4473,3.87863e-05,3.87863e-05,10675.1,213.502,3.94873e-05,1494.52
4474,3.85366e-05,3.85366e-05,10675.1,213.502,3.90596e-05,1494.52
4475,3.82746e-05,3.82746e-05,10675.1,213.502,3.8657e-05,1494.52
4476,3.79902e-05,3.79902e-05,10675.1,213.502,3.84474e-05,1494.52
4477,3.78003e-05,3.78003e-05,10675.1,213.502,3.82258e-05,1494.52
4478,3.74365e-05,3.74365e-05,10675.1,213.502,3.7833e-05,1494.52
4479,3.70925e-05,3.70925e-05,10675.1,213.502,3.76768e-05,1494.52
4480,3.68182e-05,3.68182e-05,10675.1,213.502,3.7169e-05,1494.52
4481,3.64238e-05,3.64238e-05,10675.1,213.502,3.69408e-05,1494.52
4482,3.60932e-05,3.60932e-05,10675.1,213.502,3.66514e-05,1494.52
4483,3.57743e-05,3.57743e-05,10675.1,213.502,3.61404e-05,1494.52
4484,3.54698e-05,3.54698e-05,10675.1,213.502,3.59313e-05,1494.52
4485,3.49497e-05,3.49497e-05,10675.1,213.502,3.55042e-05,1494.52
4486,3.46366e-05,3.46366e-05,10675.1,213.502,3.52593e-05,1494.52
4487,3.43343e-05,3.43343e-05,10675.1,213.502,3.50003e-05,1494.52
4488,3.42207e-05,3.42207e-05,10675.1,213.502,3.45415e-05,1494.52
4489,3.39163e-05,3.39163e-05,10675.1,213.502,3.44473e-05,1494.52
4490,3.38669e-05,3.38669e-05,10675.1,213.502,3.42098e-05,1494.52
4491,3.36767e-05,3.36767e-05,10675.1,213.502,3.40537e-05,1494.52
4492,3.3448e-05,3.3448e-05,10675.1,213.502,3.37966e-05,1494.52
4493,3.33211e-05,3.33211e-05,10675.1,213.502,3.37866e-05,1494.52
4494,3.3188e-05,3.3188e-05,10675.1,213.502,3.3512e-05,1494.52
4495,3.29781e-05,3.29781e-05,10675.1,213.502,3.33392e-05,1494.52
4496,3.27388e-05,3.27388e-05,10675.1,213.502,3.30596e-05,1494.52
4497,3.24366e-05,3.24366e-05,10675.1,213.502,3.28453e-05,1494.52
4498,3.22595e-05,3.22595e-05,10675.1,213.502,3.27227e-05,1494.52
4499,3.20344e-05,3.20344e-05,10675.1,213.502,3.2379e-05,1494.52
4500,3.18403e-05,3.18403e-05,10675.1,213.502,3.21174e-05,1494.52
4501,3.15183e-05,3.15183e-05,10675.1,213.502,3.19933e-05,1494.52
4502,3.11824e-05,3.11824e-05,10675.1,213.502,3.1547e-05,1494.52
4503,3.08918e-05,3.08918e-05,10675.1,213.502,3.121e-05,1494.52
4504,3.06319e-05,3.06319e-05,10675.1,213.502,3.09664e-05,1494.52
4505,3.02016e-05,3.02016e-05,10675.1,213.502,3.06718e-05,1494.52
4506,2.99049e-05,2.99049e-05,10675.1,213.502,3.04831e-05,1494.52
4507,2.9699e-05,2.9699e-05,10675.1,213.502,3.01188e-05,1494.52
4508,2.95614e-05,2.95614e-05,10675.1,213.502,2.99516e-05,1494.52
4509,2.93603e-05,2.93603e-05,10675.1,213.502,2.96493e-05,1494.52
4510,2.90642e-05,2.90642e-05,10675.1,213.502,2.93e-05,1494.52
4511,2.87049e-05,2.87049e-05,10675.1,213.502,2.90305e-05,1494.52
4512,2.84839e-05,2.84839e-05,10675.1,213.502,2.87606e-05,1494.52
4513,2.81508e-05,2.81508e-05,10675.1,213.502,2.84321e-05,1494.52
4514,2.77552e-05,2.77552e-05,10675.1,213.502,2.81052e-05,1494.52
4515,2.7515e-05,2.7515e-05,10675.1,213.502,2.77598e-05,1494.52
4516,2.71865e-05,2.71865e-05,10675.1,213.502,2.74703e-05,1494.52
4517,2.67879e-05,2.67879e-05,10675.1,213.502,2.73228e-05,1494.52
4518,2.67685e-05,2.67685e-05,10675.1,213.502,2.70708e-05,1494.52
4519,2.65305e-05,2.65305e-05,10675.1,213.502,2.67528e-05,1494.52
4520,2.6215e-05,2.6215e-05,10675.1,213.502,2.65811e-05,1494.52
4521,2.60669e-05,2.60669e-05,10675.1,213.502,2.64002e-05,1494.52
4522,2.58844e-05,2.58844e-05,10675.1,213.502,2.61658e-05,1494.52
4523,2.56007e-05,2.56007e-05,10675.1,213.502,2.58893e-05,1494.52
4524,2.53122e-05,2.53122e-05,10675.1,213.502,2.56081e-05,1494.52
4525,2.51255e-05,2.51255e-05,10675.1,213.502,2.55273e-05,1494.52
4526,2.49591e-05,2.49591e-05,10675.1,213.502,2.53104e-05,1494.52
4527,2.46684e-05,2.46684e-05,10675.1,213.502,2.50305e-05,1494.52
4528,2.45593e-05,2.45593e-05,10675.1,213.502,2.48009e-05,1494.52
4529,2.42578e-05,2.42578e-05,10675.1,213.502,2.46198e-05,1494.52
4530,2.40747e-05,2.40747e-05,10675.1,213.502,2.43564e-05,1494.52
4531,2.39249e-05,2.39249e-05,10675.1,213.502,2.41226e-05,1494.52
4532,2.36569e-05,2.36569e-05,10675.1,213.502,2.3952e-05,1494.52
4533,2.34188e-05,2.34188e-05,10675.1,213.502,2.36855e-05,1494.52
4534,2.326e-05,2.326e-05,10675.1,213.502,2.35057e-05,1494.52
4535,2.30273e-05,2.30273e-05,10675.1,213.502,2.33352e-05,1494.52
4536,2.28229e-05,2.28229e-05,10675.1,213.502,2.31163e-05,1494.52
4537,2.25331e-05,2.25331e-05,10675.1,213.502,2.28427e-05,1494.52
4538,2.22015e-05,2.22015e-05,10675.1,213.502,2.24722e-05,1494.52
4539,2.2009e-05,2.2009e-05,10675.1,213.502,2.22014e-05,1494.52
4540,2.18244e-05,2.18244e-05,10675.1,213.502,2.20439e-05,1494.52
4541,2.16668e-05,2.16668e-05,10675.1,213.502,2.19496e-05,1494.52
4542,2.14118e-05,2.14118e-05,10675.1,213.502,2.17918e-05,1494.52
4543,2.1299e-05,2.1299e-05,10675.1,213.502,2.16247e-05,1494.52
4544,2.11005e-05,2.11005e-05,10675.1,213.502,2.13577e-05,1494.52
4545,2.09209e-05,2.09209e-05,10675.1,213.502,2.1175e-05,1494.52
4546,2.07082e-05,2.07082e-05,10675.1,213.502,2.09978e-05,1494.52
4547,2.0422e-05,2.0422e-05,10675.1,213.502,2.08434e-05,1494.52
4548,2.03408e-05,2.03408e-05,10675.1,213.502,2.05166e-05,1494.52
4549,2.0083e-05,2.0083e-05,10675.1,213.502,2.04088e-05,1494.52
4550,1.98402e-05,1.98402e-05,10675.1,213.502,2.01427e-05,1494.52
4551,1.96399e-05,1.96399e-05,10675.1,213.502,1.99646e-05,1494.52
4552,1.95138e-05,1.95138e-05,10675.1,213.502,1.9754e-05,1494.52
4553,1.92363e-05,1.92363e-05,10675.1,213.502,1.95709e-05,1494.52
4554,1.90558e-05,1.90558e-05,10675.1,213.502,1.92789e-05,1494.52
4555,1.88637e-05,1.88637e-05,10675.1,213.502,1.91227e-05,1494.52
4556,1.87184e-05,1.87184e-05,10675.1,213.502,1.9002e-05,1494.52
4557,1.8492e-05,1.8492e-05,10675.1,213.502,1.87293e-05,1494.52
4558,1.82445e-05,1.82445e-05,10675.1,213.502,1.86008e-05,1494.52
4559,1.81454e-05,1.81454e-05,10675.1,213.502,1.8536e-05,1494.52
4560,1.79662e-05,1.79662e-05,10675.1,213.502,1.82244e-05,1494.52
4561,1.78166e-05,1.78166e-05,10675.1,213.502,1.80311e-05,1494.52
4562,1.76513e-05,1.76513e-05,10675.1,213.502,1.79229e-05,1494.52
4563,1.75001e-05,1.75001e-05,10675.1,213.502,1.78121e-05,1494.52
4564,1.73408e-05,1.73408e-05,10675.1,213.502,1.77369e-05,1494.52
4565,1.71698e-05,1.71698e-05,10675.1,213.502,1.74882e-05,1494.52
4566,1.71312e-05,1.71312e-05,10675.1,213.502,1.73992e-05,1494.52
4567,1.69615e-05,1.69615e-05,10675.1,213.502,1.72334e-05,1494.52
4568,1.67344e-05,1.67344e-05,10675.1,213.502,1.70724e-05,1494.52
4569,1.66099e-05,1.66099e-05,10675.1,213.502,1.68305e-05,1494.52
4570,1.65239e-05,1.65239e-05,10675.1,213.502,1.67531e-05,1494.52
4571,1.63149e-05,1.63149e-05,10675.1,213.502,1.6582e-05,1494.52
4572,1.6166e-05,1.6166e-05,10675.1,213.502,1.64152e-05,1494.52
4573,1.59988e-05,1.59988e-05,10675.1,213.502,1.62934e-05,1494.52
4574,1.58741e-05,1.58741e-05,10675.1,213.502,1.60891e-05,1494.52
4575,1.57001e-05,1.57001e-05,10675.1,213.502,1.59085e-05,1494.52
4576,1.55445e-05,1.55445e-05,10675.1,213.502,1.58032e-05,1494.52
4577,1.54878e-05,1.54878e-05,10675.1,213.502,1.57305e-05,1494.52
4578,1.54108e-05,1.54108e-05,10675.1,213.502,1.56201e-05,1494.52
4579,1.52924e-05,1.52924e-05,10675.1,213.502,1.55923e-05,1494.52
4580,1.5202e-05,1.5202e-05,10675.1,213.502,1.54123e-05,1494.52
4581,1.50686e-05,1.50686e-05,10675.1,213.502,1.52429e-05,1494.52
4582,1.49599e-05,1.49599e-05,10675.1,213.502,1.51111e-05,1494.52
4583,1.48084e-05,1.48084e-05,10675.1,213.502,1.50376e-05,1494.52
4584,1.4671e-05,1.4671e-05,10675.1,213.502,1.49048e-05,1494.52
4585,1.45268e-05,1.45268e-05,10675.1,213.502,1.47556e-05,1494.52
4586,1.43579e-05,1.43579e-05,10675.1,213.502,1.45582e-05,1494.52
4587,1.41495e-05,1.41495e-05,10675.1,213.502,1.43938e-05,1494.52
4588,1.40388e-05,1.40388e-05,10675.1,213.502,1.42548e-05,1494.52
4589,1.38518e-05,1.38518e-05,10675.1,213.502,1.40716e-05,1494.52
4590,1.36622e-05,1.36622e-05,10675.1,213.502,1.3849e-05,1494.52
4591,1.34693e-05,1.34693e-05,10675.1,213.502,1.37111e-05,1494.52
4592,1.3295e-05,1.3295e-05,10675.1,213.502,1.35661e-05,1494.52
4593,1.31803e-05,1.31803e-05,10675.1,213.502,1.34196e-05,1494.52
4594,1.30493e-05,1.30493e-05,10675.1,213.502,1.32463e-05,1494.52
4595,1.29307e-05,1.29307e-05,10675.1,213.502,1.31466e-05,1494.52
4596,1.27553e-05,1.27553e-05,10675.1,213.502,1.29429e-05,1494.52
4597,1.26553e-05,1.26553e-05,10675.1,213.502,1.28104e-05,1494.52
4598,1.26295e-05,1.26295e-05,10675.1,213.502,1.27671e-05,1494.52
4599,1.25419e-05,1.25419e-05,10675.1,213.502,1.27135e-05,1494.52
4600,1.23929e-05,1.23929e-05,10675.1,213.502,1.26284e-05,1494.52
4601,1.22981e-05,1.22981e-05,10675.1,213.502,1.24173e-05,1494.52
4602,1.21727e-05,1.21727e-05,10675.1,213.502,1.23887e-05,1494.52
4603,1.21153e-05,1.21153e-05,10675.1,213.502,1.22949e-05,1494.52
4604,1.20284e-05,1.20284e-05,10675.1,213.502,1.21588e-05,1494.52
4605,1.19243e-05,1.19243e-05,10675.1,213.502,1.20629e-05,1494.52
4606,1.18438e-05,1.18438e-05,10675.1,213.502,1.2e-05,1494.52
4607,1.17531e-05,1.17531e-05,10675.1,213.502,1.18979e-05,1494.52
4608,1.16984e-05,1.16984e-05,10675.1,213.502,1.18112e-05,1494.52
4609,1.16283e-05,1.16283e-05,10675.1,213.502,1.17518e-05,1494.52
4610,1.153e-05,1.153e-05,10675.1,213.502,1.168e-05,1494.52
4611,1.14351e-05,1.14351e-05,10675.1,213.502,1.16355e-05,1494.52
4612,1.14351e-05,1.14438e-05,10675.1,213.502,1.15823e-05,1494.52
4613,1.13818e-05,1.13818e-05,10675.1,213.502,1.15878e-05,1494.52
4614,1.13697e-05,1.13697e-05,10675.1,213.502,1.14845e-05,1494.52
4615,1.12696e-05,1.12696e-05,10675.1,213.502,1.14378e-05,1494.52
4616,1.11468e-05,1.11468e-05,10675.1,213.502,1.13258e-05,1494.52
4617,1.10627e-05,1.10627e-05,10675.1,213.502,1.12385e-05,1494.52
4618,1.09687e-05,1.09687e-05,10675.1,213.502,1.11367e-05,1494.52
4619,1.082e-05,1.082e-05,10675.1,213.502,1.10268e-05,1494.52
4620,1.07659e-05,1.07659e-05,10675.1,213.502,1.09044e-05,1494.52
4621,1.06902e-05,1.06902e-05,10675.1,213.502,1.08201e-05,1494.52
4622,1.05659e-05,1.05659e-05,10675.1,213.502,1.07528e-05,1494.52
4623,1.04931e-05,1.04931e-05,10675.1,213.502,1.06695e-05,1494.52
4624,1.03696e-05,1.03696e-05,10675.1,213.502,1.05676e-05,1494.52
4625,1.01913e-05,1.01913e-05,10675.1,213.502,1.04358e-05,1494.52
4626,1.01265e-05,1.01265e-05,10675.1,213.502,1.03178e-05,1494.52
4627,1.00364e-05,1.00364e-05,10675.1,213.502,1.01559e-05,1494.52
4628,9.96659e-06,9.96659e-06,10675.1,213.502,1.01121e-05,1494.52
4629,9.83757e-06,9.83757e-06,10675.1,213.502,1.00003e-05,1494.52
4630,9.69478e-06,9.69478e-06,10675.1,213.502,9.87239e-06,1494.52
4631,9.62806e-06,9.62806e-06,10675.1,213.502,9.74962e-06,1494.52
4632,9.5189e-06,9.5189e-06,10675.1,213.502,9.62903e-06,1494.52
4633,9.45678e-06,9.45678e-06,10675.1,213.502,9.57502e-06,1494.52
4634,9.35894e-06,9.35894e-06,10675.1,213.502,9.5069e-06,1494.52
4635,9.24734e-06,9.24734e-06,10675.1,213.502,9.38414e-06,1494.52
4636,9.16084e-06,9.16084e-06,10675.1,213.502,9.29696e-06,1494.52
4637,9.06005e-06,9.06005e-06,10675.1,213.502,9.21777e-06,1494.52
4638,8.96837e-06,8.96837e-06,10675.1,213.502,9.10747e-06,1494.52
4639,8.91326e-06,8.91326e-06,10675.1,213.502,9.05588e-06,1494.52
4640,8.84635e-06,8.84635e-06,10675.1,213.502,8.94229e-06,1494.52
4641,8.75535e-06,8.75535e-06,10675.1,213.502,8.86798e-06,1494.52
4642,8.63292e-06,8.63292e-06,10675.1,213.502,8.76678e-06,1494.52
4643,8.54427e-06,8.54427e-06,10675.1,213.502,8.64763e-06,1494.52
4644,8.45732e-06,8.45732e-06,10675.1,213.502,8.55839e-06,1494.52
4645,8.34311e-06,8.34311e-06,10675.1,213.502,8.50242e-06,1494.52
4646,8.26547e-06,8.26547e-06,10675.1,213.502,8.43268e-06,1494.52
4647,8.21825e-06,8.21825e-06,10675.1,213.502,8.34792e-06,1494.52
4648,8.1554e-06,8.1554e-06,10675.1,213.502,8.28638e-06,1494.52
4649,8.06314e-06,8.06314e-06,10675.1,213.502,8.18117e-06,1494.52
4650,8.01044e-06,8.01044e-06,10675.1,213.502,8.10986e-06,1494.52
4651,7.91619e-06,7.91619e-06,10675.1,213.502,8.01716e-06,1494.52
4652,7.87918e-06,7.87918e-06,10675.1,213.502,8.00436e-06,1494.52
4653,7.77569e-06,7.77569e-06,10675.1,213.502,7.95253e-06,1494.52
4654,7.68779e-06,7.68779e-06,10675.1,213.502,7.82271e-06,1494.52
4655,7.6346e-06,7.6346e-06,10675.1,213.502,7.74542e-06,1494.52
4656,7.58827e-06,7.58827e-06,10675.1,213.502,7.70714e-06,1494.52
4657,7.46836e-06,7.46836e-06,10675.1,213.502,7.60465e-06,1494.52
4658,7.40915e-06,7.40915e-06,10675.1,213.502,7.52439e-06,1494.52
4659,7.32894e-06,7.32894e-06,10675.1,213.502,7.4479e-06,1494.52
4660,7.2648e-06,7.2648e-06,10675.1,213.502,7.35349e-06,1494.52
4661,7.19151e-06,7.19151e-06,10675.1,213.502,7.28823e-06,1494.52
4662,7.12762e-06,7.12762e-06,10675.1,213.502,7.23451e-06,1494.52
4663,7.10155e-06,7.10155e-06,10675.1,213.502,7.1935e-06,1494.52
4664,7.04538e-06,7.04538e-06,10675.1,213.502,7.11767e-06,1494.52
4665,7.00019e-06,7.00019e-06,10675.1,213.502,7.08046e-06,1494.52
4666,6.90747e-06,6.90747e-06,10675.1,213.502,7.05576e-06,1494.52
4667,6.86293e-06,6.86293e-06,10675.1,213.502,6.97155e-06,1494.52
4668,6.77879e-06,6.77879e-06,10675.1,213.502,6.90007e-06,1494.52
4669,6.71653e-06,6.71653e-06,10675.1,213.502,6.82469e-06,1494.52
4670,6.67565e-06,6.67565e-06,10675.1,213.502,6.77793e-06,1494.52
4671,6.64701e-06,6.64701e-06,10675.1,213.502,6.74164e-06,1494.52
4672,6.59723e-06,6.59723e-06,10675.1,213.502,6.71617e-06,1494.52
4673,6.57333e-06,6.57333e-06,10675.1,213.502,6.66502e-06,1494.52
4674,6.5394e-06,6.5394e-06,10675.1,213.502,6.65515e-06,1494.52
4675,6.52723e-06,6.52723e-06,10675.1,213.502,6.62438e-06,1494.52
4676,6.50437e-06,6.50437e-06,10675.1,213.502,6.58132e-06,1494.52
4677,6.4684e-06,6.4684e-06,10675.1,213.502,6.56821e-06,1494.52
4678,6.45977e-06,6.45977e-06,10675.1,213.502,6.54191e-06,1494.52
4679,6.41882e-06,6.41882e-06,10675.1,213.502,6.49715e-06,1494.52
4680,6.35602e-06,6.35602e-06,10675.1,213.502,6.48401e-06,1494.52
4681,6.31388e-06,6.31388e-06,10675.1,213.502,6.44095e-06,1494.52
4682,6.29602e-06,6.29602e-06,10675.1,213.502,6.41286e-06,1494.52
4683,6.27034e-06,6.27034e-06,10675.1,213.502,6.34938e-06,1494.52
4684,6.19459e-06,6.19459e-06,10675.1,213.502,6.31227e-06,1494.52
4685,6.14423e-06,6.14423e-06,10675.1,213.502,6.22906e-06,1494.52
4686,6.07739e-06,6.07739e-06,10675.1,213.502,6.16362e-06,1494.52
4687,5.98128e-06,5.98128e-06,10675.1,213.502,6.10088e-06,1494.52
4688,5.91623e-06,5.91623e-06,10675.1,213.502,6.05165e-06,1494.52
4689,5.84171e-06,5.84171e-06,10675.1,213.502,5.97168e-06,1494.52
4690,5.79759e-06,5.79759e-06,10675.1,213.502,5.87753e-06,1494.52
4691,5.73175e-06,5.73175e-06,10675.1,213.502,5.82497e-06,1494.52
4692,5.68975e-06,5.68975e-06,10675.1,213.502,5.80105e-06,1494.52
4693,5.62422e-06,5.62422e-06,10675.1,213.502,5.73e-06,1494.52
4694,5.57331e-06,5.57331e-06,10675.1,213.502,5.6454e-06,1494.52
4695,5.51869e-06,5.51869e-06,10675.1,213.502,5.61266e-06,1494.52
4696,5.44158e-06,5.44158e-06,10675.1,213.502,5.5277e-06,1494.52
4697,5.40798e-06,5.40798e-06,10675.1,213.502,5.49589e-06,1494.52
4698,5.34242e-06,5.34242e-06,10675.1,213.502,5.43117e-06,1494.52
4699,5.30092e-06,5.30092e-06,10675.1,213.502,5.37118e-06,1494.52
4700,5.2614e-06,5.2614e-06,10675.1,213.502,5.33176e-06,1494.52
4701,5.24266e-06,5.24266e-06,10675.1,213.502,5.29942e-06,1494.52
4702,5.19509e-06,5.19509e-06,10675.1,213.502,5.27068e-06,1494.52
4703,5.16212e-06,5.16212e-06,10675.1,213.502,5.22222e-06,1494.52
4704,5.13065e-06,5.13065e-06,10675.1,213.502,5.18776e-06,1494.52
4705,5.09946e-06,5.09946e-06,10675.1,213.502,5.16807e-06,1494.52
4706,5.07333e-06,5.07333e-06,10675.1,213.502,5.113e-06,1494.52
4707,5.02793e-06,5.02793e-06,10675.1,213.502,5.09538e-06,1494.52
4708,4.98956e-06,4.98956e-06,10675.1,213.502,5.04312e-06,1494.52
4709,4.94366e-06,4.94366e-06,10675.1,213.502,5.03349e-06,1494.52
4710,4.91258e-06,4.91258e-06,10675.1,213.502,4.95568e-06,1494.52
4711,4.88461e-06,4.88461e-06,10675.1,213.502,4.96581e-06,1494.52
4712,4.82865e-06,4.82865e-06,10675.1,213.502,4.91298e-06,1494.52
4713,4.78105e-06,4.78105e-06,10675.1,213.502,4.86153e-06,1494.52
4714,4.76239e-06,4.76239e-06,10675.1,213.502,4.83013e-06,1494.52
4715,4.72542e-06,4.72542e-06,10675.1,213.502,4.79341e-06,1494.52
4716,4.71909e-06,4.71909e-06,10675.1,213.502,4.76997e-06,1494.52
4717,4.67825e-06,4.67825e-06,10675.1,213.502,4.74678e-06,1494.52
4718,4.65527e-06,4.65527e-06,10675.1,213.502,4.72714e-06,1494.52
4719,4.62772e-06,4.62772e-06,10675.1,213.502,4.6792e-06,1494.52
4720,4.60116e-06,4.60116e-06,10675.1,213.502,4.65602e-06,1494.52
4721,4.57456e-06,4.57456e-06,10675.1,213.502,4.6367e-06,1494.52
4722,4.55661e-06,4.55661e-06,10675.1,213.502,4.61998e-06,1494.52
4723,4.52194e-06,4.52194e-06,10675.1,213.502,4.56239e-06,1494.52
4724,4.49498e-06,4.49498e-06,10675.1,213.502,4.53953e-06,1494.52
4725,4.45479e-06,4.45479e-06,10675.1,213.502,4.51487e-06,1494.52
4726,4.41575e-06,4.41575e-06,10675.1,213.502,4.47352e-06,1494.52
4727,4.36746e-06,4.36746e-06,10675.1,213.502,4.43453e-06,1494.52
4728,4.31455e-06,4.31455e-06,10675.1,213.502,4.36687e-06,1494.52
4729,4.26433e-06,4.26433e-06,10675.1,213.502,4.32724e-06,1494.52
4730,4.23154e-06,4.23154e-06,10675.1,213.502,4.29444e-06,1494.52
4731,4.18787e-06,4.18787e-06,10675.1,213.502,4.24494e-06,1494.52
4732,4.14256e-06,4.14256e-06,10675.1,213.502,4.20881e-06,1494.52
4733,4.12484e-06,4.12484e-06,10675.1,213.502,4.17648e-06,1494.52
4734,4.07486e-06,4.07486e-06,10675.1,213.502,4.13501e-06,1494.52
4735,4.0324e-06,4.0324e-06,10675.1,213.502,4.07962e-06,1494.52
4736,3.97479e-06,3.97479e-06,10675.1,213.502,4.0517e-06,1494.52
4737,3.93149e-06,3.93149e-06,10675.1,213.502,4.0133e-06,1494.52
4738,3.90734e-06,3.90734e-06,10675.1,213.502,3.96789e-06,1494.52
4739,3.86993e-06,3.86993e-06,10675.1,213.502,3.93629e-06,1494.52
4740,3.83532e-06,3.83532e-06,10675.1,213.502,3.90434e-06,1494.52
4741,3.80105e-06,3.80105e-06,10675.1,213.502,3.84967e-06,1494.52
4742,3.76503e-06,3.76503e-06,10675.1,213.502,3.81694e-06,1494.52
4743,3.72928e-06,3.72928e-06,10675.1,213.502,3.79479e-06,1494.52
4744,3.69834e-06,3.69834e-06,10675.1,213.502,3.75007e-06,1494.52
4745,3.65355e-06,3.65355e-06,10675.1,213.502,3.71625e-06,1494.52
4746,3.61674e-06,3.61674e-06,10675.1,213.502,3.66247e-06,1494.52
4747,3.57259e-06,3.57259e-06,10675.1,213.502,3.62736e-06,1494.52
4748,3.51177e-06,3.51177e-06,10675.1,213.502,3.60244e-06,1494.52
4749,3.4681e-06,3.4681e-06,10675.1,213.502,3.53534e-06,1494.52
4750,3.39265e-06,3.39265e-06,10675.1,213.502,3.47769e-06,1494.52
4751,3.36929e-06,3.36929e-06,10675.1,213.502,3.41691e-06,1494.52
4752,3.33696e-06,3.33696e-06,10675.1,213.502,3.39501e-06,1494.52
4753,3.29018e-06,3.29018e-06,10675.1,213.502,3.3617e-06,1494.52
4754,3.24755e-06,3.24755e-06,10675.1,213.502,3.32079e-06,1494.52
4755,3.20858e-06,3.20858e-06,10675.1,213.502,3.28244e-06,1494.52
4756,3.17779e-06,3.17779e-06,10675.1,213.502,3.23164e-06,1494.52
4757,3.15449e-06,3.15449e-06,10675.1,213.502,3.20163e-06,1494.52
4758,3.12261e-06,3.12261e-06,10675.1,213.502,3.19178e-06,1494.52
4759,3.08359e-06,3.08359e-06,10675.1,213.502,3.16163e-06,1494.52
4760,3.03869e-06,3.03869e-06,10675.1,213.502,3.10536e-06,1494.52
4761,3.01387e-06,3.01387e-06,10675.1,213.502,3.06263e-06,1494.52
4762,2.97954e-06,2.97954e-06,10675.1,213.502,3.04989e-06,1494.52
4763,2.94981e-06,2.94981e-06,10675.1,213.502,3.00929e-06,1494.52
4764,2.93393e-06,2.93393e-06,10675.1,213.502,2.98114e-06,1494.52
4765,2.90171e-06,2.90171e-06,10675.1,213.502,2.96403e-06,1494.52
4766,2.88916e-06,2.88916e-06,10675.1,213.502,2.94786e-06,1494.52
4767,2.85688e-06,2.85688e-06,10675.1,213.502,2.9309e-06,1494.52
4768,2.82603e-06,2.82603e-06,10675.1,213.502,2.89502e-06,1494.52
4769,2.78219e-06,2.78219e-06,10675.1,213.502,2.833e-06,1494.52
4770,2.77352e-06,2.77352e-06,10675.1,213.502,2.81781e-06,1494.52
4771,2.74469e-06,2.74469e-06,10675.1,213.502,2.81981e-06,1494.52
4772,2.70643e-06,2.70643e-06,10675.1,213.502,2.77349e-06,1494.52
4773,2.67589e-06,2.67589e-06,10675.1,213.502,2.74007e-06,1494.52
4774,2.65704e-06,2.65704e-06,10675.1,213.502,2.69886e-06,1494.52
4775,2.64476e-06,2.64476e-06,10675.1,213.502,2.68658e-06,1494.52
4776,2.62551e-06,2.62551e-06,10675.1,213.502,2.66927e-06,1494.52
4777,2.60758e-06,2.60758e-06,10675.1,213.502,2.66097e-06,1494.52
4778,2.58693e-06,2.58693e-06,10675.1,213.502,2.62966e-06,1494.52
4779,2.57762e-06,2.57762e-06,10675.1,213.502,2.62394e-06,1494.52
4780,2.54669e-06,2.54669e-06,10675.1,213.502,2.60818e-06,1494.52
4781,2.50892e-06,2.50892e-06,10675.1,213.502,2.56991e-06,1494.52
4782,2.48634e-06,2.48634e-06,10675.1,213.502,2.54406e-06,1494.52
4783,2.46342e-06,2.46342e-06,10675.1,213.502,2.50291e-06,1494.52
4784,2.42347e-06,2.42347e-06,10675.1,213.502,2.47639e-06,1494.52
4785,2.40951e-06,2.40951e-06,10675.1,213.502,2.45625e-06,1494.52
4786,2.3859e-06,2.3859e-06,10675.1,213.502,2.44158e-06,1494.52
4787,2.37007e-06,2.37007e-06,10675.1,213.502,2.41203e-06,1494.52
4788,2.34812e-06,2.34812e-06,10675.1,213.502,2.40017e-06,1494.52
4789,2.31572e-06,2.31572e-06,10675.1,213.502,2.36193e-06,1494.52
4790,2.2943e-06,2.2943e-06,10675.1,213.502,2.33324e-06,1494.52
4791,2.26428e-06,2.26428e-06,10675.1,213.502,2.32118e-06,1494.52
4792,2.24273e-06,2.24273e-06,10675.1,213.502,2.29133e-06,1494.52
4793,2.22022e-06,2.22022e-06,10675.1,213.502,2.2613e-06,1494.52
4794,2.20283e-06,2.20283e-06,10675.1,213.502,2.23752e-06,1494.52
4795,2.18877e-06,2.18877e-06,10675.1,213.502,2.23651e-06,1494.52
4796,2.16947e-06,2.16947e-06,10675.1,213.502,2.20682e-06,1494.52
4797,2.15278e-06,2.15278e-06,10675.1,213.502,2.19167e-06,1494.52
4798,2.13707e-06,2.13707e-06,10675.1,213.502,2.17791e-06,1494.52
4799,2.11585e-06,2.11585e-06,10675.1,213.502,2.15378e-06,1494.52
4800,2.0966e-06,2.0966e-06,10675.1,213.502,2.13133e-06,1494.52
4801,2.07606e-06,2.07606e-06,10675.1,213.502,2.11125e-06,1494.52
4802,2.07184e-06,2.07184e-06,10675.1,213.502,2.0987e-06,1494.52
4803,2.06219e-06,2.06219e-06,10675.1,213.502,2.07937e-06,1494.52
4804,2.05052e-06,2.05052e-06,10675.1,213.502,2.07792e-06,1494.52
4805,2.04023e-06,2.04023e-06,10675.1,213.502,2.05798e-06,1494.52
4806,2.02933e-06,2.02933e-06,10675.1,213.502,2.0585e-06,1494.52
4807,2.01519e-06,2.01519e-06,10675.1,213.502,2.04335e-06,1494.52
4808,2.00405e-06,2.00405e-06,10675.1,213.502,2.03069e-06,1494.52
4809,1.99323e-06,1.99323e-06,10675.1,213.502,2.02634e-06,1494.52
4810,1.96735e-06,1.96735e-06,10675.1,213.502,2.01058e-06,1494.52
4811,1.9473e-06,1.9473e-06,10675.1,213.502,1.98043e-06,1494.52
4812,1.92829e-06,1.92829e-06,10675.1,213.502,1.95493e-06,1494.52
4813,1.91415e-06,1.91415e-06,10675.1,213.502,1.94942e-06,1494.52
4814,1.89898e-06,1.89898e-06,10675.1,213.502,1.93531e-06,1494.52
4815,1.88242e-06,1.88242e-06,10675.1,213.502,1.91093e-06,1494.52
4816,1.8699e-06,1.8699e-06,10675.1,213.502,1.90185e-06,1494.52
4817,1.85766e-06,1.85766e-06,10675.1,213.502,1.87755e-06,1494.52
4818,1.84645e-06,1.84645e-06,10675.1,213.502,1.87316e-06,1494.52
4819,1.83329e-06,1.83329e-06,10675.1,213.502,1.8657e-06,1494.52
4820,1.81912e-06,1.81912e-06,10675.1,213.502,1.8476e-06,1494.52
4821,1.80249e-06,1.80249e-06,10675.1,213.502,1.83653e-06,1494.52
4822,1.79203e-06,1.79203e-06,10675.1,213.502,1.81078e-06,1494.52
4823,1.77105e-06,1.77105e-06,10675.1,213.502,1.80565e-06,1494.52
4824,1.76387e-06,1.76387e-06,10675.1,213.502,1.78817e-06,1494.52
4825,1.74761e-06,1.74761e-06,10675.1,213.502,1.7764e-06,1494.52
4826,1.73109e-06,1.73109e-06,10675.1,213.502,1.75402e-06,1494.52
4827,1.71983e-06,1.71983e-06,10675.1,213.502,1.74067e-06,1494.52
4828,1.71725e-06,1.71725e-06,10675.1,213.502,1.74026e-06,1494.52
4829,1.69547e-06,1.69547e-06,10675.1,213.502,1.72979e-06,1494.52
4830,1.69088e-06,1.69088e-06,10675.1,213.502,1.71192e-06,1494.52
4831,1.68257e-06,1.68257e-06,10675.1,213.502,1.70763e-06,1494.52
4832,1.67089e-06,1.67089e-06,10675.1,213.502,1.69623e-06,1494.52
4833,1.65479e-06,1.65479e-06,10675.1,213.502,1.68174e-06,1494.52
4834,1.64375e-06,1.64375e-06,10675.1,213.502,1.67059e-06,1494.52
4835,1.63187e-06,1.63187e-06,10675.1,213.502,1.65477e-06,1494.52
4836,1.62103e-06,1.62103e-06,10675.1,213.502,1.65435e-06,1494.52
4837,1.60516e-06,1.60516e-06,10675.1,213.502,1.62799e-06,1494.52
4838,1.58369e-06,1.58369e-06,10675.1,213.502,1.60924e-06,1494.52
4839,1.58045e-06,1.58045e-06,10675.1,213.502,1.59759e-06,1494.52
4840,1.577e-06,1.577e-06,10675.1,213.502,1.59672e-06,1494.52
4841,1.56981e-06,1.56981e-06,10675.1,213.502,1.59376e-06,1494.52
4842,1.56236e-06,1.56236e-06,10675.1,213.502,1.5919e-06,1494.52
4843,1.55305e-06,1.55305e-06,10675.1,213.502,1.57133e-06,1494.52
4844,1.54053e-06,1.54053e-06,10675.1,213.502,1.5688e-06,1494.52
4845,1.53117e-06,1.53117e-06,10675.1,213.502,1.55667e-06,1494.52
4846,1.52331e-06,1.52331e-06,10675.1,213.502,1.5437e-06,1494.52
4847,1.51639e-06,1.51639e-06,10675.1,213.502,1.54088e-06,1494.52
4848,1.51105e-06,1.51105e-06,10675.1,213.502,1.5294e-06,1494.52
4849,1.49854e-06,1.49854e-06,10675.1,213.502,1.51906e-06,1494.52
4850,1.49233e-06,1.49233e-06,10675.1,213.502,1.50788e-06,1494.52
4851,1.48436e-06,1.48436e-06,10675.1,213.502,1.50459e-06,1494.52
4852,1.47361e-06,1.47361e-06,10675.1,213.502,1.50513e-06,1494.52
4853,1.46062e-06,1.46062e-06,10675.1,213.502,1.48691e-06,1494.52
4854,1.44033e-06,1.44033e-06,10675.1,213.502,1.47321e-06,1494.52
4855,1.43743e-06,1.43743e-06,10675.1,213.502,1.45481e-06,1494.52
4856,1.41355e-06,1.41355e-06,10675.1,213.502,1.4392e-06,1494.52
4857,1.39814e-06,1.39814e-06,10675.1,213.502,1.42099e-06,1494.52
4858,1.38249e-06,1.38249e-06,10675.1,213.502,1.40404e-06,1494.52
4859,1.37063e-06,1.37063e-06,10675.1,213.502,1.39046e-06,1494.52
4860,1.35872e-06,1.35872e-06,10675.1,213.502,1.39333e-06,1494.52
4861,1.35248e-06,1.35248e-06,10675.1,213.502,1.38089e-06,1494.52
4862,1.34387e-06,1.34387e-06,10675.1,213.502,1.37636e-06,1494.52
4863,1.33306e-06,1.33306e-06,10675.1,213.502,1.37009e-06,1494.52
4864,1.32783e-06,1.32783e-06,10675.1,213.502,1.35191e-06,1494.52
4865,1.31511e-06,1.31511e-06,10675.1,213.502,1.33924e-06,1494.52
4866,1.30892e-06,1.30892e-06,10675.1,213.502,1.32814e-06,1494.52
4867,1.30067e-06,1.30067e-06,10675.1,213.502,1.32303e-06,1494.52
4868,1.28961e-06,1.28961e-06,10675.1,213.502,1.31537e-06,1494.52
4869,1.27492e-06,1.27492e-06,10675.1,213.502,1.2959e-06,1494.52
4870,1.26819e-06,1.26819e-06,10675.1,213.502,1.28651e-06,1494.52
4871,1.25032e-06,1.25032e-06,10675.1,213.502,1.27131e-06,1494.52
4872,1.24323e-06,1.24323e-06,10675.1,213.502,1.26126e-06,1494.52
4873,1.22867e-06,1.22867e-06,10675.1,213.502,1.25453e-06,1494.52
4874,1.2122e-06,1.2122e-06,10675.1,213.502,1.2335e-06,1494.52
4875,1.20172e-06,1.20172e-06,10675.1,213.502,1.22416e-06,1494.52
4876,1.19142e-06,1.19142e-06,10675.1,213.502,1.2217e-06,1494.52
4877,1.17323e-06,1.17323e-06,10675.1,213.502,1.19849e-06,1494.52
4878,1.16118e-06,1.16118e-06,10675.1,213.502,1.17923e-06,1494.52
4879,1.14603e-06,1.14603e-06,10675.1,213.502,1.17453e-06,1494.52
4880,1.13789e-06,1.13789e-06,10675.1,213.502,1.16614e-06,1494.52
4881,1.12643e-06,1.12643e-06,10675.1,213.502,1.15091e-06,1494.52
4882,1.11917e-06,1.11917e-06,10675.1,213.502,1.1407e-06,1494.52
4883,1.10843e-06,1.10843e-06,10675.1,213.502,1.12963e-06,1494.52
4884,1.10454e-06,1.10454e-06,10675.1,213.502,1.12747e-06,1494.52
4885,1.10273e-06,1.10273e-06,10675.1,213.502,1.1207e-06,1494.52
4886,1.08851e-06,1.08851e-06,10675.1,213.502,1.11029e-06,1494.52
4887,1.08055e-06,1.08055e-06,10675.1,213.502,1.10677e-06,1494.52
4888,1.06545e-06,1.06545e-06,10675.1,213.502,1.0949e-06,1494.52
4889,1.05995e-06,1.05995e-06,10675.1,213.502,1.07781e-06,1494.52
4890,1.03857e-06,1.03857e-06,10675.1,213.502,1.06221e-06,1494.52
4891,1.0283e-06,1.0283e-06,10675.1,213.502,1.04773e-06,1494.52
4892,1.02212e-06,1.02212e-06,10675.1,213.502,1.03985e-06,1494.52
4893,1.01448e-06,1.01448e-06,10675.1,213.502,1.02781e-06,1494.52
4894,1.00535e-06,1.00535e-06,10675.1,213.502,1.02234e-06,1494.52
4895,1.00171e-06,1.00171e-06,10675.1,213.502,1.02282e-06,1494.52
4896,9.99077e-07,9.99077e-07,10675.1,213.502,1.02126e-06,1494.52
4897,9.85783e-07,9.85783e-07,10675.1,213.502,1.00925e-06,1494.52
4898,9.80647e-07,9.80647e-07,10675.1,213.502,9.98639e-07,1494.52
4899,9.80523e-07,9.80523e-07,10675.1,213.502,9.9375e-07,1494.52
4900,9.76122e-07,9.76122e-07,10675.1,213.502,9.90186e-07,1494.52
4901,9.70695e-07,9.70695e-07,10675.1,213.502,9.86205e-07,1494.52
4902,9.63167e-07,9.63167e-07,10675.1,213.502,9.84063e-07,1494.52
4903,9.57298e-07,9.57298e-07,10675.1,213.502,9.79106e-07,1494.52
4904,9.46185e-07,9.46185e-07,10675.1,213.502,9.69741e-07,1494.52
4905,9.43329e-07,9.43329e-07,10675.1,213.502,9.57844e-07,1494.52
4906,9.35834e-07,9.35834e-07,10675.1,213.502,9.49585e-07,1494.52
4907,9.32827e-07,9.32827e-07,10675.1,213.502,9.43863e-07,1494.52
4908,9.25399e-07,9.25399e-07,10675.1,213.502,9.3909e-07,1494.52
4909,9.23967e-07,9.23967e-07,10675.1,213.502,9.33269e-07,1494.52
4910,9.20264e-07,9.20264e-07,10675.1,213.502,9.28109e-07,1494.52
4911,9.08992e-07,9.08992e-07,10675.1,213.502,9.29154e-07,1494.52
4912,9.00692e-07,9.00692e-07,10675.1,213.502,9.21803e-07,1494.52
4913,8.96399e-07,8.96399e-07,10675.1,213.502,9.16084e-07,1494.52
4914,8.87641e-07,8.87641e-07,10675.1,213.502,9.04425e-07,1494.52
4915,8.82791e-07,8.82791e-07,10675.1,213.502,8.96137e-07,1494.52
4916,8.73383e-07,8.73383e-07,10675.1,213.502,8.90325e-07,1494.52
4917,8.68115e-07,8.68115e-07,10675.1,213.502,8.86155e-07,1494.52
4918,8.63641e-07,8.63641e-07,10675.1,213.502,8.76199e-07,1494.52
4919,8.53092e-07,8.53092e-07,10675.1,213.502,8.67522e-07,1494.52
4920,8.50909e-07,8.50909e-07,10675.1,213.502,8.62289e-07,1494.52
4921,8.41181e-07,8.41181e-07,10675.1,213.502,8.59962e-07,1494.52
4922,8.32871e-07,8.32871e-07,10675.1,213.502,8.5102e-07,1494.52
4923,8.25153e-07,8.25153e-07,10675.1,213.502,8.43494e-07,1494.52
4924,8.20179e-07,8.20179e-07,10675.1,213.502,8.47039e-07,1494.52
4925,8.17696e-07,8.17696e-07,10675.1,213.502,8.38206e-07,1494.52
4926,8.083e-07,8.083e-07,10675.1,213.502,8.29041e-07,1494.52
4927,8.03738e-07,8.03738e-07,10675.1,213.502,8.2217e-07,1494.52
4928,7.98699e-07,7.98699e-07,10675.1,213.502,8.12946e-07,1494.52
4929,7.94222e-07,7.94222e-07,10675.1,213.502,8.0961e-07,1494.52
4930,7.91464e-07,7.91464e-07,10675.1,213.502,8.02401e-07,1494.52
4931,7.87075e-07,7.87075e-07,10675.1,213.502,8.00715e-07,1494.52
4932,7.7904e-07,7.7904e-07,10675.1,213.502,7.95931e-07,1494.52
4933,7.69106e-07,7.69106e-07,10675.1,213.502,7.97095e-07,1494.52
4934,7.69106e-07,7.7328e-07,10675.1,213.502,7.92902e-07,1494.52
4935,7.69106e-07,7.70638e-07,10675.1,213.502,7.81995e-07,1494.52
4936,7.6735e-07,7.6735e-07,10675.1,213.502,7.81593e-07,1494.52
4937,7.6735e-07,7.67771e-07,10675.1,213.502,7.75302e-07,1494.52
4938,7.64852e-07,7.64852e-07,10675.1,213.502,7.74055e-07,1494.52
4939,7.61716e-07,7.61716e-07,10675.1,213.502,7.72238e-07,1494.52
4940,7.59312e-07,7.59312e-07,10675.1,213.502,7.65925e-07,1494.52
4941,7.54067e-07,7.54067e-07,10675.1,213.502,7.65262e-07,1494.52
4942,7.5094e-07,7.5094e-07,10675.1,213.502,7.60642e-07,1494.52
4943,7.49061e-07,7.49061e-07,10675.1,213.502,7.59717e-07,1494.52
4944,7.46668e-07,7.46668e-07,10675.1,213.502,7.55432e-07,1494.52
4945,7.4398e-07,7.4398e-07,10675.1,213.502,7.50729e-07,1494.52
4946,7.41312e-07,7.41312e-07,10675.1,213.502,7.49285e-07,1494.52
4947,7.39924e-07,7.39924e-07,10675.1,213.502,7.45273e-07,1494.52
4948,7.37231e-07,7.37231e-07,10675.1,213.502,7.45106e-07,1494.52
4949,7.33153e-07,7.33153e-07,10675.1,213.502,7.43299e-07,1494.52
4950,7.31118e-07,7.31118e-07,10675.1,213.502,7.3872e-07,1494.52
4951,7.28002e-07,7.28002e-07,10675.1,213.502,7.37189e-07,1494.52
4952,7.26715e-07,7.26715e-07,10675.1,213.502,7.34209e-07,1494.52
4953,7.25733e-07,7.25733e-07,10675.1,213.502,7.31446e-07,1494.52
4954,7.24906e-07,7.24906e-07,10675.1,213.502,7.31917e-07,1494.52
4955,7.2288e-07,7.2288e-07,10675.1,213.502,7.29966e-07,1494.52
4956,7.20615e-07,7.20615e-07,10675.1,213.502,7.26159e-07,1494.52
4957,7.12806e-07,7.12806e-07,10675.1,213.502,7.21789e-07,1494.52
4958,7.09105e-07,7.09105e-07,10675.1,213.502,7.17667e-07,1494.52
4959,6.96856e-07,6.96856e-07,10675.1,213.502,7.1238e-07,1494.52
4960,6.76262e-07,6.76262e-07,10675.1,213.502,7.0239e-07,1494.52
4961,6.67375e-07,6.67375e-07,10675.1,213.502,6.87062e-07,1494.52
4962,6.59208e-07,6.59208e-07,10675.1,213.502,6.71883e-07,1494.52
4963,6.53662e-07,6.53662e-07,10675.1,213.502,6.67359e-07,1494.52
4964,6.49886e-07,6.49886e-07,10675.1,213.502,6.5754e-07,1494.52
4965,6.49657e-07,6.49657e-07,10675.1,213.502,6.59641e-07,1494.52
4966,6.46502e-07,6.46502e-07,10675.1,213.502,6.56209e-07,1494.52
4967,6.44454e-07,6.44454e-07,10675.1,213.502,6.5313e-07,1494.52
4968,6.3961e-07,6.3961e-07,10675.1,213.502,6.49755e-07,1494.52
4969,6.34356e-07,6.34356e-07,10675.1,213.502,6.44893e-07,1494.52
4970,6.29965e-07,6.29965e-07,10675.1,213.502,6.39258e-07,1494.52
4971,6.23623e-07,6.23623e-07,10675.1,213.502,6.33034e-07,1494.52
4972,6.19835e-07,6.19835e-07,10675.1,213.502,6.27208e-07,1494.52
4973,6.1357e-07,6.1357e-07,10675.1,213.502,6.21245e-07,1494.52
4974,6.071e-07,6.071e-07,10675.1,213.502,6.19212e-07,1494.52
4975,5.97249e-07,5.97249e-07,10675.1,213.502,6.1134e-07,1494.52
4976,5.92321e-07,5.92321e-07,10675.1,213.502,6.02582e-07,1494.52
4977,5.88689e-07,5.88689e-07,10675.1,213.502,5.97976e-07,1494.52
4978,5.85158e-07,5.85158e-07,10675.1,213.502,5.95942e-07,1494.52
4979,5.82223e-07,5.82223e-07,10675.1,213.502,5.91938e-07,1494.52
4980,5.79062e-07,5.79062e-07,10675.1,213.502,5.88478e-07,1494.52
4981,5.77761e-07,5.77761e-07,10675.1,213.502,5.86209e-07,1494.52
4982,5.74316e-07,5.74316e-07,10675.1,213.502,5.86925e-07,1494.52
4983,5.68393e-07,5.68393e-07,10675.1,213.502,5.80836e-07,1494.52
4984,5.61888e-07,5.61888e-07,10675.1,213.502,5.78003e-07,1494.52
4985,5.53848e-07,5.53848e-07,10675.1,213.502,5.70438e-07,1494.52
4986,5.47215e-07,5.47215e-07,10675.1,213.502,5.58293e-07,1494.52
4987,5.45177e-07,5.45177e-07,10675.1,213.502,5.54956e-07,1494.52
4988,5.41779e-07,5.41779e-07,10675.1,213.502,5.52627e-07,1494.52
4989,5.40052e-07,5.40052e-07,10675.1,213.502,5.47712e-07,1494.52
4990,5.37598e-07,5.37598e-07,10675.1,213.502,5.4587e-07,1494.52
4991,5.35851e-07,5.35851e-07,10675.1,213.502,5.44826e-07,1494.52
4992,5.35851e-07,5.36182e-07,10675.1,213.502,5.43835e-07,1494.52
4993,5.35851e-07,5.36475e-07,10675.1,213.502,5.43937e-07,1494.52
4994,5.34011e-07,5.34011e-07,10675.1,213.502,5.42014e-07,1494.52
4995,5.31408e-07,5.31408e-07,10675.1,213.502,5.39646e-07,1494.52
4996,5.30236e-07,5.30236e-07,10675.1,213.502,5.37765e-07,1494.52
4997,5.26815e-07,5.26815e-07,10675.1,213.502,5.33589e-07,1494.52
4998,5.24548e-07,5.24548e-07,10675.1,213.502,5.30744e-07,1494.52
4999,5.20612e-07,5.20612e-07,10675.1,213.502,5.3024e-07,1494.52
5000,5.1812e-07,5.1812e-07,10675.1,213.502,5.25858e-07,1494.52
5001,5.1381e-07,5.1381e-07,10675.1,213.502,5.21345e-07,1494.52
