iteration,agent,x,y,mass,fitness
0,0,2.91697,6.76308,0.0406267,54.248
0,1,3.317,0.48731,0.0596886,11.2399
0,2,-8.87709,2.02425,0.0279276,82.9004
0,3,5.32242,8.30276,0.0215614,97.2639
0,4,9.05815,2.83434,0.0247438,90.0836
0,5,5.55098,0.311479,0.0509703,30.9104
0,6,9.29156,-2.83698,0.0228389,94.3816
0,7,4.18607,-0.38377,0.0568384,17.6705
0,8,-6.29085,-8.51486,0.0149958,112.078
0,9,8.37698,4.75295,0.0235558,92.7642
0,10,1.27911,6.19684,0.0469253,40.0369
0,11,-4.50458,-7.82482,0.0285398,81.5191
0,12,-6.31324,7.52803,0.0218875,96.5282
0,13,-8.65078,4.12155,0.0239728,91.8232
0,14,6.59058,9.66142,0.00404789,136.779
0,15,1.94212,5.38234,0.0501588,32.7414
0,16,-8.74551,-7.22938,0.00760725,128.748
0,17,6.99228,3.82163,0.0365275,63.4969
0,18,1.6241,-1.55523,0.0624292,5.05643
0,19,4.59245,-7.64617,0.0294105,79.5545
0,20,-3.13726,1.37764,0.0594668,11.7403
0,21,-4.03227,-0.997193,0.0570232,17.2536
0,22,-1.50742,3.92078,0.0568498,17.6448
0,23,-9.68308,-7.1649,0.000360698,145.098
0,24,3.06381,-4.39111,0.0519638,28.6688
0,25,-8.97789,-0.927685,0.0285646,81.4631
0,26,4.2278,-3.77694,0.0504255,32.1396
0,27,9.7965,7.06685,0,145.912
0,28,-7.34912,-7.69517,0.0144871,113.225
0,29,-6.11191,7.12642,0.0256047,88.1414
1,0,0.928583,1.66687,0.0359838,3.64071
1,1,1.9815,1.02369,0.0356465,4.97428
1,2,-2.98141,0.892528,0.0344549,9.68538
1,3,2.81179,2.30531,0.0335608,13.2206
1,4,3.85051,2.21025,0.031919,19.7116
1,5,1.65486,0.474375,0.036155,2.96358
1,6,2.31973,-0.655139,0.035435,5.81037
1,7,1.80772,0.25279,0.0360619,3.33176
1,8,-3.09329,-3.03303,0.0321578,18.7677
1,9,3.00693,1.48285,0.0340616,11.2404
1,10,0.964228,0.760006,0.0365233,1.50734
1,11,-1.78633,-2.22049,0.0348505,8.12153
1,12,-2.4724,3.16494,0.032825,16.1296
1,13,-3.35289,2.70999,0.0322038,18.5859
1,14,2.7349,4.10953,0.0307414,24.3679
1,15,0.937488,0.478287,0.0366244,1.10764
1,16,-3.61061,-3.15067,0.0310966,22.9632
1,17,1.72206,2.22972,0.0348971,7.93714
1,18,2.81026,0.96476,0.0346717,8.8283
1,19,2.21742,-1.93985,0.0347092,8.67998
1,20,0.472197,0.865261,0.0366588,0.971646
1,21,-0.165632,2.50635,0.0353088,6.3092
1,22,0.717584,0.727676,0.0366404,1.04444
1,23,-3.86255,-2.51834,0.0315271,21.2613
1,24,1.7048,0.702468,0.0360447,3.39982
1,25,-3.0207,0.121208,0.034593,9.13934
1,26,0.908429,-1.14299,0.0363654,2.13167
1,27,9.7965,7.06685,0,145.912
1,28,-1.81711,-2.15341,0.0348966,7.93909
1,29,-2.30325,2.93396,0.0333856,13.9131
2,0,-1.02545,-2.99403,0.0360684,10.0158
2,1,-1.37105,0.781431,0.0380657,2.49041
2,2,5.13897,-0.216854,0.031705,26.456
2,3,-3.20066,-2.86524,0.0338289,18.4538
2,4,-0.25685,-0.428656,0.0386604,0.249718
2,5,-2.43134,0.830017,0.0369749,6.60035
2,6,-4.5173,2.84748,0.0311587,28.5141
2,7,-0.221662,1.5908,0.038042,2.57978
2,8,2.21019,2.21424,0.0361289,9.78782
2,9,-1.94074,-0.444157,0.0376747,3.96373
2,10,1.04651,-2.41888,0.0368831,6.94615
2,11,2.93527,5.26317,0.0290878,36.3167
2,12,1.91756,-2.49209,0.0361024,9.88757
2,13,6.53489,-0.737709,0.0272479,43.249
2,14,-1.12388,-3.45,0.0352324,13.1656
2,15,0.0604579,-1.95954,0.0377066,3.84346
2,16,4.0486,1.76407,0.0335503,19.5031
2,17,-4.05083,-1.85042,0.0334627,19.8333
2,18,-1.33626,1.628,0.0375494,4.43596
2,19,-2.68279,7.25712,0.0228383,59.8632
2,20,2.75427,0.231832,0.036699,7.63972
2,21,1.45747,1.13606,0.0378204,3.41486
2,22,1.61922,0.423731,0.0379832,2.80143
2,23,6.73376,3.05977,0.0242072,54.7057
2,24,-1.72108,3.63605,0.0344316,16.183
2,25,4.95567,1.24967,0.0317941,26.1203
2,26,-1.96975,2.88914,0.0354815,12.227
2,27,9.7965,7.06685,0,145.912
2,28,1.23771,2.99898,0.035933,10.5258
2,29,1.39286,-1.41362,0.0376814,3.93838
3,0,-1.12121,-3.5616,0.0366275,13.9421
3,1,-3.06196,0.686984,0.0377639,9.84754
3,2,4.91313,-0.47417,0.033735,24.3637
3,3,-3.74308,-2.27541,0.0351715,19.1881
3,4,-3.80694,-2.48369,0.0347626,20.6615
3,5,-2.02737,0.855018,0.0391534,4.8413
3,6,-2.81116,4.09498,0.0336496,24.6715
3,7,-1.00772,0.840857,0.040019,1.72254
3,8,1.02963,5.8217,0.0307962,34.9523
3,9,-3.82042,-1.4133,0.0358917,16.593
3,10,0.96871,-1.8805,0.0392551,4.47468
3,11,3.78829,3.61127,0.0328944,27.3924
3,12,3.71272,-1.97908,0.0355842,17.701
3,13,10,-1.04065,0.012442,101.083
3,14,-2.66623,-3.3881,0.035338,18.588
3,15,-0.536637,-0.466752,0.0403567,0.505837
3,16,6.10564,5.45125,0.0219029,66.995
3,17,-1.03364,-3.37463,0.0370398,12.4565
3,18,-0.240486,0.0677782,0.0404797,0.0624275
3,19,-1.66823,3.43815,0.0364438,14.6039
3,20,1.4592,-0.267349,0.0398862,2.20075
3,21,2.01855,0.348544,0.0393325,4.19603
3,22,1.06546,0.679956,0.0400537,1.59754
3,23,10,1.81709,0.0118262,103.302
3,24,-2.28489,1.2331,0.038626,6.74127
3,25,6.63337,1.71288,0.0274703,46.9356
3,26,-0.823089,2.31363,0.0388234,6.03038
3,27,9.7965,7.06685,0,145.912
3,28,2.47943,0.495948,0.0387226,6.39356
3,29,3.31703,-2.31801,0.035952,16.3759
4,0,-0.812991,-0.993526,0.0370936,1.64805
4,1,-1.64028,0.251469,0.0368093,2.75376
4,2,1.90437,-0.576861,0.0364993,3.9594
4,3,-1.54313,-0.142033,0.0368999,2.40142
4,4,-2.67813,-0.659491,0.0355614,7.60732
4,5,-0.224929,0.37307,0.0374686,0.189774
4,6,-0.529296,2.44196,0.0359121,6.24335
4,7,-0.937201,0.415657,0.0372471,1.05112
4,8,-0.421909,5.64974,0.0292643,32.0976
4,9,-2.52477,-1.54692,0.0352631,8.76743
4,10,0.34587,-0.596695,0.0373951,0.475671
4,11,1.97814,1.01523,0.0362462,4.94373
4,12,2.41875,0.125706,0.0360091,5.86616
4,13,7.06517,-0.80776,0.0245149,50.5691
4,14,-1.59711,-1.11618,0.0365412,3.7966
4,15,-0.821049,0.192943,0.0373345,0.711348
4,16,5.35944,6.7783,0.0183182,74.6689
4,17,1.34496,-2.06682,0.0359539,6.08067
4,18,-0.112853,-1.28136,0.037092,1.65461
4,19,-0.0661693,-2.68777,0.0356588,7.22849
4,20,-0.84663,-0.208822,0.0373219,0.76039
4,21,0.392647,0.0146841,0.0374777,0.154387
4,22,0.0334926,0.126481,0.037513,0.0171192
4,23,8.93491,0.130074,0.0169862,79.8495
4,24,-0.454819,-0.595681,0.037373,0.561696
4,25,4.85027,1.16713,0.0311183,24.8874
4,26,0.291611,-0.0496454,0.0374949,0.0875015
4,27,9.7965,7.06685,0,145.912
4,28,0.89425,-2.03248,0.0362496,4.93064
4,29,2.7416,-0.886058,0.0353829,8.30149
5,0,0.244286,0.0615884,0.035615,0.0634689
5,1,0.642296,-0.966782,0.0353015,1.34721
5,2,-0.0428198,-0.578159,0.0355484,0.336101
5,3,2.16335,1.26413,0.0340974,6.27812
5,4,-0.017445,0.006146,0.0356304,0.000342103
5,5,0.579624,-0.983249,0.0353124,1.30274
5,6,1.32304,-0.841141,0.0350303,2.45795
5,7,-0.0957973,-1.08465,0.035341,1.18565
5,8,-1.0885,2.94411,0.0332246,9.85265
5,9,0.428949,-0.516745,0.0355204,0.451022
5,10,-0.0706593,0.481138,0.0355727,0.236487
5,11,0.178972,-0.10523,0.03562,0.0431042
5,12,0.94006,1.259,0.0350276,2.4688
5,13,2.23096,-0.366512,0.0343823,5.11152
5,14,0.118011,1.16676,0.0352947,1.37525
5,15,-0.0456948,-0.0972759,0.0356277,0.0115506
5,16,3.43798,5.2749,0.0259497,39.6442
5,17,1.90572,0.0845762,0.0347419,3.63894
5,18,0.187193,-0.780851,0.035473,0.64477
5,19,0.142462,-3.92171,0.0318699,15.4001
5,20,-0.402748,-0.0988606,0.0355885,0.171979
5,21,-1.01438,-0.48231,0.0353224,1.26159
5,22,-0.83266,-0.884919,0.03527,1.4764
5,23,5.41173,-1.29353,0.0280703,30.9601
5,24,0.832827,-1.76191,0.0347031,3.79794
5,25,1.05203,0.199616,0.0353505,1.14662
5,26,0.193944,-0.55758,0.0355454,0.348509
5,27,9.7965,7.06685,0,145.912
5,28,-0.832112,-1.65788,0.0347902,3.44099
5,29,0.529702,1.2528,0.0351787,1.85008
6,0,1.01711,-0.352814,0.0348441,1.15898
6,1,0.705279,-0.0482768,0.0350027,0.49975
6,2,-1.11184,-0.245929,0.0348109,1.29667
6,3,1.05823,0.321371,0.0348286,1.22313
6,4,2.81869,-0.0638799,0.0332096,7.9491
6,5,0.298503,-0.441366,0.0350547,0.283908
6,6,0.692699,-1.07582,0.0347289,1.63722
6,7,0.273816,-0.387181,0.0350689,0.224884
6,8,-0.7826,0.865543,0.0347953,1.36163
6,9,0.581441,0.800464,0.0348874,0.978816
6,10,0.187041,0.284627,0.0350951,0.115997
6,11,-1.32371,-1.1002,0.0344099,2.96265
6,12,-1.21393,0.731923,0.0346394,2.00933
6,13,-2.07594,-0.150511,0.0340802,4.33216
6,14,1.24189,0.725984,0.0346249,2.06933
6,15,1.30132,-0.40495,0.0346759,1.85741
6,16,1.97615,3.48107,0.0312661,16.023
6,17,0.763845,-0.0270925,0.0349824,0.584193
6,18,0.406143,0.279398,0.0350645,0.243015
6,19,0.301469,-3.30687,0.0324689,11.0262
6,20,0.595054,-0.374879,0.035004,0.494623
6,21,0.0619055,-0.486718,0.0350651,0.240727
6,22,0.318236,-0.322629,0.0350736,0.205363
6,23,2.70524,-1.68674,0.0326766,10.1634
6,24,0.925323,-0.921136,0.0347127,1.70471
6,25,-1.1914,-1.10005,0.0344901,2.62954
6,26,0.182124,-0.0452407,0.0351146,0.0352159
6,27,9.7965,7.06685,0,145.912
6,28,0.125282,-0.162533,0.0351129,0.0421125
6,29,-1.77066,0.806179,0.0342119,3.78517
7,0,0.552209,-0.149669,0.0349203,0.327335
7,1,0.305739,0.466273,0.0349242,0.310887
7,2,-0.0213349,0.137218,0.0349941,0.0192839
7,3,-0.542248,-0.936217,0.034718,1.17054
7,4,2.9154,-0.269453,0.0329426,8.57217
7,5,0.350951,0.424877,0.0349259,0.303687
7,6,0.420517,-0.174719,0.034949,0.207361
7,7,0.570505,0.0319174,0.0349205,0.326494
7,8,0.434332,-1.60393,0.0343365,2.76124
7,9,0.538992,-0.257484,0.0349132,0.356811
7,10,0.425062,-0.703152,0.0348368,0.6751
7,11,-0.166345,-0.631429,0.0348965,0.426373
7,12,-2.15324,0.0440895,0.0338862,4.63841
7,13,-4.40613,-0.0916468,0.0303401,19.4224
7,14,0.389679,-0.688332,0.0348487,0.62565
7,15,1.73775,-0.211133,0.0342637,3.06434
7,16,0.720453,1.37923,0.034418,2.42134
7,17,-0.48652,-0.241846,0.034928,0.295191
7,18,0.564427,-0.0952296,0.0349202,0.327646
7,19,0.310745,-1.70653,0.0342771,3.00879
7,20,0.673094,-0.0955672,0.0348879,0.462189
7,21,1.04125,0.152531,0.0347331,1.10746
7,22,1.19048,-0.144519,0.0346538,1.43813
7,23,0.750174,-1.23622,0.0344972,2.09101
7,24,0.24571,0.687764,0.0348708,0.533393
7,25,-1.27806,-0.837409,0.0344388,2.33468
7,26,0.459679,0.11822,0.0349447,0.225281
7,27,9.7965,7.06685,0,145.912
7,28,0.487934,-0.0494011,0.0349411,0.24052
7,29,-2.16255,-0.129282,0.033873,4.69332
8,0,0.272811,-0.0371629,0.0348472,0.0758071
8,1,-0.020196,-0.21018,0.0348547,0.0445835
8,2,0.812109,0.0320386,0.0347075,0.660548
8,3,-0.60078,-0.362174,0.0347478,0.492107
8,4,1.62958,-0.282084,0.0342118,2.73509
8,5,0.392824,0.320622,0.0348039,0.25711
8,6,0.368441,0.383508,0.0347978,0.282827
8,7,0.355379,-0.0639131,0.0348342,0.130379
8,8,0.934097,-2.93126,0.0326038,9.46482
8,9,0.352322,-1.00763,0.0345931,1.13945
8,10,0.251151,-0.577069,0.0347707,0.396085
8,11,1.01818,0.262527,0.0346012,1.10561
8,12,-1.46561,-0.401704,0.0343135,2.30938
8,13,-3.70367,-0.0819367,0.0315861,13.7239
8,14,0.150778,-1.20889,0.0345107,1.48415
8,15,0.779895,-0.127211,0.0347161,0.624419
8,16,0.26074,-1.33865,0.0344209,1.85997
8,17,-0.163836,-0.374292,0.0348255,0.166937
8,18,0.312103,-0.490182,0.0347847,0.337687
8,19,0.44434,0.461568,0.0347673,0.410483
8,20,0.252981,-0.178515,0.0348424,0.0958669
8,21,0.374291,0.379041,0.0347975,0.283766
8,22,0.880955,-0.0207788,0.0346798,0.776514
8,23,0.01968,-0.414215,0.0348243,0.171961
8,24,0.252085,1.46151,0.0343398,2.19956
8,25,-0.403777,-0.25225,0.0348112,0.226666
8,26,0.609809,-0.504783,0.0347156,0.626673
8,27,9.7965,7.06685,0,145.912
8,28,0.876801,0.00880789,0.0346816,0.768857
8,29,-1.60797,-0.99847,0.0340093,3.58252
9,0,0.249076,-0.18172,0.034719,0.0950613
9,1,0.334279,-0.705464,0.0345966,0.609422
9,2,0.863386,-0.0988381,0.0345619,0.755205
9,3,0.176222,0.234999,0.0347211,0.086279
9,4,-0.421633,-0.135489,0.034695,0.196132
9,5,0.344959,-0.0114696,0.0347133,0.119129
9,6,0.52011,-0.176855,0.0346698,0.301792
9,7,0.252691,-0.188454,0.034718,0.0993675
9,8,1.11681,-3.23913,0.0319466,11.7393
9,9,0.178793,-1.00309,0.0344945,1.03815
9,10,0.24749,-0.00798326,0.0347271,0.061315
9,11,0.672595,0.075595,0.0346326,0.458099
9,12,-0.0583325,-0.55419,0.0346677,0.310529
9,13,-2.23598,-0.120927,0.0335478,5.01424
9,14,0.221086,-0.789988,0.0345814,0.67296
9,15,-0.479647,0.00609933,0.0346869,0.230099
9,16,0.138179,-2.16686,0.0336192,4.71439
9,17,0.566088,-0.235554,0.0346522,0.375941
9,18,0.235606,-0.413402,0.0346878,0.226411
9,19,0.423815,-0.0394025,0.0346985,0.181172
9,20,0.186419,-0.153267,0.0347278,0.058243
9,21,-0.107685,-0.0135029,0.0347389,0.0117784
9,22,0.189064,-0.0906151,0.0347312,0.0439564
9,23,-0.200719,0.0237631,0.034732,0.0408526
9,24,0.310647,0.886489,0.0345316,0.882363
9,25,1.20209,-0.105981,0.0343949,1.45626
9,26,0.441341,-0.534754,0.0346272,0.480743
9,27,9.7965,7.06685,0,145.912
9,28,0.374683,-0.170785,0.0347013,0.169555
9,29,-0.402947,-0.972138,0.034478,1.10742
10,0,0.346626,-0.21215,0.0346449,0.165157
10,1,0.603751,-0.727004,0.0344719,0.89305
10,2,0.394294,-0.317661,0.0346232,0.256376
10,3,0.74771,0.0213171,0.0345512,0.559524
10,4,-1.58405,-0.087082,0.0340859,2.51679
10,5,0.252215,-0.458725,0.034619,0.274041
10,6,0.349308,-0.216227,0.0346441,0.16877
10,7,0.266534,-0.202994,0.0346575,0.112247
10,8,0.921184,-2.59563,0.032881,7.58586
10,9,0.144738,-0.231003,0.0346665,0.0743115
10,10,0.270336,-0.240796,0.034653,0.131064
10,11,-0.0392059,-0.364032,0.0346523,0.134056
10,12,1.45978,-0.224704,0.0341656,2.18145
10,13,-0.752516,-0.151055,0.0345441,0.589098
10,14,0.381827,-0.130655,0.0346455,0.162862
10,15,-0.44004,-0.101008,0.0346357,0.203838
10,16,0.101758,-1.98578,0.0337444,3.95366
10,17,0.84532,-0.0689343,0.0345132,0.719319
10,18,0.258058,0.0476688,0.0346678,0.0688661
10,19,0.127884,-0.398536,0.0346425,0.175185
10,20,0.383996,-0.157309,0.0346432,0.172199
10,21,-0.0802752,-0.248234,0.034668,0.0680642
10,22,-0.0412475,-0.3774,0.0346499,0.144132
10,23,0.283996,-0.0558368,0.0346643,0.0837714
10,24,0.306918,0.12331,0.0346582,0.109404
10,25,1.58334,-0.0168114,0.0340882,2.50726
10,26,0.00583547,-0.160559,0.034678,0.0258134
10,27,9.7965,7.06685,0,145.912
10,28,-0.200393,-0.421051,0.0346325,0.217442
10,29,0.405772,-0.392137,0.0346085,0.318422
11,0,0.383536,-0.266044,0.0345709,0.217879
11,1,0.537344,-0.376083,0.0345205,0.430177
11,2,-0.0807512,-0.329597,0.0345953,0.115155
11,3,0.736236,-0.410521,0.034454,0.710571
11,4,-1.10707,-0.138615,0.0343272,1.24482
11,5,0.206537,-0.299092,0.0345912,0.132113
11,6,0.0511747,-0.239495,0.0346084,0.0599765
11,7,0.352224,-0.295873,0.0345724,0.211602
11,8,0.627616,-1.85637,0.0337114,3.84001
11,9,0.35653,0.369691,0.03456,0.263785
11,10,0.304152,-0.293671,0.0345802,0.178751
11,11,-0.414615,-0.258402,0.034566,0.238677
11,12,1.68308,0.0457637,0.0339499,2.83484
11,13,0.20052,-0.208117,0.0346028,0.083521
11,14,0.248893,-0.298114,0.0345868,0.15082
11,15,0.0820166,-0.218918,0.0346096,0.0546517
11,16,0.16094,-1.45014,0.0341175,2.12881
11,17,0.508737,-0.031331,0.0345609,0.259795
11,18,0.274029,-0.26417,0.0345882,0.144877
11,19,0.24867,-0.292179,0.0345877,0.147205
11,20,0.318244,-0.24033,0.0345849,0.159038
11,21,0.337695,-0.350445,0.0345664,0.23685
11,22,0.171606,-0.42562,0.0345726,0.210601
11,23,0.250154,-0.336,0.034581,0.175473
11,24,0.33123,-0.46113,0.0345461,0.322355
11,25,1.13815,-0.0734594,0.0343139,1.30077
11,26,0.170998,-0.120946,0.0346122,0.0438682
11,27,9.7965,7.06685,0,145.912
11,28,-0.00405985,-0.386204,0.0345872,0.14917
11,29,1.01044,0.151492,0.0343749,1.04393
12,0,0.196634,-0.346643,0.0345299,0.158826
12,1,0.180284,-0.0765801,0.0345584,0.0383668
12,2,-0.213027,-0.282662,0.0345378,0.125278
12,3,0.361052,-0.450822,0.0344885,0.333599
12,4,-0.363341,-0.208763,0.0345259,0.175598
12,5,0.388649,-0.104781,0.0345291,0.162027
12,6,-0.0662667,-0.297244,0.0345455,0.0927451
12,7,0.268024,-0.308815,0.0345279,0.167204
12,8,0.334892,-0.933399,0.0343345,0.983385
12,9,0.330294,0.577442,0.0344627,0.442533
12,10,0.239921,-0.301345,0.0345324,0.148371
12,11,-0.236816,-0.259635,0.0345383,0.123492
12,12,1.47931,0.217211,0.0340379,2.23555
12,13,0.492584,-0.371691,0.0344773,0.380793
12,14,0.305711,-0.259133,0.0345295,0.160609
12,15,0.487732,-0.311807,0.0344881,0.335106
12,16,0.188654,-0.627151,0.0344659,0.428909
12,17,0.272458,-0.259454,0.034534,0.14155
12,18,0.207091,-0.395512,0.0345203,0.199317
12,19,0.397219,-0.237436,0.0345168,0.214158
12,20,0.193775,-0.44689,0.0345113,0.23726
12,21,0.416716,-0.242695,0.0345124,0.232553
12,22,0.487389,-0.161047,0.0345051,0.263484
12,23,0.236078,-0.146495,0.0345492,0.077194
12,24,0.249093,-0.354222,0.0345231,0.18752
12,25,0.421155,-0.215809,0.0345145,0.223945
12,26,0.382908,-0.340961,0.0345052,0.262874
12,27,9.7965,7.06685,0,145.912
12,28,0.437781,-0.187411,0.0345138,0.226775
12,29,1.26246,0.150469,0.0341846,1.61646
13,0,0.261286,-0.290299,0.0345057,0.152544
13,1,0.0277756,-0.245752,0.0345273,0.0611655
13,2,0.0439273,-0.242479,0.0345274,0.0607258
13,3,-0.0381292,-0.340954,0.0345139,0.117703
13,4,0.200181,-0.300568,0.0345109,0.130414
13,5,0.275206,-0.242609,0.0345099,0.134597
13,6,0.12704,-0.307444,0.0345156,0.110661
13,7,0.201303,-0.259288,0.0345163,0.107753
13,8,0.239556,0.261177,0.0345121,0.125601
13,9,0.292878,0.46099,0.0344712,0.29829
13,10,0.245308,-0.31374,0.0345043,0.158608
13,11,0.110305,-0.279527,0.0345204,0.0903028
13,12,1.11739,0.138359,0.0342417,1.2677
13,13,0.389197,-0.322309,0.0344814,0.255357
13,14,0.286241,-0.245421,0.0345082,0.142166
13,15,0.564893,-0.290809,0.0344462,0.403674
13,16,0.257256,0.306997,0.0345038,0.160428
13,17,0.300814,-0.490046,0.0344635,0.330634
13,18,0.273234,-0.271217,0.0345067,0.148216
13,19,0.439623,-0.296596,0.0344752,0.281237
13,20,0.218766,-0.249946,0.0345157,0.110332
13,21,0.255953,-0.203002,0.0345165,0.106722
13,22,0.288504,-0.261128,0.034506,0.151422
13,23,0.260359,-0.138381,0.0345212,0.0869361
13,24,0.248427,-0.206923,0.0345171,0.104533
13,25,0.280759,-0.384115,0.0344882,0.22637
13,26,0.463023,-0.286404,0.0344716,0.296417
13,27,9.7965,7.06685,0,145.912
13,28,0.535747,-0.323774,0.034449,0.391854
13,29,1.10503,0.0219567,0.0342526,1.22157
14,0,0.297998,-0.148662,0.0345142,0.110903
14,1,0.148252,-0.362565,0.0345041,0.153432
14,2,0.261265,-0.254072,0.034509,0.132812
14,3,-0.0581353,-0.204685,0.0345297,0.0452759
14,4,0.441602,-0.296071,0.0344735,0.282671
14,5,0.12771,-0.34018,0.0345092,0.132032
14,6,0.35937,-0.256307,0.0344943,0.19484
14,7,0.211857,-0.226866,0.0345176,0.0963513
14,8,0.239504,1.06156,0.0342601,1.18427
14,9,0.261958,0.237925,0.0345108,0.125231
14,10,0.236078,-0.207697,0.034517,0.0988709
14,11,0.616245,-0.248416,0.0344359,0.441468
14,12,0.731349,-0.00342809,0.0344138,0.534883
14,13,0.240589,-0.209481,0.0345163,0.101765
14,14,0.188566,-0.297025,0.0345111,0.123781
14,15,0.355308,-0.259415,0.0344946,0.19354
14,16,0.273922,0.967424,0.0343011,1.01094
14,17,0.254798,-0.352686,0.0344956,0.189309
14,18,0.269255,-0.173424,0.0345161,0.102574
14,19,0.255455,-0.286595,0.0345055,0.147394
14,20,0.311398,-0.199523,0.034508,0.136778
14,21,0.203593,-0.300338,0.0345093,0.131653
14,22,0.13595,-0.276532,0.0345179,0.0949522
14,23,0.242316,-0.310403,0.0345037,0.155067
14,24,0.254461,-0.191312,0.0345164,0.10135
14,25,0.176831,-0.299147,0.0345118,0.120758
14,26,0.283244,-0.21023,0.034511,0.124424
14,27,9.7965,7.06685,0,145.912
14,28,0.301917,-0.397066,0.0344815,0.248815
14,29,0.732134,-0.109031,0.0344107,0.547908
15,0,0.241293,-0.182622,0.0345114,0.0915731
15,1,0.361211,-0.322001,0.0344777,0.234158
15,2,0.277775,-0.237808,0.0345015,0.133712
15,3,0.119268,-0.0909679,0.0345278,0.0225001
15,4,0.375053,-0.23415,0.0344868,0.195491
15,5,0.122765,-0.274549,0.0345117,0.0904487
15,6,0.263882,-0.224916,0.0345047,0.120221
15,7,0.320439,-0.262539,0.0344925,0.171608
15,8,0.241761,0.922351,0.0343179,0.909179
15,9,0.223187,-0.132446,0.0345172,0.0673545
15,10,0.259816,-0.208329,0.0345069,0.110905
15,11,0.538846,-0.229883,0.0344519,0.343201
15,12,0.41192,-0.136823,0.0344885,0.188398
15,13,0.157536,-0.267478,0.0345103,0.0963619
15,14,0.189331,-0.285545,0.0345053,0.117382
15,15,0.196973,-0.215208,0.034513,0.0851129
15,16,0.272652,1.25422,0.0341432,1.64742
15,17,0.237556,-0.193701,0.0345109,0.0939526
15,18,0.256164,-0.237818,0.0345042,0.122177
15,19,0.0655882,-0.240763,0.0345184,0.0622688
15,20,0.289134,-0.217093,0.0345022,0.130728
15,21,0.238315,-0.265002,0.0345031,0.12702
15,22,0.163235,-0.269802,0.0345096,0.099439
15,23,0.218962,-0.379813,0.0344876,0.192202
15,24,0.24126,-0.305737,0.0344972,0.151681
15,25,0.26328,-0.181058,0.034509,0.102098
15,26,0.0368851,-0.201227,0.0345232,0.0418529
15,27,9.7965,7.06685,0,145.912
15,28,0.102923,-0.304781,0.0345086,0.103485
15,29,0.510339,-0.240927,0.0344577,0.318492
16,0,0.218994,-0.274899,0.0344934,0.123528
16,1,0.469922,-0.202092,0.0344607,0.261668
16,2,0.229339,-0.209962,0.0344997,0.0966806
16,3,0.246593,-0.135766,0.0345038,0.0792406
16,4,0.218954,-0.183049,0.0345033,0.0814477
16,5,0.23931,-0.182497,0.0345012,0.0905748
16,6,0.136613,-0.201583,0.0345086,0.0592988
16,7,0.310927,-0.248802,0.0344851,0.158578
16,8,0.237787,0.68576,0.0343979,0.52681
16,9,0.226692,-0.471712,0.0344578,0.273901
16,10,0.246662,-0.244512,0.034494,0.120628
16,11,0.327494,-0.222356,0.0344855,0.156695
16,12,0.0110891,-0.184737,0.0345145,0.0342509
16,13,0.185699,-0.271788,0.0344969,0.108353
16,14,0.222528,-0.222935,0.0344991,0.0992186
16,15,0.156795,-0.234131,0.0345038,0.0794021
16,16,0.264145,1.12292,0.0342077,1.33072
16,17,0.236996,-0.206318,0.0344992,0.0987343
16,18,0.204857,-0.255278,0.0344972,0.107133
16,19,0.126178,-0.196388,0.0345097,0.0544893
16,20,0.24467,-0.237221,0.0344951,0.116137
16,21,0.288176,-0.193094,0.0344941,0.120331
16,22,0.237972,-0.215205,0.0344982,0.102944
16,23,0.226169,-0.282662,0.0344916,0.13105
16,24,0.247331,-0.22189,0.0344965,0.110408
16,25,0.242017,-0.175746,0.0345014,0.0894591
16,26,-0.0112321,-0.227791,0.0345103,0.0520148
16,27,9.7965,7.06685,0,145.912
16,28,0.140994,-0.16244,0.0345116,0.0462663
16,29,0.250512,-0.330012,0.034482,0.171664
17,0,0.193454,-0.250359,0.0344937,0.100104
17,1,0.407757,-0.113253,0.034475,0.179092
17,2,0.209995,-0.211006,0.0344964,0.0886217
17,3,0.342233,-0.231874,0.034477,0.170889
17,4,0.145344,-0.233058,0.0344995,0.0754411
17,5,0.324614,-0.196292,0.0344834,0.143905
17,6,0.0952856,-0.192052,0.0345065,0.0459631
17,7,0.204036,-0.213244,0.0344968,0.0871036
17,8,0.232091,0.510522,0.034443,0.314499
17,9,0.221682,-0.661332,0.0344023,0.486503
17,10,0.200633,-0.216775,0.0344968,0.087245
17,11,0.0516643,-0.207631,0.0345066,0.0457798
17,12,-0.0592947,-0.216725,0.0345055,0.0504855
17,13,0.227277,-0.187234,0.0344969,0.0867111
17,14,0.263138,-0.18118,0.0344932,0.102068
17,15,0.198822,-0.216324,0.034497,0.0863264
17,16,0.255247,1.0089,0.0342612,1.08304
17,17,0.202655,-0.212441,0.034497,0.0862002
17,18,0.202281,-0.209473,0.0344973,0.0847966
17,19,0.218948,-0.20907,0.0344957,0.0916484
17,20,0.152896,-0.209122,0.0345015,0.067109
17,21,0.218549,-0.22397,0.0344942,0.0979259
17,22,0.207523,-0.238595,0.0344937,0.0999932
17,23,0.212105,-0.174157,0.0344996,0.0753192
17,24,0.215324,-0.212102,0.0344958,0.0913516
17,25,0.205419,-0.22611,0.0344953,0.0933228
17,26,0.080849,-0.223917,0.034504,0.0566754
17,27,9.7965,7.06685,0,145.912
17,28,0.22154,-0.204735,0.0344959,0.0909963
17,29,0.0982474,-0.259429,0.0344992,0.0769561
18,0,0.177775,-0.186512,0.0344938,0.0663908
18,1,0.311072,-0.143601,0.0344817,0.117387
18,2,0.18378,-0.221957,0.0344898,0.08304
18,3,0.290099,-0.248755,0.0344749,0.146036
18,4,0.160013,-0.226989,0.0344912,0.0771282
18,5,0.27378,-0.212023,0.0344811,0.119909
18,6,0.123474,-0.218862,0.0344945,0.0631463
18,7,0.140483,-0.197956,0.0344955,0.0589218
18,8,0.223819,0.320171,0.0344734,0.152604
18,9,0.212807,-0.575283,0.0344205,0.376237
18,10,0.157996,-0.191205,0.0344949,0.0615222
18,11,0.079043,-0.213087,0.0344973,0.0516539
18,12,0.0204098,-0.220914,0.0344978,0.0492195
18,13,0.192237,-0.174157,0.0344936,0.0672859
18,14,0.200305,-0.196797,0.0344908,0.078851
18,15,0.241264,-0.200637,0.0344862,0.0984633
18,16,0.245767,0.804673,0.034342,0.707899
18,17,0.189147,-0.221506,0.0344894,0.0848414
18,18,0.195869,-0.212182,0.0344897,0.0833859
18,19,0.196533,-0.223408,0.0344885,0.0885363
18,20,0.141261,-0.20955,0.0344944,0.0638657
18,21,0.159605,-0.239524,0.0344899,0.0828455
18,22,0.155914,-0.195858,0.0344946,0.0626694
18,23,0.191718,-0.219312,0.0344894,0.0848533
18,24,0.164727,-0.202777,0.0344933,0.0682534
18,25,0.144429,-0.200399,0.034495,0.0610194
18,26,0.140976,-0.21146,0.0344942,0.0645896
18,27,9.7965,7.06685,0,145.912
18,28,0.219391,-0.260629,0.034482,0.11606
18,29,0.043925,-0.190647,0.0345004,0.0382757
19,0,0.146542,-0.19804,0.0344884,0.0606947
19,1,0.164504,-0.173747,0.0344892,0.0572496
19,2,0.154669,-0.205105,0.0344871,0.0659906
19,3,0.184124,-0.2335,0.0344818,0.0884238
19,4,0.175715,-0.201037,0.0344859,0.0712915
19,5,0.183481,-0.220537,0.0344833,0.0823017
19,6,0.168934,-0.208247,0.0344857,0.0719056
19,7,0.118474,-0.217793,0.0344882,0.0614698
19,8,0.210965,0.0983426,0.0344899,0.0541774
19,9,0.19608,-0.493293,0.0344361,0.281785
19,10,0.137887,-0.205425,0.0344883,0.0612122
19,11,0.157546,-0.209269,0.0344865,0.0686141
19,12,0.0736299,-0.217286,0.0344903,0.0526347
19,13,0.129197,-0.20576,0.0344888,0.0590287
19,14,0.114935,-0.222769,0.0344879,0.0628361
19,15,0.191237,-0.21019,0.0344837,0.0807515
19,16,0.236076,0.546448,0.034419,0.354337
19,17,0.159225,-0.209947,0.0344863,0.0694306
19,18,0.16566,-0.213426,0.0344855,0.0729939
19,19,0.151034,-0.210446,0.0344869,0.0670987
19,20,0.147259,-0.209034,0.0344873,0.0653805
19,21,0.158363,-0.206135,0.0344868,0.0675704
19,22,0.128708,-0.202895,0.0344891,0.0577322
19,23,0.166046,-0.218392,0.0344849,0.0752662
19,24,0.156033,-0.205032,0.034487,0.0663846
19,25,0.11331,-0.194032,0.0344908,0.0504875
19,26,0.226862,-0.192422,0.0344818,0.0884927
19,27,9.7965,7.06685,0,145.912
19,28,0.178845,-0.243136,0.0344812,0.0911008
19,29,0.057409,-0.203735,0.0344922,0.0448038
20,0,0.117859,-0.226652,0.0344832,0.0652616
20,1,0.12653,-0.225432,0.0344828,0.0668295
20,2,0.133224,-0.193654,0.0344855,0.0552503
20,3,0.119873,-0.192791,0.0344864,0.0515378
20,4,0.138242,-0.194009,0.0344852,0.0567506
20,5,0.0969322,-0.209063,0.034486,0.0531031
20,6,0.145737,-0.20237,0.0344839,0.062193
20,7,0.152863,-0.201769,0.0344835,0.0640779
20,8,0.193854,-0.0458954,0.0344892,0.0396857
20,9,0.17864,-0.41407,0.0344505,0.203366
20,10,0.133024,-0.215049,0.0344835,0.0639414
20,11,0.1848,-0.196216,0.0344814,0.0726518
20,12,0.132822,-0.204497,0.0344845,0.0594608
20,13,0.10897,-0.21518,0.0344848,0.0581769
20,14,0.124466,-0.208501,0.0344847,0.0589644
20,15,0.118489,-0.204076,0.0344854,0.0556868
20,16,0.220793,0.284511,0.0344679,0.129696
20,17,0.118497,-0.192592,0.0344865,0.0511333
20,18,0.127188,-0.197719,0.0344855,0.0552695
20,19,0.11843,-0.19664,0.0344861,0.052693
20,20,0.154209,-0.202525,0.0344833,0.0647969
20,21,0.1382,-0.205957,0.0344841,0.0615175
20,22,0.130154,-0.209158,0.0344843,0.0606874
20,23,0.129666,-0.196782,0.0344855,0.0555363
20,24,0.146762,-0.211735,0.0344829,0.0663709
20,25,0.111305,-0.212136,0.034485,0.0573906
20,26,0.260707,-0.18475,0.0344745,0.102101
20,27,9.7965,7.06685,0,145.912
20,28,0.104328,-0.183628,0.0344881,0.0446037
20,29,0.106003,-0.207692,0.0344857,0.0543725
21,0,0.0998782,-0.210923,0.0344836,0.0544642
21,1,0.102927,-0.219788,0.0344826,0.0589006
21,2,0.111754,-0.199913,0.0344841,0.052454
21,3,0.10164,-0.207349,0.0344839,0.0533243
21,4,0.104194,-0.201194,0.0344844,0.0513354
21,5,0.0886924,-0.192171,0.0344859,0.0447961
21,6,0.109683,-0.195822,0.0344846,0.0503768
21,7,0.139213,-0.186983,0.0344837,0.0543428
21,8,0.162573,-0.121916,0.0344868,0.0412936
21,9,0.157878,-0.373241,0.0344577,0.164234
21,10,0.113962,-0.19604,0.0344844,0.0514192
21,11,0.175313,-0.185815,0.0344811,0.0652619
21,12,0.173759,-0.192817,0.0344806,0.0673704
21,13,0.128764,-0.196491,0.0344835,0.0551887
21,14,0.130952,-0.180759,0.0344847,0.0498224
21,15,0.0847309,-0.193279,0.034486,0.0445361
21,16,0.203907,0.015174,0.0344866,0.0418082
21,17,0.11467,-0.191431,0.0344848,0.0497952
21,18,0.118315,-0.190172,0.0344847,0.050164
21,19,0.127198,-0.195915,0.0344836,0.0545621
21,20,0.127413,-0.191706,0.034484,0.0529851
21,21,0.117316,-0.197234,0.0344841,0.0526642
21,22,0.130338,-0.189624,0.034484,0.0529452
21,23,0.114265,-0.205672,0.0344834,0.0553575
21,24,0.123964,-0.199208,0.0344835,0.0550509
21,25,0.134485,-0.195778,0.0344832,0.0564151
21,26,0.249605,-0.181242,0.034474,0.0951515
21,27,9.7965,7.06685,0,145.912
21,28,0.119385,-0.159775,0.0344871,0.0397808
21,29,0.17325,-0.207099,0.0344793,0.0729056
22,0,0.10001,-0.189807,0.0344845,0.0460288
22,1,0.0954399,-0.192313,0.0344845,0.046093
22,2,0.101512,-0.189443,0.0344845,0.0461936
22,3,0.109575,-0.198129,0.0344833,0.0512615
22,4,0.0973763,-0.189955,0.0344846,0.0455649
22,5,0.116,-0.178646,0.0344847,0.0453705
22,6,0.1122,-0.190277,0.0344838,0.0487944
22,7,0.111212,-0.18821,0.0344841,0.0477912
22,8,0.142127,-0.173198,0.0344835,0.0501977
22,9,0.136658,-0.326776,0.0344657,0.125458
22,10,0.100282,-0.195131,0.034484,0.0481327
22,11,0.136768,-0.182493,0.0344831,0.0520091
22,12,0.17371,-0.180689,0.0344805,0.0628238
22,13,0.125696,-0.176518,0.0344843,0.0469581
22,14,0.118815,-0.170686,0.0344852,0.0432506
22,15,0.0937844,-0.184339,0.0344853,0.0427763
22,16,0.187748,-0.207174,0.0344769,0.0781705
22,17,0.11638,-0.197962,0.0344829,0.0527334
22,18,0.115201,-0.193001,0.0344834,0.0505204
22,19,0.115194,-0.192191,0.0344835,0.050207
22,20,0.112673,-0.189001,0.0344839,0.0484164
22,21,0.0991448,-0.182791,0.0344852,0.0432422
22,22,0.119094,-0.178061,0.0344845,0.0458893
22,23,0.107054,-0.188607,0.0344843,0.0470333
22,24,0.108538,-0.177957,0.0344851,0.0434491
22,25,0.109313,-0.185268,0.0344844,0.0462735
22,26,0.215508,-0.179349,0.0344768,0.0786101
22,27,9.7965,7.06685,0,145.912
22,28,0.129795,-0.174461,0.0344842,0.0472834
22,29,0.170102,-0.197723,0.0344793,0.0680289
23,0,0.112104,-0.174117,0.0344842,0.0428841
23,1,0.105339,-0.175601,0.0344844,0.041932
23,2,0.105887,-0.181909,0.0344839,0.0443028
23,3,0.114186,-0.177257,0.0344839,0.0444583
23,4,0.104864,-0.18446,0.0344837,0.0450218
23,5,0.126886,-0.191399,0.0344819,0.0527335
23,6,0.112855,-0.178305,0.0344838,0.0445291
23,7,0.0872599,-0.184537,0.0344845,0.041668
23,8,0.117405,-0.197595,0.0344819,0.0528277
23,9,0.118355,-0.274327,0.0344733,0.0892629
23,10,0.10434,-0.177825,0.0344843,0.0425085
23,11,0.0893886,-0.180147,0.0344848,0.0404434
23,12,0.151375,-0.173185,0.0344819,0.0529076
23,13,0.106486,-0.171477,0.0344847,0.0407438
23,14,0.099766,-0.182232,0.0344842,0.0431619
23,15,0.117721,-0.181088,0.0344833,0.0466511
23,16,0.166457,-0.268683,0.0344707,0.0998984
23,17,0.108217,-0.181195,0.0344838,0.0445423
23,18,0.104496,-0.180854,0.034484,0.0436276
23,19,0.0952074,-0.177974,0.0344847,0.0407393
23,20,0.0939613,-0.177753,0.0344848,0.0404249
23,21,0.0993112,-0.179447,0.0344844,0.0420639
23,22,0.108297,-0.176016,0.0344843,0.0427098
23,23,0.104593,-0.177583,0.0344843,0.0424755
23,24,0.11059,-0.171565,0.0344845,0.0416647
23,25,0.111846,-0.181905,0.0344836,0.0455989
23,26,0.178447,-0.179435,0.0344792,0.0640401
23,27,9.7965,7.06685,0,145.912
23,28,0.122144,-0.191695,0.0344821,0.0516663
23,29,0.149228,-0.188658,0.0344807,0.0578608
24,0,0.104871,-0.17828,0.0344834,0.0427817
24,1,0.110486,-0.170079,0.0344838,0.0411341
24,2,0.108171,-0.170558,0.0344838,0.0407909
24,3,0.10468,-0.180286,0.0344832,0.0434608
24,4,0.109053,-0.16898,0.0344839,0.040447
24,5,0.116329,-0.192103,0.0344816,0.0504362
24,6,0.103109,-0.16982,0.0344842,0.0394705
24,7,0.0812543,-0.176972,0.0344845,0.0379213
24,8,0.100601,-0.185173,0.034483,0.0444096
24,9,0.111349,-0.240621,0.0344769,0.0702973
24,10,0.110159,-0.164662,0.0344842,0.0392485
24,11,0.101047,-0.177905,0.0344836,0.0418609
24,12,0.124,-0.173301,0.0344828,0.0454091
24,13,0.0892814,-0.178805,0.034484,0.0399426
24,14,0.103839,-0.18283,0.034483,0.0442096
24,15,0.101028,-0.175664,0.0344838,0.0410646
24,16,0.15349,-0.282701,0.034469,0.103479
24,17,0.0971002,-0.16145,0.0344851,0.0354946
24,18,0.0986199,-0.169477,0.0344844,0.0384483
24,19,0.0990271,-0.166629,0.0344846,0.0375715
24,20,0.0979109,-0.171612,0.0344843,0.0390371
24,21,0.110547,-0.178307,0.0344831,0.0440141
24,22,0.103357,-0.180306,0.0344833,0.0431931
24,23,0.107138,-0.169267,0.034484,0.04013
24,24,0.102077,-0.183638,0.0344831,0.0441427
24,25,0.106943,-0.172087,0.0344838,0.0410509
24,26,0.160148,-0.179442,0.0344798,0.0578469
24,27,9.7965,7.06685,0,145.912
24,28,0.102781,-0.18226,0.0344831,0.0437824
24,29,0.113228,-0.180582,0.0344828,0.0454306
25,0,0.0961484,-0.174694,0.0344833,0.0397626
25,1,0.106123,-0.172108,0.0344831,0.0408835
25,2,0.103377,-0.170117,0.0344834,0.0396265
25,3,0.0970335,-0.173949,0.0344834,0.0396736
25,4,0.10565,-0.164863,0.0344837,0.0383418
25,5,0.104329,-0.182333,0.0344823,0.0441301
25,6,0.0943278,-0.173542,0.0344835,0.0390147
25,7,0.0937849,-0.173797,0.0344835,0.0390009
25,8,0.0899017,-0.165753,0.0344843,0.0355564
25,9,0.108105,-0.209651,0.0344796,0.0556403
25,10,0.107935,-0.170992,0.0344831,0.0408881
25,11,0.115594,-0.173671,0.0344825,0.0435236
25,12,0.0848755,-0.173721,0.0344839,0.0373828
25,13,0.0919966,-0.179511,0.0344831,0.0406875
25,14,0.104164,-0.171256,0.0344832,0.0401789
25,15,0.098683,-0.17051,0.0344836,0.0388119
25,16,0.134779,-0.272071,0.034471,0.0921882
25,17,0.0942677,-0.15407,0.034485,0.032624
25,18,0.0987774,-0.16862,0.0344837,0.0381898
25,19,0.105276,-0.165467,0.0344837,0.0384625
25,20,0.104799,-0.172004,0.0344832,0.040568
25,21,0.105488,-0.172888,0.034483,0.041018
25,22,0.100568,-0.175123,0.0344831,0.040782
25,23,0.102694,-0.167795,0.0344836,0.0387011
25,24,0.0971972,-0.183333,0.0344826,0.0430584
25,25,0.0989299,-0.165295,0.034484,0.0371097
25,26,0.146966,-0.177762,0.0344802,0.0531984
25,27,9.7965,7.06685,0,145.912
25,28,0.0984831,-0.17236,0.0344834,0.0394068
25,29,0.0893471,-0.169122,0.0344841,0.0365852
26,0,0.093602,-0.165834,0.0344836,0.0362622
26,1,0.0930141,-0.170142,0.0344833,0.0375999
26,2,0.0962372,-0.172443,0.0344829,0.0389981
26,3,0.0974408,-0.165604,0.0344834,0.0369194
26,4,0.0964057,-0.168898,0.0344832,0.0378206
26,5,0.0982911,-0.171565,0.0344829,0.0390957
26,6,0.0980432,-0.17237,0.0344829,0.039324
26,7,0.10966,-0.168969,0.0344826,0.0405759
26,8,0.0899381,-0.166166,0.0344837,0.0356999
26,9,0.105448,-0.188741,0.0344811,0.0467425
26,10,0.097749,-0.174366,0.0344827,0.0399583
26,11,0.114093,-0.168064,0.0344824,0.0412629
26,12,0.0557509,-0.1712,0.0344845,0.0324174
26,13,0.0983167,-0.171797,0.0344829,0.0391805
26,14,0.0983337,-0.159327,0.0344839,0.0350547
26,15,0.0991039,-0.168402,0.0344831,0.0381809
26,16,0.116046,-0.261628,0.0344728,0.0819159
26,17,0.0949763,-0.160161,0.034484,0.0346721
26,18,0.0980776,-0.169692,0.0344831,0.0384147
26,19,0.101721,-0.170431,0.0344828,0.0393938
26,20,0.1006,-0.16879,0.034483,0.0386105
26,21,0.0939513,-0.166885,0.0344835,0.0366775
26,22,0.0956886,-0.164874,0.0344836,0.0363397
26,23,0.0953913,-0.170809,0.0344831,0.0382751
26,24,0.0930104,-0.172365,0.0344831,0.0383605
26,25,0.0977756,-0.169416,0.0344831,0.038262
26,26,0.129187,-0.175453,0.0344809,0.0474732
26,27,9.7965,7.06685,0,145.912
26,28,0.0976923,-0.163628,0.0344836,0.0363179
26,29,0.0773625,-0.161594,0.0344846,0.0320974
27,0,0.0951933,-0.162265,0.0344833,0.0353916
27,1,0.0850092,-0.166776,0.0344834,0.0350407
27,2,0.0928127,-0.167451,0.034483,0.0366541
27,3,0.0945842,-0.16733,0.0344829,0.0369456
27,4,0.0907068,-0.170171,0.0344829,0.0371859
27,5,0.0901848,-0.166231,0.0344832,0.0357661
27,6,0.0975722,-0.165508,0.034483,0.0369131
27,7,0.106733,-0.164248,0.0344826,0.0383692
27,8,0.0949618,-0.167542,0.0344829,0.0370882
27,9,0.100612,-0.166586,0.0344827,0.0378738
27,10,0.0937323,-0.169871,0.0344828,0.037642
27,11,0.105604,-0.162593,0.0344828,0.0375888
27,12,0.0581498,-0.168283,0.0344842,0.0317006
27,13,0.0992576,-0.167204,0.0344827,0.0378094
27,14,0.0938861,-0.155549,0.0344839,0.0330102
27,15,0.0925417,-0.165821,0.0344832,0.0360605
27,16,0.103905,-0.247066,0.0344747,0.0718379
27,17,0.0956121,-0.171991,0.0344825,0.0387225
27,18,0.0935951,-0.167267,0.034483,0.0367383
27,19,0.097186,-0.166886,0.0344829,0.0372961
27,20,0.0901656,-0.16706,0.0344832,0.0360387
27,21,0.0924881,-0.165157,0.0344832,0.035831
27,22,0.0928219,-0.160455,0.0344836,0.0343618
27,23,0.0917577,-0.169638,0.0344829,0.0371964
27,24,0.0913621,-0.166966,0.0344831,0.0362246
27,25,0.0953747,-0.167389,0.0344829,0.0371153
27,26,0.118459,-0.171755,0.0344814,0.0435323
27,27,9.7965,7.06685,0,145.912
27,28,0.0939752,-0.162346,0.0344834,0.0351874
27,29,0.0794135,-0.163438,0.0344839,0.0330186
28,0,0.0933925,-0.164674,0.0344828,0.0358397
28,1,0.081607,-0.165695,0.0344832,0.0341145
28,2,0.0903812,-0.161698,0.0344831,0.0343149
28,3,0.091645,-0.165232,0.0344828,0.0357005
28,4,0.0883345,-0.165567,0.0344829,0.0352153
28,5,0.0875771,-0.162655,0.0344832,0.0341263
28,6,0.0921162,-0.160713,0.0344831,0.0343141
28,7,0.100967,-0.160389,0.0344828,0.0359189
28,8,0.09597,-0.165008,0.0344826,0.0364377
28,9,0.0908566,-0.151879,0.0344839,0.0313221
28,10,0.0923203,-0.162267,0.034483,0.0348537
28,11,0.0971559,-0.160806,0.0344829,0.0352978
28,12,0.064177,-0.165529,0.0344838,0.0315184
28,13,0.0947087,-0.161918,0.0344829,0.0351872
28,14,0.092469,-0.157558,0.0344834,0.033375
28,15,0.0870054,-0.164671,0.0344831,0.0346864
28,16,0.0998687,-0.227375,0.0344767,0.0616731
28,17,0.0927928,-0.172046,0.0344822,0.0382102
28,18,0.0898206,-0.16519,0.0344829,0.0353555
28,19,0.0923475,-0.162115,0.034483,0.0348093
28,20,0.0816654,-0.164325,0.0344833,0.0336721
28,21,0.0915568,-0.165578,0.0344828,0.0357987
28,22,0.0899453,-0.164148,0.034483,0.0350347
28,23,0.0882002,-0.165332,0.034483,0.0351138
28,24,0.0916768,-0.161454,0.0344831,0.0344721
28,25,0.0903905,-0.163918,0.034483,0.0350396
28,26,0.109908,-0.169989,0.0344816,0.0409761
28,27,9.7965,7.06685,0,145.912
28,28,0.0925595,-0.164997,0.0344828,0.0357914
28,29,0.0854036,-0.164374,0.0344831,0.0343125
29,0,0.0894448,-0.164388,0.0344826,0.0350238
29,1,0.0834801,-0.163009,0.034483,0.033541
29,2,0.090295,-0.157403,0.0344831,0.0329288
29,3,0.0874571,-0.161124,0.034483,0.0336098
29,4,0.0892138,-0.159313,0.034483,0.0333397
29,5,0.0863296,-0.161697,0.034483,0.0335986
29,6,0.0861139,-0.159076,0.0344832,0.0327208
29,7,0.0939327,-0.158229,0.0344829,0.0338598
29,8,0.0930421,-0.161292,0.0344827,0.034672
29,9,0.0879178,-0.146196,0.034484,0.0291028
29,10,0.0887618,-0.157926,0.0344831,0.0328192
29,11,0.0914499,-0.160475,0.0344828,0.0341152
29,12,0.0729654,-0.162756,0.0344834,0.0318134
29,13,0.0891357,-0.158762,0.0344831,0.0331507
29,14,0.0902936,-0.16137,0.0344828,0.0341934
29,15,0.0877936,-0.163228,0.0344828,0.0343511
29,16,0.0974351,-0.208167,0.0344784,0.0528272
29,17,0.0898039,-0.167337,0.0344824,0.0360663
29,18,0.0860024,-0.160881,0.034483,0.0332792
29,19,0.0904208,-0.160926,0.0344828,0.0340732
29,20,0.077751,-0.162461,0.0344832,0.0324387
29,21,0.0886781,-0.162677,0.0344828,0.0343276
29,22,0.086617,-0.164289,0.0344828,0.0344932
29,23,0.0886426,-0.160007,0.034483,0.0334597
29,24,0.0903438,-0.158767,0.034483,0.0333689
29,25,0.0885948,-0.159388,0.034483,0.0332536
29,26,0.0999137,-0.166403,0.034482,0.0376727
29,27,9.7965,7.06685,0,145.912
29,28,0.0897111,-0.165816,0.0344825,0.0355432
29,29,0.0933971,-0.164012,0.0344825,0.0356231
30,0,0.0855207,-0.161503,0.0344828,0.0333969
30,1,0.0852699,-0.160061,0.0344829,0.0328904
30,2,0.088903,-0.155569,0.0344831,0.0321054
30,3,0.087457,-0.158486,0.0344829,0.0327664
30,4,0.0890636,-0.156934,0.034483,0.0325607
30,5,0.0865269,-0.159309,0.0344829,0.0328661
30,6,0.0844822,-0.159531,0.034483,0.0325874
30,7,0.0844044,-0.15756,0.0344831,0.0319494
30,8,0.0895898,-0.158047,0.0344829,0.0330053
30,9,0.0850015,-0.14478,0.034484,0.0281866
30,10,0.0848233,-0.158047,0.0344831,0.0321737
30,11,0.0859122,-0.159638,0.0344829,0.0328652
30,12,0.0812847,-0.159481,0.0344831,0.0320415
30,13,0.0859611,-0.15695,0.0344831,0.0320227
30,14,0.0874543,-0.163329,0.0344825,0.0343247
30,15,0.0886548,-0.160259,0.0344827,0.0335427
30,16,0.0944852,-0.204247,0.0344787,0.0506445
30,17,0.087955,-0.161408,0.0344827,0.0337887
30,18,0.0852256,-0.159248,0.0344829,0.0326233
30,19,0.0865418,-0.159168,0.0344829,0.0328239
30,20,0.0796648,-0.161223,0.034483,0.0323392
30,21,0.0865106,-0.158423,0.034483,0.032582
30,22,0.0842373,-0.161667,0.0344828,0.033232
30,23,0.0890849,-0.155592,0.0344831,0.032145
30,24,0.0880488,-0.15712,0.034483,0.0324393
30,25,0.0879714,-0.157516,0.034483,0.0325503
30,26,0.0906625,-0.163077,0.0344824,0.0348138
30,27,9.7965,7.06685,0,145.912
30,28,0.0888213,-0.163631,0.0344825,0.0346644
30,29,0.0941032,-0.161865,0.0344824,0.0350556
31,0,0.0848499,-0.157324,0.0344829,0.0319504
31,1,0.0870896,-0.156354,0.0344829,0.0320311
31,2,0.088081,-0.156512,0.0344828,0.0322543
31,3,0.0862552,-0.157342,0.0344828,0.0321966
31,4,0.0869684,-0.156422,0.0344829,0.0320313
31,5,0.086407,-0.156811,0.0344829,0.0320558
31,6,0.0853394,-0.158522,0.0344828,0.0324119
31,7,0.0813849,-0.158079,0.034483,0.0316125
31,8,0.0852852,-0.154374,0.0344831,0.0311048
31,9,0.0846252,-0.145605,0.0344838,0.0283623
31,10,0.0820039,-0.158311,0.0344829,0.0317871
31,11,0.0834516,-0.157642,0.0344829,0.0318152
31,12,0.0862776,-0.156934,0.0344829,0.0320721
31,13,0.0844251,-0.156378,0.034483,0.0315816
31,14,0.0853179,-0.161186,0.0344826,0.0332599
31,15,0.0876545,-0.156917,0.0344828,0.0323063
31,16,0.0916407,-0.199704,0.034479,0.0482796
31,17,0.0863374,-0.153668,0.0344831,0.031068
31,18,0.0857649,-0.157406,0.0344829,0.0321322
31,19,0.0861707,-0.157118,0.0344829,0.0321113
31,20,0.0827936,-0.15925,0.0344828,0.0322154
31,21,0.0851755,-0.156282,0.034483,0.0316789
31,22,0.0827116,-0.157009,0.034483,0.031493
31,23,0.0874108,-0.156049,0.0344829,0.0319919
31,24,0.0866229,-0.156792,0.0344829,0.0320874
31,25,0.0860217,-0.15681,0.0344829,0.031989
31,26,0.0882384,-0.160349,0.0344825,0.0334979
31,27,9.7965,7.06685,0,145.912
31,28,0.0872003,-0.160924,0.0344825,0.0335005
31,29,0.0920722,-0.158404,0.0344825,0.0335691
32,0,0.0847995,-0.156125,0.0344828,0.0315661
32,1,0.0864126,-0.153392,0.034483,0.0309964
32,2,0.0858633,-0.156974,0.0344827,0.0320135
32,3,0.0849183,-0.155297,0.0344829,0.0313282
32,4,0.0848423,-0.156261,0.0344828,0.0316157
32,5,0.0857569,-0.155364,0.0344829,0.0314923
32,6,0.0859246,-0.156397,0.0344828,0.0318432
32,7,0.0813598,-0.157455,0.0344829,0.0314114
32,8,0.0834107,-0.15516,0.034483,0.031032
32,9,0.0845245,-0.147191,0.0344835,0.0288096
32,10,0.0827832,-0.157564,0.0344828,0.0316796
32,11,0.0841121,-0.155925,0.0344829,0.0313874
32,12,0.0874412,-0.15529,0.0344828,0.031761
32,13,0.0842446,-0.156154,0.0344829,0.0314812
32,14,0.0834818,-0.157534,0.0344828,0.0317862
32,15,0.0856647,-0.153308,0.034483,0.0308419
32,16,0.0903002,-0.193573,0.0344795,0.0456248
32,17,0.0851638,-0.149082,0.0344833,0.0294784
32,18,0.085745,-0.15492,0.0344829,0.0313524
32,19,0.0857729,-0.155304,0.0344829,0.0314763
32,20,0.0861408,-0.156978,0.0344827,0.0320622
32,21,0.0845029,-0.154303,0.034483,0.0309503
32,22,0.0836648,-0.154686,0.034483,0.0309276
32,23,0.0847626,-0.156935,0.0344828,0.0318132
32,24,0.0854957,-0.156085,0.0344828,0.0316721
32,25,0.0847616,-0.156584,0.0344828,0.0317032
32,26,0.0861628,-0.156561,0.0344827,0.0319355
32,27,9.7965,7.06685,0,145.912
32,28,0.0857271,-0.157461,0.0344827,0.0321432
32,29,0.0889617,-0.157544,0.0344826,0.0327343
33,0,0.0847916,-0.154859,0.0344828,0.0311708
33,1,0.0850964,-0.15131,0.034483,0.0301361
33,2,0.0850446,-0.156422,0.0344827,0.0317006
33,3,0.0838787,-0.154805,0.0344828,0.0310001
33,4,0.0834865,-0.15522,0.0344828,0.0310634
33,5,0.0844896,-0.154206,0.0344829,0.0309181
33,6,0.0848362,-0.153623,0.0344829,0.0307972
33,7,0.0827599,-0.15665,0.0344827,0.0313885
33,8,0.0839478,-0.155662,0.0344828,0.0312779
33,9,0.0844979,-0.150214,0.0344831,0.0297041
33,10,0.0841081,-0.155876,0.0344828,0.0313714
33,11,0.084424,-0.154106,0.0344829,0.0308762
33,12,0.0859532,-0.154452,0.0344828,0.0312434
33,13,0.0845582,-0.155352,0.0344828,0.0312844
33,14,0.0828783,-0.153415,0.034483,0.0304049
33,15,0.0838696,-0.152227,0.034483,0.0302072
33,16,0.0892601,-0.187694,0.03448,0.0431963
33,17,0.0843926,-0.148117,0.0344833,0.0290608
33,18,0.0852827,-0.155368,0.0344827,0.0314123
33,19,0.0848142,-0.153754,0.0344829,0.0308337
33,20,0.0861386,-0.153962,0.0344828,0.0311243
33,21,0.0840664,-0.153085,0.034483,0.0305023
33,22,0.084716,-0.154148,0.0344829,0.0309386
33,23,0.084059,-0.156049,0.0344827,0.0314173
33,24,0.0843603,-0.15501,0.0344828,0.0311448
33,25,0.0847227,-0.15506,0.0344828,0.0312215
33,26,0.0838572,-0.153924,0.0344829,0.0307245
33,27,9.7965,7.06685,0,145.912
33,28,0.0848317,-0.153899,0.0344829,0.0308814
33,29,0.0871073,-0.155808,0.0344826,0.0318637
34,0,0.0843518,-0.15303,0.0344829,0.0305334
34,1,0.0841416,-0.150821,0.034483,0.0298268
34,2,0.0839257,-0.155157,0.0344827,0.0311172
34,3,0.0833185,-0.153865,0.0344828,0.0306164
34,4,0.0837689,-0.154136,0.0344828,0.0307753
34,5,0.0834771,-0.153251,0.0344829,0.0304543
34,6,0.0836456,-0.153662,0.0344828,0.0306087
34,7,0.0835045,-0.155303,0.0344827,0.031092
34,8,0.084209,-0.15481,0.0344827,0.0310572
34,9,0.0844413,-0.152344,0.0344829,0.0303391
34,10,0.084408,-0.153389,0.0344828,0.0306529
34,11,0.0848318,-0.152598,0.0344829,0.0304827
34,12,0.0838327,-0.153499,0.0344828,0.0305898
34,13,0.0846096,-0.154181,0.0344828,0.0309306
34,14,0.0833774,-0.153706,0.0344828,0.0305772
34,15,0.0826108,-0.151561,0.034483,0.0297953
34,16,0.0888193,-0.183534,0.0344802,0.0415738
34,17,0.0840903,-0.148299,0.0344832,0.0290639
34,18,0.0844619,-0.154523,0.0344827,0.0310111
34,19,0.0842271,-0.153266,0.0344828,0.0305848
34,20,0.0852689,-0.153429,0.0344828,0.0308112
34,21,0.0841766,-0.152648,0.0344829,0.0303871
34,22,0.0842402,-0.153726,0.0344828,0.0307282
34,23,0.0835433,-0.154215,0.0344828,0.0307616
34,24,0.0838242,-0.153169,0.0344829,0.0304871
34,25,0.0846125,-0.15308,0.0344828,0.0305928
34,26,0.0840469,-0.15266,0.0344829,0.0303691
34,27,9.7965,7.06685,0,145.912
34,28,0.0841354,-0.15193,0.0344829,0.0301615
34,29,0.0848245,-0.154254,0.0344827,0.0309895
35,0,0.0837247,-0.15127,0.0344829,0.0298924
35,1,0.0839809,-0.151364,0.0344829,0.0299639
35,2,0.0832643,-0.15366,0.0344828,0.0305442
35,3,0.083339,-0.152561,0.0344828,0.0302203
35,4,0.0838867,-0.152167,0.0344829,0.0301917
35,5,0.0831632,-0.15261,0.0344828,0.030206
35,6,0.0828923,-0.15301,0.0344828,0.0302831
35,7,0.083896,-0.153783,0.0344827,0.0306876
35,8,0.0841989,-0.153689,0.0344827,0.0307097
35,9,0.0841497,-0.152839,0.0344828,0.0304409
35,10,0.0841488,-0.152174,0.0344828,0.030238
35,11,0.0843754,-0.151402,0.0344829,0.0300417
35,12,0.0821482,-0.152832,0.0344829,0.0301059
35,13,0.0840947,-0.15338,0.0344828,0.0305973
35,14,0.0843886,-0.153483,0.0344827,0.0306786
35,15,0.0833215,-0.151743,0.0344829,0.0299683
35,16,0.0885147,-0.179692,0.0344805,0.040124
35,17,0.0839528,-0.149384,0.034483,0.0293635
35,18,0.0840346,-0.152949,0.0344828,0.0304551
35,19,0.0835149,-0.152475,0.0344828,0.0302233
35,20,0.084396,-0.152856,0.0344828,0.0304875
35,21,0.0841297,-0.15253,0.0344828,0.0303431
35,22,0.0838887,-0.152797,0.0344828,0.0303842
35,23,0.083364,-0.152499,0.0344828,0.0302056
35,24,0.0834425,-0.15108,0.0344829,0.0297877
35,25,0.0840758,-0.152478,0.0344828,0.0303181
35,26,0.0842898,-0.152165,0.0344828,0.030259
35,27,9.7965,7.06685,0,145.912
35,28,0.0835167,-0.150766,0.034483,0.0297055
35,29,0.0833389,-0.153009,0.0344828,0.030357
36,0,0.0831483,-0.150818,0.0344829,0.0296596
36,1,0.0837523,-0.151634,0.0344828,0.0300075
36,2,0.082919,-0.153117,0.0344828,0.0303203
36,3,0.0834073,-0.151235,0.0344829,0.0298288
36,4,0.083622,-0.150311,0.0344829,0.029586
36,5,0.0832546,-0.152112,0.0344828,0.0300693
36,6,0.0827236,-0.152474,0.0344828,0.0300916
36,7,0.0837348,-0.153139,0.0344827,0.030463
36,8,0.0839233,-0.153046,0.0344827,0.0304661
36,9,0.0835376,-0.152591,0.0344828,0.0302626
36,10,0.0837378,-0.151943,0.0344828,0.0300985
36,11,0.083586,-0.150583,0.0344829,0.0296619
36,12,0.0821661,-0.152047,0.0344829,0.0298697
36,13,0.0835616,-0.152113,0.0344828,0.0301208
36,14,0.0851081,-0.152849,0.0344827,0.0306062
36,15,0.0841952,-0.151935,0.0344828,0.0301732
36,16,0.0882445,-0.176243,0.0344807,0.0388486
36,17,0.0838468,-0.15001,0.0344829,0.0295332
36,18,0.0837672,-0.15174,0.0344828,0.030042
36,19,0.0832509,-0.15174,0.0344828,0.0299559
36,20,0.083387,-0.152126,0.0344828,0.0300956
36,21,0.0837321,-0.152115,0.0344828,0.03015
36,22,0.0836584,-0.151748,0.0344828,0.0300262
36,23,0.0834478,-0.151421,0.0344829,0.029892
36,24,0.083392,-0.149898,0.034483,0.0294235
36,25,0.0834878,-0.152001,0.0344828,0.0300746
36,26,0.0841237,-0.151686,0.0344828,0.0300853
36,27,9.7965,7.06685,0,145.912
36,28,0.0834081,-0.151144,0.0344829,0.0298014
36,29,0.0829727,-0.15162,0.0344829,0.029873
37,0,0.0829351,-0.150819,0.0344829,0.0296245
37,1,0.0833122,-0.151634,0.0344828,0.0299337
37,2,0.0829894,-0.152055,0.0344828,0.0300081
37,3,0.0835088,-0.151193,0.0344828,0.0298329
37,4,0.0833718,-0.148805,0.034483,0.0290937
37,5,0.0834254,-0.151471,0.0344828,0.0299032
37,6,0.0829177,-0.151789,0.0344828,0.0299152
37,7,0.0836141,-0.152561,0.0344827,0.0302661
37,8,0.083555,-0.152324,0.0344827,0.0301842
37,9,0.0831921,-0.152042,0.0344828,0.0300378
37,10,0.0831047,-0.151377,0.0344828,0.0298214
37,11,0.0829554,-0.150635,0.0344829,0.0295723
37,12,0.0826274,-0.151672,0.0344828,0.0298315
37,13,0.0831926,-0.151479,0.0344828,0.029867
37,14,0.0847028,-0.15243,0.0344827,0.0304096
37,15,0.0839239,-0.151803,0.0344828,0.0300874
37,16,0.0879278,-0.172949,0.034481,0.0376428
37,17,0.0836824,-0.151059,0.0344828,0.0298215
37,18,0.0833497,-0.150966,0.0344828,0.0297378
37,19,0.0832617,-0.151019,0.0344828,0.0297394
37,20,0.0830239,-0.151648,0.0344828,0.0298901
37,21,0.0833333,-0.151259,0.0344828,0.0298236
37,22,0.0833766,-0.150742,0.0344829,0.0296749
37,23,0.0834941,-0.15148,0.0344828,0.0299175
37,24,0.0834081,-0.149986,0.0344829,0.0294528
37,25,0.0830191,-0.151432,0.0344828,0.0298239
37,26,0.0836471,-0.151344,0.0344828,0.0299019
37,27,9.7965,7.06685,0,145.912
37,28,0.0834031,-0.151429,0.0344828,0.0298868
37,29,0.0829481,-0.150754,0.0344829,0.0296073
38,0,0.0830858,-0.150863,0.0344828,0.029663
38,1,0.0831209,-0.151286,0.0344828,0.0297966
38,2,0.0831051,-0.151714,0.0344828,0.0299235
38,3,0.083365,-0.15109,0.0344828,0.029778
38,4,0.0833019,-0.148553,0.034483,0.0290073
38,5,0.0833426,-0.15108,0.0344828,0.0297712
38,6,0.0832583,-0.151023,0.0344828,0.0297399
38,7,0.0834544,-0.151769,0.0344828,0.0299985
38,8,0.0831577,-0.151845,0.0344828,0.0299722
38,9,0.0830478,-0.151327,0.0344828,0.0297967
38,10,0.0829893,-0.150694,0.0344828,0.0295958
38,11,0.0828421,-0.150943,0.0344828,0.0296465
38,12,0.08321,-0.151182,0.0344828,0.0297798
38,13,0.0829429,-0.150967,0.0344828,0.0296706
38,14,0.0843746,-0.152086,0.0344827,0.0302491
38,15,0.0835216,-0.151464,0.0344828,0.0299173
38,16,0.0877105,-0.170669,0.0344811,0.036821
38,17,0.0832798,-0.151957,0.0344827,0.0300265
38,18,0.0828787,-0.150754,0.0344828,0.0295955
38,19,0.0832899,-0.150648,0.0344828,0.029632
38,20,0.0828307,-0.151013,0.0344828,0.0296658
38,21,0.0829285,-0.150613,0.0344829,0.0295613
38,22,0.0832619,-0.150066,0.0344829,0.0294523
38,23,0.083364,-0.151248,0.0344828,0.0298256
38,24,0.0833175,-0.150296,0.0344829,0.0295306
38,25,0.0827957,-0.150977,0.0344828,0.0296491
38,26,0.0831261,-0.151004,0.0344828,0.0297122
38,27,9.7965,7.06685,0,145.912
38,28,0.0832387,-0.151296,0.0344828,0.0298193
38,29,0.0831163,-0.150432,0.0344829,0.0295382
39,0,0.0830459,-0.150825,0.0344828,0.0296448
39,1,0.0830038,-0.151034,0.0344828,0.029701
39,2,0.0831297,-0.151232,0.0344828,0.0297815
39,3,0.0830877,-0.15089,0.0344828,0.0296712
39,4,0.0832421,-0.148728,0.034483,0.0290493
39,5,0.0830727,-0.150893,0.0344828,0.0296697
39,6,0.0832157,-0.150538,0.0344828,0.0295865
39,7,0.0831786,-0.151434,0.0344828,0.0298508
39,8,0.0830588,-0.151311,0.0344828,0.0297937
39,9,0.0829911,-0.150444,0.0344828,0.0295208
39,10,0.0829168,-0.150712,0.0344828,0.0295893
39,11,0.0828856,-0.151065,0.0344828,0.0296908
39,12,0.0835815,-0.150746,0.0344828,0.0297104
39,13,0.0827869,-0.15067,0.0344828,0.0295551
39,14,0.0838931,-0.151714,0.0344827,0.0300553
39,15,0.0831262,-0.150907,0.0344828,0.029683
39,16,0.0874585,-0.169213,0.0344812,0.0362819
39,17,0.0828684,-0.152423,0.0344827,0.0300998
39,18,0.0826837,-0.150633,0.0344828,0.029527
39,19,0.0831809,-0.150486,0.0344828,0.0295652
39,20,0.0829404,-0.150631,0.0344828,0.0295688
39,21,0.082922,-0.150217,0.0344829,0.0294411
39,22,0.0830912,-0.150093,0.0344829,0.029432
39,23,0.0830997,-0.150924,0.0344828,0.0296838
39,24,0.0831628,-0.150673,0.0344828,0.0296185
39,25,0.0828412,-0.150632,0.0344828,0.0295526
39,26,0.0828913,-0.150641,0.0344828,0.0295636
39,27,9.7965,7.06685,0,145.912
39,28,0.0830257,-0.151064,0.0344828,0.0297134
39,29,0.0831135,-0.150394,0.0344828,0.0295261
40,0,0.0829313,-0.150647,0.0344828,0.029572
40,1,0.0829104,-0.150663,0.0344828,0.0295734
40,2,0.083103,-0.150697,0.0344828,0.0296156
40,3,0.0828454,-0.15054,0.0344828,0.0295258
40,4,0.0831939,-0.149092,0.0344829,0.0291498
40,5,0.0829432,-0.150538,0.0344828,0.0295413
40,6,0.0830276,-0.150258,0.0344828,0.0294711
40,7,0.0829735,-0.15109,0.0344828,0.0297127
40,8,0.0829838,-0.151037,0.0344828,0.0296985
40,9,0.0829946,-0.150262,0.0344828,0.0294668
40,10,0.0829545,-0.150602,0.0344828,0.0295623
40,11,0.0829603,-0.151003,0.0344828,0.0296842
40,12,0.0834451,-0.150322,0.0344828,0.0295597
40,13,0.0828021,-0.150597,0.0344828,0.0295356
40,14,0.0835547,-0.151541,0.0344827,0.0299462
40,15,0.0829972,-0.150317,0.0344828,0.0294837
40,16,0.0873108,-0.168438,0.0344813,0.0359945
40,17,0.0827424,-0.15239,0.0344827,0.0300689
40,18,0.0826719,-0.150491,0.0344828,0.0294823
40,19,0.0829932,-0.150464,0.0344828,0.0295273
40,20,0.0830766,-0.150406,0.0344828,0.0295237
40,21,0.0829694,-0.150085,0.0344828,0.0294094
40,22,0.0830136,-0.150267,0.0344828,0.0294713
40,23,0.0830286,-0.150464,0.0344828,0.029533
40,24,0.0829279,-0.150717,0.0344828,0.0295926
40,25,0.0829567,-0.150535,0.0344828,0.0295426
40,26,0.082805,-0.150456,0.0344828,0.0294935
40,27,9.7965,7.06685,0,145.912
40,28,0.082932,-0.150599,0.0344828,0.0295578
40,29,0.0830341,-0.150452,0.0344828,0.0295304
41,0,0.0828589,-0.1504,0.0344828,0.0294858
41,1,0.0828791,-0.150344,0.0344828,0.0294722
41,2,0.0830177,-0.150282,0.0344828,0.0294766
41,3,0.0828251,-0.150383,0.0344828,0.029475
41,4,0.0831486,-0.149429,0.0344829,0.0292427
41,5,0.0829087,-0.1502,0.0344828,0.0294339
41,6,0.0828135,-0.150159,0.0344828,0.0294057
41,7,0.0828604,-0.150858,0.0344828,0.0296239
41,8,0.0829625,-0.150652,0.0344828,0.0295789
41,9,0.0829769,-0.150326,0.0344828,0.0294831
41,10,0.0829299,-0.150331,0.0344828,0.0294767
41,11,0.0829883,-0.150874,0.0344828,0.0296499
41,12,0.0832342,-0.150287,0.0344828,0.029514
41,13,0.0828927,-0.150396,0.0344828,0.0294901
41,14,0.0833829,-0.15127,0.0344827,0.0298354
41,15,0.0828898,-0.149873,0.0344829,0.0293328
41,16,0.087178,-0.167859,0.0344813,0.0357768
41,17,0.0826696,-0.152215,0.0344827,0.0300036
41,18,0.0828076,-0.150404,0.0344828,0.0294784
41,19,0.0829405,-0.150382,0.0344828,0.0294939
41,20,0.0830734,-0.150377,0.0344828,0.0295145
41,21,0.0830027,-0.150153,0.0344828,0.0294353
41,22,0.0829394,-0.15032,0.0344828,0.029475
41,23,0.0829244,-0.149949,0.0344828,0.0293612
41,24,0.0828333,-0.150542,0.0344828,0.0295242
41,25,0.0829791,-0.150407,0.0344828,0.0295079
41,26,0.0828075,-0.150406,0.0344828,0.0294792
41,27,9.7965,7.06685,0,145.912
41,28,0.0828773,-0.150314,0.0344828,0.0294628
41,29,0.0829061,-0.150425,0.0344828,0.029501
42,0,0.0828693,-0.150239,0.0344828,0.0294391
42,1,0.0828489,-0.150071,0.0344828,0.0293852
42,2,0.0829103,-0.15009,0.0344828,0.0294011
42,3,0.0828752,-0.150233,0.0344828,0.0294382
42,4,0.0830819,-0.149711,0.0344828,0.0293161
42,5,0.0828991,-0.1502,0.0344828,0.0294322
42,6,0.0827855,-0.150126,0.0344828,0.0293913
42,7,0.0827602,-0.150727,0.0344828,0.0295678
42,8,0.0829442,-0.150352,0.0344828,0.0294855
42,9,0.0829067,-0.15026,0.0344828,0.0294515
42,10,0.0828841,-0.150241,0.0344828,0.0294421
42,11,0.0829806,-0.150748,0.0344828,0.0296107
42,12,0.0830251,-0.150236,0.0344828,0.0294641
42,13,0.0829037,-0.15012,0.0344828,0.0294091
42,14,0.0831874,-0.150986,0.0344827,0.0297169
42,15,0.0828084,-0.14986,0.0344828,0.0293153
42,16,0.0870954,-0.167272,0.0344814,0.0355655
42,17,0.082654,-0.151973,0.0344827,0.0299276
42,18,0.0829092,-0.150257,0.0344828,0.0294512
42,19,0.0828873,-0.150241,0.0344828,0.0294426
42,20,0.0829593,-0.150297,0.0344828,0.0294715
42,21,0.0829542,-0.150216,0.0344828,0.0294462
42,22,0.0828385,-0.150331,0.0344828,0.0294618
42,23,0.0828986,-0.149566,0.0344829,0.0292421
42,24,0.0828158,-0.150297,0.0344828,0.0294478
42,25,0.0829691,-0.150282,0.0344828,0.0294686
42,26,0.082859,-0.150328,0.0344828,0.0294641
42,27,9.7965,7.06685,0,145.912
42,28,0.0828324,-0.150118,0.0344828,0.0293967
42,29,0.0828391,-0.150298,0.0344828,0.0294517
43,0,0.082904,-0.150033,0.0344828,0.0293828
43,1,0.0828701,-0.14983,0.0344828,0.0293166
43,2,0.0828563,-0.149955,0.0344828,0.0293516
43,3,0.0829063,-0.150105,0.0344828,0.0294051
43,4,0.0829808,-0.149943,0.0344828,0.0293686
43,5,0.0828819,-0.150169,0.0344828,0.02942
43,6,0.0828317,-0.150104,0.0344828,0.0293923
43,7,0.0827745,-0.150524,0.0344828,0.0295092
43,8,0.0828969,-0.150102,0.0344828,0.0294026
43,9,0.0828167,-0.150136,0.0344828,0.0293993
43,10,0.0828806,-0.150109,0.0344828,0.0294019
43,11,0.0829669,-0.150541,0.0344828,0.0295462
43,12,0.0827769,-0.150157,0.0344828,0.029399
43,13,0.0828799,-0.14989,0.0344828,0.0293362
43,14,0.0829662,-0.150814,0.0344828,0.0296282
43,15,0.0827806,-0.149915,0.0344828,0.0293273
43,16,0.0869975,-0.166624,0.0344814,0.0353322
43,17,0.0826556,-0.151804,0.0344827,0.0298765
43,18,0.0829451,-0.15011,0.0344828,0.029413
43,19,0.08286,-0.150083,0.0344828,0.0293908
43,20,0.0828235,-0.150161,0.0344828,0.029408
43,21,0.0828837,-0.150212,0.0344828,0.0294332
43,22,0.0827682,-0.150252,0.0344828,0.0294264
43,23,0.082886,-0.149378,0.0344829,0.0291839
43,24,0.0828554,-0.150031,0.0344828,0.0293744
43,25,0.0829061,-0.150162,0.0344828,0.0294222
43,26,0.0828877,-0.150223,0.0344828,0.0294374
43,27,9.7965,7.06685,0,145.912
43,28,0.0828424,-0.150052,0.0344828,0.0293786
43,29,0.0828078,-0.150122,0.0344828,0.0293937
44,0,0.0828887,-0.149806,0.0344828,0.0293124
44,1,0.0828666,-0.149704,0.0344828,0.0292781
44,2,0.0828341,-0.149916,0.0344828,0.0293363
44,3,0.0828815,-0.149984,0.0344828,0.0293646
44,4,0.0829284,-0.15,0.0344828,0.0293772
44,5,0.0828554,-0.150062,0.0344828,0.0293835
44,6,0.0828419,-0.150053,0.0344828,0.0293786
44,7,0.0828014,-0.150276,0.0344828,0.0294388
44,8,0.0828189,-0.149835,0.0344828,0.0293096
44,9,0.0828265,-0.149993,0.0344828,0.0293581
44,10,0.0828538,-0.149993,0.0344828,0.0293628
44,11,0.0829475,-0.150381,0.0344828,0.0294946
44,12,0.0827062,-0.150069,0.0344828,0.0293611
44,13,0.0828525,-0.149716,0.0344828,0.0292795
44,14,0.0828002,-0.150575,0.0344828,0.0295288
44,15,0.0827934,-0.15001,0.0344828,0.0293577
44,16,0.0869319,-0.166036,0.0344814,0.035125
44,17,0.0826659,-0.15159,0.0344827,0.0298131
44,18,0.0829457,-0.149999,0.0344828,0.0293796
44,19,0.0828409,-0.14993,0.0344828,0.0293416
44,20,0.0826948,-0.150076,0.0344828,0.0293611
44,21,0.0828476,-0.150139,0.0344828,0.0294056
44,22,0.0827736,-0.150107,0.0344828,0.0293837
44,23,0.0828756,-0.149425,0.0344828,0.0291962
44,24,0.0828885,-0.149951,0.0344828,0.0293557
44,25,0.082836,-0.150021,0.0344828,0.029368
44,26,0.0828811,-0.150088,0.0344828,0.0293955
44,27,9.7965,7.06685,0,145.912
44,28,0.0828537,-0.150002,0.0344828,0.0293652
44,29,0.0828254,-0.149962,0.0344828,0.0293486
45,0,0.0828643,-0.149648,0.0344828,0.029261
45,1,0.0828527,-0.149725,0.0344828,0.0292822
45,2,0.0828167,-0.149918,0.0344828,0.0293339
45,3,0.0828365,-0.14989,0.0344828,0.0293288
45,4,0.0828927,-0.150033,0.0344828,0.0293811
45,5,0.0828317,-0.149976,0.0344828,0.0293538
45,6,0.0828316,-0.149963,0.0344828,0.0293501
45,7,0.0828256,-0.150161,0.0344828,0.0294084
45,8,0.0827589,-0.149748,0.0344828,0.0292735
45,9,0.0828248,-0.149864,0.0344828,0.0293192
45,10,0.0828302,-0.149861,0.0344828,0.0293191
45,11,0.0829285,-0.15018,0.0344828,0.0294313
45,12,0.0826788,-0.149973,0.0344828,0.0293277
45,13,0.0828478,-0.149688,0.0344828,0.0292704
45,14,0.0827194,-0.150467,0.0344828,0.0294828
45,15,0.0828111,-0.150013,0.0344828,0.0293616
45,16,0.0868632,-0.165669,0.0344815,0.0349915
45,17,0.0826776,-0.151482,0.0344827,0.0297823
45,18,0.0829126,-0.149961,0.0344828,0.0293627
45,19,0.0828255,-0.149825,0.0344828,0.0293077
45,20,0.082684,-0.150003,0.0344828,0.0293374
45,21,0.0828011,-0.150021,0.0344828,0.0293623
45,22,0.0827853,-0.149906,0.0344828,0.0293251
45,23,0.0828648,-0.1495,0.0344828,0.0292169
45,24,0.0828667,-0.149891,0.0344828,0.0293342
45,25,0.0827893,-0.149936,0.0344828,0.0293349
45,26,0.0828606,-0.14996,0.0344828,0.0293538
45,27,9.7965,7.06685,0,145.912
45,28,0.0828492,-0.149952,0.0344828,0.0293495
45,29,0.0828315,-0.149894,0.0344828,0.0293294
46,0,0.0828474,-0.149645,0.0344828,0.0292573
46,1,0.0828309,-0.149747,0.0344828,0.0292851
46,2,0.0828192,-0.149875,0.0344828,0.0293216
46,3,0.0827951,-0.149797,0.0344828,0.0292942
46,4,0.0828757,-0.149984,0.0344828,0.0293636
46,5,0.0828252,-0.149882,0.0344828,0.0293246
46,6,0.082817,-0.14985,0.0344828,0.0293137
46,7,0.0828382,-0.150102,0.0344828,0.0293928
46,8,0.0827647,-0.149735,0.0344828,0.0292707
46,9,0.0828203,-0.149741,0.0344828,0.0292815
46,10,0.0828073,-0.1498,0.0344828,0.0292972
46,11,0.0829077,-0.149956,0.0344828,0.0293605
46,12,0.0826911,-0.149861,0.0344828,0.0292961
46,13,0.0828406,-0.149709,0.0344828,0.0292752
46,14,0.0826746,-0.150417,0.0344828,0.0294604
46,15,0.082824,-0.149971,0.0344828,0.0293512
46,16,0.0868065,-0.165563,0.0344815,0.0349466
46,17,0.0826826,-0.151407,0.0344827,0.0297606
46,18,0.0828611,-0.149881,0.0344828,0.0293302
46,19,0.0828257,-0.14978,0.0344828,0.0292941
46,20,0.0827063,-0.149949,0.0344828,0.0293249
46,21,0.0827982,-0.14989,0.0344828,0.0293225
46,22,0.0828031,-0.149837,0.0344828,0.0293075
46,23,0.0828496,-0.149592,0.0344828,0.0292418
46,24,0.0828394,-0.149872,0.0344828,0.0293241
46,25,0.0827515,-0.149827,0.0344828,0.029296
46,26,0.0828233,-0.149829,0.0344828,0.0293083
46,27,9.7965,7.06685,0,145.912
46,28,0.0828238,-0.149918,0.0344828,0.0293351
46,29,0.0828261,-0.149839,0.0344828,0.0293119
47,0,0.0828395,-0.149661,0.0344828,0.0292607
47,1,0.08281,-0.149751,0.0344828,0.0292829
47,2,0.0828144,-0.149842,0.0344828,0.0293109
47,3,0.0827679,-0.149719,0.0344828,0.0292664
47,4,0.0828568,-0.149937,0.0344828,0.0293463
47,5,0.082818,-0.1498,0.0344828,0.0292988
47,6,0.082806,-0.149753,0.0344828,0.0292828
47,7,0.0828393,-0.150017,0.0344828,0.0293675
47,8,0.0827828,-0.149739,0.0344828,0.0292747
47,9,0.0828129,-0.149715,0.0344828,0.0292724
47,10,0.0827933,-0.149747,0.0344828,0.0292788
47,11,0.0828892,-0.149901,0.0344828,0.0293409
47,12,0.0827266,-0.149768,0.0344828,0.0292743
47,13,0.0828251,-0.149739,0.0344828,0.0292817
47,14,0.0826682,-0.150354,0.0344828,0.0294404
47,15,0.0828233,-0.149903,0.0344828,0.0293305
47,16,0.0867531,-0.165468,0.0344815,0.0349059
47,17,0.0826897,-0.151318,0.0344827,0.0297348
47,18,0.0828051,-0.149855,0.0344828,0.0293132
47,19,0.0828168,-0.149759,0.0344828,0.0292865
47,20,0.0827255,-0.149911,0.0344828,0.0293167
47,21,0.0827957,-0.149859,0.0344828,0.0293129
47,22,0.0828042,-0.149815,0.0344828,0.0293012
47,23,0.0828362,-0.149708,0.0344828,0.0292742
47,24,0.0828195,-0.14984,0.0344828,0.029311
47,25,0.0827266,-0.149792,0.0344828,0.0292812
47,26,0.0827869,-0.149704,0.0344828,0.0292649
47,27,9.7965,7.06685,0,145.912
47,28,0.082805,-0.14986,0.0344828,0.0293147
47,29,0.0828116,-0.149759,0.0344828,0.0292854
48,0,0.082825,-0.149698,0.0344828,0.0292694
48,1,0.082792,-0.149739,0.0344828,0.0292764
48,2,0.082804,-0.149805,0.0344828,0.0292979
48,3,0.0827541,-0.149696,0.0344828,0.0292572
48,4,0.082845,-0.149899,0.0344828,0.0293331
48,5,0.0828016,-0.149733,0.0344828,0.029276
48,6,0.0827999,-0.14968,0.0344828,0.02926
48,7,0.0828361,-0.14993,0.0344828,0.0293409
48,8,0.0827966,-0.149739,0.0344828,0.0292769
48,9,0.0828064,-0.149717,0.0344828,0.0292722
48,10,0.0827809,-0.149695,0.0344828,0.0292613
48,11,0.0828648,-0.149845,0.0344828,0.0293202
48,12,0.0827771,-0.149682,0.0344828,0.0292566
48,13,0.0828004,-0.149736,0.0344828,0.0292768
48,14,0.0826725,-0.1503,0.0344828,0.0294247
48,15,0.0828172,-0.149818,0.0344828,0.029304
48,16,0.0866953,-0.165387,0.0344815,0.034869
48,17,0.0826973,-0.151248,0.0344827,0.0297148
48,18,0.0827605,-0.14981,0.0344828,0.0292923
48,19,0.0827925,-0.149741,0.0344828,0.0292769
48,20,0.0827383,-0.149878,0.0344828,0.0293091
48,21,0.0827929,-0.149815,0.0344828,0.0292992
48,22,0.0828007,-0.149778,0.0344828,0.0292893
48,23,0.0828184,-0.149819,0.0344828,0.0293045
48,24,0.0828006,-0.14981,0.0344828,0.029299
48,25,0.0827269,-0.149756,0.0344828,0.0292706
48,26,0.0827666,-0.149664,0.0344828,0.0292496
48,27,9.7965,7.06685,0,145.912
48,28,0.0828028,-0.149826,0.0344828,0.029304
48,29,0.0827975,-0.149673,0.0344828,0.0292574
49,0,0.082805,-0.149697,0.0344828,0.0292659
49,1,0.0827865,-0.149718,0.0344828,0.0292692
49,2,0.0827954,-0.14975,0.0344828,0.0292802
49,3,0.0827578,-0.149691,0.0344828,0.0292563
49,4,0.0828351,-0.149851,0.0344828,0.0293169
49,5,0.0827881,-0.149706,0.0344828,0.0292658
49,6,0.0827893,-0.14967,0.0344828,0.0292552
49,7,0.0828294,-0.149858,0.0344828,0.0293182
49,8,0.082794,-0.149727,0.0344828,0.0292731
49,9,0.0827953,-0.149714,0.0344828,0.0292694
49,10,0.0827766,-0.149682,0.0344828,0.0292566
49,11,0.0828372,-0.149801,0.0344828,0.0293022
49,12,0.0828211,-0.149616,0.0344828,0.0292443
49,13,0.0827776,-0.149724,0.0344828,0.0292695
49,14,0.0826791,-0.150271,0.0344828,0.0294173
49,15,0.082808,-0.14978,0.0344828,0.0292914
49,16,0.0866578,-0.165315,0.0344815,0.0348385
49,17,0.0827051,-0.151207,0.0344827,0.0297036
49,18,0.0827243,-0.149775,0.0344828,0.0292757
49,19,0.0827746,-0.149728,0.0344828,0.02927
49,20,0.0827451,-0.149838,0.0344828,0.0292983
49,21,0.0827926,-0.149767,0.0344828,0.0292847
49,22,0.0827958,-0.14974,0.0344828,0.0292772
49,23,0.082813,-0.14986,0.0344828,0.029316
49,24,0.0827857,-0.149768,0.0344828,0.0292841
49,25,0.0827386,-0.149735,0.0344828,0.0292662
49,26,0.0827668,-0.149645,0.0344828,0.0292441
49,27,9.7965,7.06685,0,145.912
49,28,0.0827984,-0.149795,0.0344828,0.029294
49,29,0.0827852,-0.14966,0.0344828,0.0292516
50,0,0.0827833,-0.149694,0.0344828,0.0292614
50,1,0.0827829,-0.149703,0.0344828,0.0292639
50,2,0.0827893,-0.149691,0.0344828,0.0292615
50,3,0.0827694,-0.149687,0.0344828,0.0292569
50,4,0.0828233,-0.14982,0.0344828,0.0293056
50,5,0.0827833,-0.149692,0.0344828,0.0292609
50,6,0.0827834,-0.149666,0.0344828,0.0292528
50,7,0.0828257,-0.149812,0.0344828,0.0293037
50,8,0.0827896,-0.149716,0.0344828,0.029269
50,9,0.08278,-0.149706,0.0344828,0.0292643
50,10,0.0827783,-0.14967,0.0344828,0.0292534
50,11,0.0828111,-0.14977,0.0344828,0.0292887
50,12,0.0828477,-0.149595,0.0344828,0.0292425
50,13,0.0827643,-0.149709,0.0344828,0.0292627
50,14,0.082687,-0.150234,0.0344828,0.0294074
50,15,0.0828007,-0.14976,0.0344828,0.0292841
50,16,0.0866469,-0.165268,0.0344815,0.0348211
50,17,0.0827131,-0.151163,0.0344827,0.0296917
50,18,0.0827066,-0.14973,0.0344828,0.0292594
50,19,0.0827768,-0.149706,0.0344828,0.0292639
50,20,0.0827478,-0.149795,0.0344828,0.0292856
50,21,0.0827914,-0.149708,0.0344828,0.0292668
50,22,0.0827902,-0.149693,0.0344828,0.0292621
50,23,0.0828067,-0.149855,0.0344828,0.0293136
50,24,0.0827787,-0.149741,0.0344828,0.0292746
50,25,0.082752,-0.149719,0.0344828,0.0292635
50,26,0.0827722,-0.149651,0.0344828,0.0292465
50,27,9.7965,7.06685,0,145.912
50,28,0.0827955,-0.149778,0.0344828,0.0292887
50,29,0.0827834,-0.149663,0.0344828,0.0292522
51,0,0.0827765,-0.149684,0.0344828,0.0292572
51,1,0.0827802,-0.149693,0.0344828,0.0292605
51,2,0.0827834,-0.149677,0.0344828,0.0292563
51,3,0.0827756,-0.149681,0.0344828,0.0292562
51,4,0.0828123,-0.149805,0.0344828,0.0292993
51,5,0.082779,-0.149685,0.0344828,0.0292578
51,6,0.0827805,-0.149667,0.0344828,0.0292528
51,7,0.0828211,-0.149772,0.0344828,0.0292911
51,8,0.0827884,-0.149706,0.0344828,0.0292659
51,9,0.0827667,-0.149693,0.0344828,0.0292584
51,10,0.082781,-0.149671,0.0344828,0.0292541
51,11,0.0828029,-0.149745,0.0344828,0.0292798
51,12,0.0828482,-0.149598,0.0344828,0.0292434
51,13,0.0827622,-0.149699,0.0344828,0.0292594
51,14,0.0826895,-0.150214,0.0344828,0.0294017
51,15,0.0827981,-0.149738,0.0344828,0.0292769
51,16,0.0866389,-0.165256,0.0344815,0.0348159
51,17,0.0827163,-0.151115,0.0344827,0.0296776
51,18,0.0827027,-0.149714,0.0344828,0.0292541
51,19,0.0827786,-0.14969,0.0344828,0.0292595
51,20,0.0827512,-0.149749,0.0344828,0.0292724
51,21,0.0827882,-0.149644,0.0344828,0.0292471
51,22,0.0827841,-0.149678,0.0344828,0.0292566
51,23,0.082801,-0.149849,0.0344828,0.0293109
51,24,0.0827775,-0.149728,0.0344828,0.0292705
51,25,0.082759,-0.14971,0.0344828,0.029262
51,26,0.0827752,-0.149661,0.0344828,0.0292501
51,27,9.7965,7.06685,0,145.912
51,28,0.0827936,-0.149766,0.0344828,0.0292848
51,29,0.0827796,-0.149667,0.0344828,0.0292528
52,0,0.0827778,-0.149671,0.0344828,0.0292536
52,1,0.0827789,-0.14968,0.0344828,0.0292565
52,2,0.082777,-0.149673,0.0344828,0.029254
52,3,0.0827807,-0.149676,0.0344828,0.0292556
52,4,0.0828052,-0.149794,0.0344828,0.0292948
52,5,0.0827764,-0.149672,0.0344828,0.0292537
52,6,0.0827794,-0.149669,0.0344828,0.0292532
52,7,0.0828155,-0.149739,0.0344828,0.0292801
52,8,0.0827873,-0.149694,0.0344828,0.0292621
52,9,0.0827621,-0.149685,0.0344828,0.029255
52,10,0.0827796,-0.149672,0.0344828,0.0292543
52,11,0.0827978,-0.149716,0.0344828,0.0292702
52,12,0.0828413,-0.149603,0.0344828,0.0292438
52,13,0.0827635,-0.149685,0.0344828,0.0292554
52,14,0.0826929,-0.150197,0.0344828,0.0293972
52,15,0.0827955,-0.149727,0.0344828,0.0292733
52,16,0.0866303,-0.165248,0.0344815,0.0348117
52,17,0.0827186,-0.151065,0.0344827,0.0296631
52,18,0.0827084,-0.149706,0.0344828,0.0292526
52,19,0.0827806,-0.149679,0.0344828,0.0292564
52,20,0.0827578,-0.149717,0.0344828,0.0292641
52,21,0.0827865,-0.149597,0.0344828,0.029233
52,22,0.082781,-0.149659,0.0344828,0.0292507
52,23,0.0827967,-0.149836,0.0344828,0.0293061
52,24,0.0827763,-0.149712,0.0344828,0.0292655
52,25,0.0827612,-0.149697,0.0344828,0.0292585
52,26,0.0827824,-0.149668,0.0344828,0.0292536
52,27,9.7965,7.06685,0,145.912
52,28,0.0827907,-0.149753,0.0344828,0.0292802
52,29,0.0827785,-0.149673,0.0344828,0.0292543
53,0,0.0827784,-0.149666,0.0344828,0.0292521
53,1,0.0827777,-0.149673,0.0344828,0.0292542
53,2,0.0827731,-0.149667,0.0344828,0.0292515
53,3,0.0827801,-0.149672,0.0344828,0.0292541
53,4,0.0828017,-0.149784,0.0344828,0.0292914
53,5,0.0827778,-0.149659,0.0344828,0.02925
53,6,0.0827777,-0.149671,0.0344828,0.0292535
53,7,0.0828095,-0.149733,0.0344828,0.0292773
53,8,0.0827861,-0.149679,0.0344828,0.0292575
53,9,0.0827666,-0.149674,0.0344828,0.0292526
53,10,0.0827781,-0.14967,0.0344828,0.0292533
53,11,0.0827941,-0.149706,0.0344828,0.0292667
53,12,0.0828378,-0.14961,0.0344828,0.0292454
53,13,0.0827688,-0.149677,0.0344828,0.0292539
53,14,0.082697,-0.150191,0.0344828,0.029396
53,15,0.0827925,-0.149718,0.0344828,0.0292701
53,16,0.0866225,-0.165243,0.0344815,0.0348085
53,17,0.0827211,-0.151026,0.0344827,0.0296517
53,18,0.0827139,-0.149697,0.0344828,0.0292509
53,19,0.0827799,-0.149665,0.0344828,0.0292522
53,20,0.0827604,-0.149694,0.0344828,0.0292577
53,21,0.0827857,-0.149572,0.0344828,0.0292251
53,22,0.0827784,-0.14966,0.0344828,0.0292504
53,23,0.0827946,-0.149818,0.0344828,0.0293005
53,24,0.0827754,-0.1497,0.0344828,0.0292617
53,25,0.0827649,-0.149687,0.0344828,0.0292561
53,26,0.082781,-0.14967,0.0344828,0.0292537
53,27,9.7965,7.06685,0,145.912
53,28,0.0827897,-0.149741,0.0344828,0.0292766
53,29,0.0827768,-0.149671,0.0344828,0.0292535
54,0,0.082778,-0.149664,0.0344828,0.0292516
54,1,0.0827769,-0.149668,0.0344828,0.0292526
54,2,0.0827728,-0.149659,0.0344828,0.0292491
54,3,0.0827789,-0.149666,0.0344828,0.0292522
54,4,0.0827989,-0.149778,0.0344828,0.0292891
54,5,0.0827788,-0.149657,0.0344828,0.0292495
54,6,0.0827764,-0.149669,0.0344828,0.0292527
54,7,0.0828065,-0.149724,0.0344828,0.0292741
54,8,0.0827837,-0.149662,0.0344828,0.0292518
54,9,0.0827699,-0.149664,0.0344828,0.0292502
54,10,0.0827766,-0.149666,0.0344828,0.0292519
54,11,0.0827906,-0.149702,0.0344828,0.0292651
54,12,0.0828321,-0.149613,0.0344828,0.0292451
54,13,0.0827729,-0.149666,0.0344828,0.0292514
54,14,0.0826987,-0.150183,0.0344828,0.0293941
54,15,0.082792,-0.149711,0.0344828,0.0292679
54,16,0.0866169,-0.165235,0.0344815,0.0348052
54,17,0.0827227,-0.150989,0.0344827,0.0296408
54,18,0.0827208,-0.149688,0.0344828,0.0292493
54,19,0.0827773,-0.149656,0.0344828,0.029249
54,20,0.0827625,-0.149681,0.0344828,0.029254
54,21,0.0827851,-0.149567,0.0344828,0.0292236
54,22,0.0827761,-0.149662,0.0344828,0.0292505
54,23,0.0827921,-0.149812,0.0344828,0.0292981
54,24,0.0827744,-0.149693,0.0344828,0.0292595
54,25,0.0827701,-0.149676,0.0344828,0.0292537
54,26,0.0827783,-0.149667,0.0344828,0.0292524
54,27,9.7965,7.06685,0,145.912
54,28,0.0827882,-0.149733,0.0344828,0.029274
54,29,0.082776,-0.149667,0.0344828,0.0292521
55,0,0.0827766,-0.149661,0.0344828,0.0292503
55,1,0.0827763,-0.149665,0.0344828,0.0292514
55,2,0.0827733,-0.149656,0.0344828,0.0292483
55,3,0.0827767,-0.149663,0.0344828,0.0292509
55,4,0.0827981,-0.149774,0.0344828,0.0292878
55,5,0.082778,-0.149655,0.0344828,0.0292489
55,6,0.0827754,-0.149665,0.0344828,0.0292515
55,7,0.0828043,-0.149715,0.0344828,0.029271
55,8,0.0827803,-0.149645,0.0344828,0.0292463
55,9,0.0827743,-0.149658,0.0344828,0.0292491
55,10,0.082774,-0.149662,0.0344828,0.0292504
55,11,0.0827885,-0.149696,0.0344828,0.0292627
55,12,0.0828293,-0.149616,0.0344828,0.0292456
55,13,0.0827779,-0.149662,0.0344828,0.0292509
55,14,0.0826995,-0.150173,0.0344828,0.029391
55,15,0.0827904,-0.149701,0.0344828,0.0292648
55,16,0.0866144,-0.165232,0.0344815,0.0348035
55,17,0.0827234,-0.150977,0.0344827,0.0296374
55,18,0.0827282,-0.149684,0.0344828,0.0292491
55,19,0.0827753,-0.149648,0.0344828,0.0292462
55,20,0.0827641,-0.149678,0.0344828,0.0292533
55,21,0.0827844,-0.149569,0.0344828,0.0292241
55,22,0.0827757,-0.149662,0.0344828,0.0292506
55,23,0.0827909,-0.149803,0.0344828,0.0292952
55,24,0.0827733,-0.149686,0.0344828,0.0292572
55,25,0.0827756,-0.149671,0.0344828,0.0292534
55,26,0.0827761,-0.149663,0.0344828,0.029251
55,27,9.7965,7.06685,0,145.912
55,28,0.0827873,-0.149722,0.0344828,0.0292705
55,29,0.0827741,-0.149663,0.0344828,0.0292506
56,0,0.0827758,-0.149657,0.0344828,0.0292491
56,1,0.0827757,-0.149661,0.0344828,0.0292503
56,2,0.0827748,-0.149654,0.0344828,0.0292481
56,3,0.0827758,-0.149658,0.0344828,0.0292495
56,4,0.082797,-0.149771,0.0344828,0.0292866
56,5,0.0827767,-0.149655,0.0344828,0.0292485
56,6,0.0827751,-0.149661,0.0344828,0.0292502
56,7,0.0828011,-0.149704,0.0344828,0.0292673
56,8,0.0827772,-0.149643,0.0344828,0.0292451
56,9,0.0827773,-0.149656,0.0344828,0.0292491
56,10,0.0827739,-0.14966,0.0344828,0.0292497
56,11,0.0827864,-0.14969,0.0344828,0.0292608
56,12,0.0828266,-0.149619,0.0344828,0.0292461
56,13,0.0827797,-0.149658,0.0344828,0.0292501
56,14,0.0827002,-0.150163,0.0344828,0.0293882
56,15,0.0827887,-0.149698,0.0344828,0.0292635
56,16,0.0866129,-0.165225,0.0344815,0.034801
56,17,0.0827241,-0.150964,0.0344827,0.0296334
56,18,0.0827358,-0.149682,0.0344828,0.0292501
56,19,0.0827753,-0.149642,0.0344828,0.0292444
56,20,0.0827649,-0.149673,0.0344828,0.0292519
56,21,0.0827845,-0.149571,0.0344828,0.0292248
56,22,0.0827756,-0.149661,0.0344828,0.0292501
56,23,0.0827907,-0.149791,0.0344828,0.0292917
56,24,0.0827734,-0.149676,0.0344828,0.0292544
56,25,0.0827778,-0.149668,0.0344828,0.0292527
56,26,0.0827744,-0.149661,0.0344828,0.0292501
56,27,9.7965,7.06685,0,145.912
56,28,0.0827862,-0.149715,0.0344828,0.0292681
56,29,0.0827732,-0.149658,0.0344828,0.029249
57,0,0.0827756,-0.149656,0.0344828,0.0292487
57,1,0.0827761,-0.149657,0.0344828,0.0292491
57,2,0.0827765,-0.149652,0.0344828,0.0292477
57,3,0.0827753,-0.149655,0.0344828,0.0292484
57,4,0.0827958,-0.149766,0.0344828,0.0292851
57,5,0.0827762,-0.149654,0.0344828,0.0292481
57,6,0.0827752,-0.149659,0.0344828,0.0292495
57,7,0.0827999,-0.149693,0.0344828,0.0292638
57,8,0.0827747,-0.149642,0.0344828,0.0292445
57,9,0.0827782,-0.149655,0.0344828,0.0292488
57,10,0.0827741,-0.149657,0.0344828,0.0292488
57,11,0.0827842,-0.149684,0.0344828,0.0292585
57,12,0.0828233,-0.149622,0.0344828,0.0292464
57,13,0.0827796,-0.149656,0.0344828,0.0292494
57,14,0.0827008,-0.150152,0.0344828,0.029385
57,15,0.0827867,-0.149696,0.0344828,0.0292625
57,16,0.0866117,-0.165219,0.0344815,0.0347989
57,17,0.0827245,-0.150958,0.0344827,0.0296317
57,18,0.0827444,-0.14968,0.0344828,0.0292509
57,19,0.0827757,-0.149638,0.0344828,0.0292434
57,20,0.082766,-0.149668,0.0344828,0.0292506
57,21,0.0827843,-0.149573,0.0344828,0.0292255
57,22,0.0827753,-0.149658,0.0344828,0.0292493
57,23,0.0827905,-0.149782,0.0344828,0.029289
57,24,0.0827736,-0.149669,0.0344828,0.0292523
57,25,0.0827798,-0.149663,0.0344828,0.0292515
57,26,0.0827742,-0.149658,0.0344828,0.0292492
57,27,9.7965,7.06685,0,145.912
57,28,0.0827851,-0.14971,0.0344828,0.0292666
57,29,0.0827742,-0.149654,0.0344828,0.029248
58,0,0.0827754,-0.149654,0.0344828,0.0292481
58,1,0.0827762,-0.149654,0.0344828,0.0292483
58,2,0.0827775,-0.149652,0.0344828,0.0292477
58,3,0.0827752,-0.149652,0.0344828,0.0292473
58,4,0.082795,-0.149764,0.0344828,0.0292842
58,5,0.0827757,-0.149653,0.0344828,0.0292477
58,6,0.0827757,-0.149655,0.0344828,0.0292484
58,7,0.0827988,-0.149689,0.0344828,0.0292625
58,8,0.0827737,-0.149642,0.0344828,0.0292443
58,9,0.0827783,-0.149652,0.0344828,0.0292481
58,10,0.0827745,-0.149653,0.0344828,0.0292478
58,11,0.082784,-0.149681,0.0344828,0.0292575
58,12,0.0828214,-0.149625,0.0344828,0.029247
58,13,0.0827789,-0.149654,0.0344828,0.0292486
58,14,0.0827014,-0.150144,0.0344828,0.0293827
58,15,0.0827861,-0.149694,0.0344828,0.0292619
58,16,0.0866108,-0.165216,0.0344815,0.0347977
58,17,0.0827247,-0.150952,0.0344827,0.0296298
58,18,0.0827511,-0.149678,0.0344828,0.0292513
58,19,0.0827759,-0.149637,0.0344828,0.0292431
58,20,0.0827673,-0.149666,0.0344828,0.0292503
58,21,0.0827842,-0.149576,0.0344828,0.0292261
58,22,0.0827754,-0.149655,0.0344828,0.0292485
58,23,0.0827904,-0.149779,0.0344828,0.0292881
58,24,0.0827738,-0.149666,0.0344828,0.0292515
58,25,0.0827804,-0.149659,0.0344828,0.0292506
58,26,0.0827745,-0.149656,0.0344828,0.0292485
58,27,9.7965,7.06685,0,145.912
58,28,0.0827847,-0.149708,0.0344828,0.0292657
58,29,0.0827753,-0.149652,0.0344828,0.0292475
59,0,0.0827755,-0.149652,0.0344828,0.0292474
59,1,0.0827762,-0.149652,0.0344828,0.0292477
59,2,0.0827775,-0.149651,0.0344828,0.0292475
59,3,0.0827753,-0.149649,0.0344828,0.0292466
59,4,0.0827946,-0.149763,0.0344828,0.0292838
59,5,0.0827755,-0.149651,0.0344828,0.0292472
59,6,0.0827761,-0.149651,0.0344828,0.0292473
59,7,0.0827981,-0.149687,0.0344828,0.0292617
59,8,0.0827731,-0.149643,0.0344828,0.0292443
59,9,0.082778,-0.14965,0.0344828,0.0292474
59,10,0.0827749,-0.14965,0.0344828,0.0292469
59,11,0.0827839,-0.149678,0.0344828,0.0292566
59,12,0.0828206,-0.149627,0.0344828,0.0292475
59,13,0.0827779,-0.149653,0.0344828,0.0292481
59,14,0.082702,-0.150136,0.0344828,0.0293804
59,15,0.0827853,-0.149693,0.0344828,0.0292614
59,16,0.0866103,-0.165212,0.0344815,0.0347964
59,17,0.0827249,-0.150948,0.0344827,0.0296286
59,18,0.0827573,-0.149677,0.0344828,0.029252
59,19,0.0827761,-0.149636,0.0344828,0.0292429
59,20,0.0827685,-0.149663,0.0344828,0.0292495
59,21,0.0827842,-0.149578,0.0344828,0.0292267
59,22,0.0827756,-0.149653,0.0344828,0.0292479
59,23,0.0827903,-0.149777,0.0344828,0.0292874
59,24,0.082774,-0.149664,0.0344828,0.0292508
59,25,0.0827808,-0.149656,0.0344828,0.0292497
59,26,0.082775,-0.149654,0.0344828,0.0292481
59,27,9.7965,7.06685,0,145.912
59,28,0.0827842,-0.149705,0.0344828,0.0292649
59,29,0.0827758,-0.149649,0.0344828,0.0292467
60,0,0.0827755,-0.149649,0.0344828,0.0292465
60,1,0.082776,-0.14965,0.0344828,0.029247
60,2,0.082777,-0.14965,0.0344828,0.029247
60,3,0.0827755,-0.149647,0.0344828,0.0292461
60,4,0.0827942,-0.149761,0.0344828,0.0292834
60,5,0.0827755,-0.149649,0.0344828,0.0292466
60,6,0.0827758,-0.149649,0.0344828,0.0292467
60,7,0.0827975,-0.149685,0.0344828,0.0292612
60,8,0.082773,-0.149643,0.0344828,0.0292445
60,9,0.0827773,-0.14965,0.0344828,0.0292472
60,10,0.0827754,-0.149648,0.0344828,0.0292462
60,11,0.0827836,-0.149676,0.0344828,0.029256
60,12,0.0828194,-0.149629,0.0344828,0.029248
60,13,0.0827768,-0.149651,0.0344828,0.0292474
60,14,0.0827021,-0.150132,0.0344828,0.0293791
60,15,0.0827852,-0.149692,0.0344828,0.0292609
60,16,0.0866098,-0.165209,0.0344815,0.0347954
60,17,0.082725,-0.150947,0.0344827,0.0296283
60,18,0.0827599,-0.149676,0.0344828,0.029252
60,19,0.0827763,-0.149637,0.0344828,0.0292431
60,20,0.0827699,-0.149658,0.0344828,0.0292485
60,21,0.0827841,-0.14958,0.0344828,0.0292272
60,22,0.0827757,-0.149651,0.0344828,0.0292472
60,23,0.0827902,-0.149775,0.0344828,0.0292867
60,24,0.0827743,-0.149661,0.0344828,0.02925
60,25,0.0827807,-0.149653,0.0344828,0.0292486
60,26,0.0827753,-0.149652,0.0344828,0.0292475
60,27,9.7965,7.06685,0,145.912
60,28,0.082784,-0.149703,0.0344828,0.0292643
60,29,0.0827761,-0.149647,0.0344828,0.0292461
61,0,0.0827754,-0.149648,0.0344828,0.0292462
61,1,0.0827759,-0.149648,0.0344828,0.0292464
61,2,0.0827768,-0.149649,0.0344828,0.0292467
61,3,0.0827756,-0.149647,0.0344828,0.0292459
61,4,0.082794,-0.14976,0.0344828,0.0292829
61,5,0.0827755,-0.149647,0.0344828,0.029246
61,6,0.0827757,-0.149648,0.0344828,0.0292464
61,7,0.0827972,-0.149684,0.0344828,0.0292607
61,8,0.0827732,-0.149644,0.0344828,0.0292446
61,9,0.0827765,-0.149649,0.0344828,0.0292467
61,10,0.0827758,-0.149646,0.0344828,0.0292458
61,11,0.0827833,-0.149675,0.0344828,0.0292557
61,12,0.0828184,-0.14963,0.0344828,0.0292479
61,13,0.0827765,-0.14965,0.0344828,0.0292471
61,14,0.0827023,-0.150127,0.0344828,0.0293779
61,15,0.0827849,-0.14969,0.0344828,0.0292605
61,16,0.0866095,-0.165207,0.0344815,0.0347947
61,17,0.0827251,-0.150946,0.0344827,0.0296282
61,18,0.0827602,-0.149675,0.0344828,0.0292517
61,19,0.0827762,-0.149637,0.0344828,0.0292432
61,20,0.0827705,-0.149657,0.0344828,0.0292481
61,21,0.082784,-0.149582,0.0344828,0.0292278
61,22,0.0827758,-0.149649,0.0344828,0.0292466
61,23,0.0827901,-0.149773,0.0344828,0.0292861
61,24,0.0827745,-0.14966,0.0344828,0.0292497
61,25,0.0827803,-0.149652,0.0344828,0.0292483
61,26,0.0827754,-0.14965,0.0344828,0.029247
61,27,9.7965,7.06685,0,145.912
61,28,0.0827839,-0.149702,0.0344828,0.0292639
61,29,0.0827761,-0.149645,0.0344828,0.0292454
62,0,0.0827754,-0.149647,0.0344828,0.029246
62,1,0.0827758,-0.149647,0.0344828,0.0292461
62,2,0.0827764,-0.149648,0.0344828,0.0292464
62,3,0.0827757,-0.149646,0.0344828,0.0292458
62,4,0.0827939,-0.149758,0.0344828,0.0292824
62,5,0.0827755,-0.149646,0.0344828,0.0292458
62,6,0.0827756,-0.149647,0.0344828,0.029246
62,7,0.082797,-0.149683,0.0344828,0.0292603
62,8,0.0827734,-0.149644,0.0344828,0.0292448
62,9,0.0827757,-0.149648,0.0344828,0.0292462
62,10,0.0827758,-0.149645,0.0344828,0.0292455
62,11,0.0827832,-0.149674,0.0344828,0.0292555
62,12,0.0828178,-0.14963,0.0344828,0.0292479
62,13,0.0827765,-0.149649,0.0344828,0.0292469
62,14,0.0827024,-0.150125,0.0344828,0.0293771
62,15,0.0827847,-0.149689,0.0344828,0.0292602
62,16,0.0866094,-0.165207,0.0344815,0.0347945
62,17,0.0827251,-0.150946,0.0344827,0.029628
62,18,0.0827605,-0.149674,0.0344828,0.0292516
62,19,0.0827762,-0.149638,0.0344828,0.0292434
62,20,0.0827712,-0.149655,0.0344828,0.0292478
62,21,0.0827839,-0.149583,0.0344828,0.0292281
62,22,0.0827758,-0.149648,0.0344828,0.0292465
62,23,0.08279,-0.149772,0.0344828,0.0292858
62,24,0.0827745,-0.149659,0.0344828,0.0292495
62,25,0.0827801,-0.149651,0.0344828,0.0292481
62,26,0.0827755,-0.149649,0.0344828,0.0292465
62,27,9.7965,7.06685,0,145.912
62,28,0.0827838,-0.149701,0.0344828,0.0292636
62,29,0.0827759,-0.149643,0.0344828,0.0292447
63,0,0.0827755,-0.149646,0.0344828,0.0292457
63,1,0.0827756,-0.149646,0.0344828,0.0292459
63,2,0.0827762,-0.149647,0.0344828,0.0292461
63,3,0.0827757,-0.149646,0.0344828,0.0292457
63,4,0.0827938,-0.149757,0.0344828,0.0292818
63,5,0.0827755,-0.149646,0.0344828,0.0292456
63,6,0.0827755,-0.149646,0.0344828,0.0292458
63,7,0.0827966,-0.149681,0.0344828,0.0292598
63,8,0.0827736,-0.149644,0.0344828,0.0292448
63,9,0.0827754,-0.149647,0.0344828,0.029246
63,10,0.0827757,-0.149645,0.0344828,0.0292453
63,11,0.0827831,-0.149674,0.0344828,0.0292553
63,12,0.082817,-0.14963,0.0344828,0.0292478
63,13,0.0827764,-0.149649,0.0344828,0.0292468
63,14,0.0827025,-0.150122,0.0344828,0.0293764
63,15,0.0827845,-0.149688,0.0344828,0.0292598
63,16,0.0866092,-0.165206,0.0344815,0.0347943
63,17,0.0827251,-0.150945,0.0344827,0.0296279
63,18,0.0827607,-0.149673,0.0344828,0.0292514
63,19,0.0827762,-0.149638,0.0344828,0.0292435
63,20,0.0827717,-0.149654,0.0344828,0.0292475
63,21,0.0827838,-0.149584,0.0344828,0.0292285
63,22,0.0827758,-0.149648,0.0344828,0.0292463
63,23,0.0827899,-0.149771,0.0344828,0.0292854
63,24,0.0827746,-0.149658,0.0344828,0.0292493
63,25,0.0827799,-0.149651,0.0344828,0.0292478
63,26,0.0827755,-0.149647,0.0344828,0.029246
63,27,9.7965,7.06685,0,145.912
63,28,0.0827838,-0.1497,0.0344828,0.0292634
63,29,0.0827757,-0.149642,0.0344828,0.0292446
64,0,0.0827755,-0.149645,0.0344828,0.0292453
64,1,0.0827755,-0.149646,0.0344828,0.0292456
64,2,0.0827761,-0.149647,0.0344828,0.029246
64,3,0.0827757,-0.149645,0.0344828,0.0292456
64,4,0.0827936,-0.149756,0.0344828,0.0292816
64,5,0.0827756,-0.149645,0.0344828,0.0292454
64,6,0.0827754,-0.149646,0.0344828,0.0292457
64,7,0.0827963,-0.149681,0.0344828,0.0292596
64,8,0.0827738,-0.149644,0.0344828,0.0292448
64,9,0.0827753,-0.149647,0.0344828,0.0292459
64,10,0.0827756,-0.149644,0.0344828,0.0292453
64,11,0.082783,-0.149674,0.0344828,0.0292552
64,12,0.0828161,-0.14963,0.0344828,0.0292476
64,13,0.0827763,-0.149649,0.0344828,0.0292467
64,14,0.0827026,-0.150122,0.0344828,0.0293763
64,15,0.0827843,-0.149687,0.0344828,0.0292595
64,16,0.0866092,-0.165206,0.0344815,0.0347942
64,17,0.0827251,-0.150945,0.0344827,0.0296278
64,18,0.082761,-0.149673,0.0344828,0.0292513
64,19,0.0827762,-0.149639,0.0344828,0.0292436
64,20,0.0827721,-0.149653,0.0344828,0.0292473
64,21,0.0827838,-0.149585,0.0344828,0.0292289
64,22,0.0827757,-0.149648,0.0344828,0.0292462
64,23,0.0827899,-0.149769,0.0344828,0.029285
64,24,0.0827746,-0.149658,0.0344828,0.0292492
64,25,0.0827796,-0.14965,0.0344828,0.0292477
64,26,0.0827755,-0.149645,0.0344828,0.0292455
64,27,9.7965,7.06685,0,145.912
64,28,0.0827837,-0.1497,0.0344828,0.0292632
64,29,0.0827756,-0.149642,0.0344828,0.0292446
65,0,0.0827755,-0.149644,0.0344828,0.0292451
65,1,0.0827754,-0.149645,0.0344828,0.0292455
65,2,0.0827761,-0.149647,0.0344828,0.029246
65,3,0.0827757,-0.149645,0.0344828,0.0292454
65,4,0.0827935,-0.149756,0.0344828,0.0292815
65,5,0.0827756,-0.149645,0.0344828,0.0292453
65,6,0.0827753,-0.149646,0.0344828,0.0292456
65,7,0.0827961,-0.149681,0.0344828,0.0292595
65,8,0.0827739,-0.149644,0.0344828,0.0292448
65,9,0.0827753,-0.149646,0.0344828,0.0292458
65,10,0.0827756,-0.149644,0.0344828,0.0292453
65,11,0.082783,-0.149673,0.0344828,0.0292551
65,12,0.0828159,-0.14963,0.0344828,0.0292476
65,13,0.0827762,-0.149648,0.0344828,0.0292465
65,14,0.0827026,-0.150121,0.0344828,0.0293761
65,15,0.0827842,-0.149687,0.0344828,0.0292594
65,16,0.0866091,-0.165205,0.0344815,0.034794
65,17,0.0827252,-0.150945,0.0344827,0.0296277
65,18,0.0827611,-0.149672,0.0344828,0.0292512
65,19,0.0827762,-0.149639,0.0344828,0.0292436
65,20,0.0827724,-0.149652,0.0344828,0.0292471
65,21,0.0827837,-0.149586,0.0344828,0.0292292
65,22,0.0827757,-0.149647,0.0344828,0.0292462
65,23,0.0827898,-0.149769,0.0344828,0.0292848
65,24,0.0827746,-0.149658,0.0344828,0.0292491
65,25,0.0827793,-0.14965,0.0344828,0.0292476
65,26,0.0827755,-0.149644,0.0344828,0.029245
65,27,9.7965,7.06685,0,145.912
65,28,0.0827837,-0.149699,0.0344828,0.029263
65,29,0.0827755,-0.149642,0.0344828,0.0292446
66,0,0.0827755,-0.149643,0.0344828,0.0292449
66,1,0.0827754,-0.149645,0.0344828,0.0292455
66,2,0.082776,-0.149646,0.0344828,0.0292459
66,3,0.0827756,-0.149644,0.0344828,0.0292452
66,4,0.0827934,-0.149755,0.0344828,0.0292814
66,5,0.0827755,-0.149644,0.0344828,0.0292452
66,6,0.0827753,-0.149645,0.0344828,0.0292455
66,7,0.082796,-0.14968,0.0344828,0.0292594
66,8,0.0827741,-0.149644,0.0344828,0.0292448
66,9,0.0827753,-0.149646,0.0344828,0.0292457
66,10,0.0827756,-0.149644,0.0344828,0.0292452
66,11,0.0827829,-0.149673,0.0344828,0.0292551
66,12,0.0828157,-0.14963,0.0344828,0.0292476
66,13,0.0827762,-0.149648,0.0344828,0.0292464
66,14,0.0827027,-0.150121,0.0344828,0.029376
66,15,0.0827842,-0.149687,0.0344828,0.0292593
66,16,0.0866091,-0.165205,0.0344815,0.0347939
66,17,0.0827252,-0.150944,0.0344827,0.0296277
66,18,0.0827612,-0.149672,0.0344828,0.0292511
66,19,0.0827761,-0.149639,0.0344828,0.0292437
66,20,0.0827727,-0.149652,0.0344828,0.029247
66,21,0.0827837,-0.149587,0.0344828,0.0292293
66,22,0.0827757,-0.149647,0.0344828,0.029246
66,23,0.0827898,-0.149768,0.0344828,0.0292846
66,24,0.0827746,-0.149658,0.0344828,0.029249
66,25,0.0827789,-0.14965,0.0344828,0.0292474
66,26,0.0827755,-0.149644,0.0344828,0.029245
66,27,9.7965,7.06685,0,145.912
66,28,0.0827837,-0.149699,0.0344828,0.0292628
66,29,0.0827754,-0.149642,0.0344828,0.0292446
67,0,0.0827755,-0.149643,0.0344828,0.0292448
67,1,0.0827754,-0.149645,0.0344828,0.0292454
67,2,0.082776,-0.149646,0.0344828,0.0292458
67,3,0.0827756,-0.149644,0.0344828,0.0292452
67,4,0.0827932,-0.149755,0.0344828,0.0292813
67,5,0.0827755,-0.149644,0.0344828,0.0292451
67,6,0.0827752,-0.149645,0.0344828,0.0292453
67,7,0.0827959,-0.14968,0.0344828,0.0292593
67,8,0.0827742,-0.149644,0.0344828,0.0292448
67,9,0.0827752,-0.149646,0.0344828,0.0292456
67,10,0.0827756,-0.149644,0.0344828,0.0292452
67,11,0.0827829,-0.149673,0.0344828,0.029255
67,12,0.0828156,-0.14963,0.0344828,0.0292476
67,13,0.0827762,-0.149648,0.0344828,0.0292464
67,14,0.0827027,-0.15012,0.0344828,0.0293758
67,15,0.0827842,-0.149686,0.0344828,0.0292593
67,16,0.086609,-0.165205,0.0344815,0.0347938
67,17,0.0827252,-0.150944,0.0344827,0.0296276
67,18,0.0827613,-0.149672,0.0344828,0.029251
67,19,0.0827761,-0.149639,0.0344828,0.0292437
67,20,0.0827728,-0.149652,0.0344828,0.0292469
67,21,0.0827837,-0.149587,0.0344828,0.0292294
67,22,0.0827757,-0.149646,0.0344828,0.0292459
67,23,0.0827898,-0.149768,0.0344828,0.0292846
67,24,0.0827746,-0.149657,0.0344828,0.0292489
67,25,0.0827787,-0.14965,0.0344828,0.0292473
67,26,0.0827754,-0.149644,0.0344828,0.029245
67,27,9.7965,7.06685,0,145.912
67,28,0.0827837,-0.149698,0.0344828,0.0292627
67,29,0.0827754,-0.149642,0.0344828,0.0292446
68,0,0.0827754,-0.149642,0.0344828,0.0292446
68,1,0.0827754,-0.149645,0.0344828,0.0292454
68,2,0.082776,-0.149646,0.0344828,0.0292458
68,3,0.0827755,-0.149644,0.0344828,0.0292451
68,4,0.0827931,-0.149755,0.0344828,0.0292812
68,5,0.0827755,-0.149644,0.0344828,0.0292451
68,6,0.0827752,-0.149644,0.0344828,0.0292452
68,7,0.0827959,-0.14968,0.0344828,0.0292593
68,8,0.0827744,-0.149644,0.0344828,0.0292448
68,9,0.0827752,-0.149646,0.0344828,0.0292456
68,10,0.0827755,-0.149644,0.0344828,0.0292451
68,11,0.0827828,-0.149673,0.0344828,0.0292549
68,12,0.0828154,-0.14963,0.0344828,0.0292475
68,13,0.0827762,-0.149648,0.0344828,0.0292463
68,14,0.0827027,-0.15012,0.0344828,0.0293757
68,15,0.0827841,-0.149686,0.0344828,0.0292592
68,16,0.086609,-0.165205,0.0344815,0.0347937
68,17,0.0827252,-0.150944,0.0344827,0.0296276
68,18,0.0827613,-0.149671,0.0344828,0.0292509
68,19,0.0827761,-0.149639,0.0344828,0.0292437
68,20,0.0827729,-0.149651,0.0344828,0.0292469
68,21,0.0827836,-0.149587,0.0344828,0.0292294
68,22,0.0827757,-0.149646,0.0344828,0.0292458
68,23,0.0827897,-0.149768,0.0344828,0.0292846
68,24,0.0827746,-0.149657,0.0344828,0.0292489
68,25,0.0827786,-0.149649,0.0344828,0.0292472
68,26,0.0827754,-0.149643,0.0344828,0.0292449
68,27,9.7965,7.06685,0,145.912
68,28,0.0827836,-0.149698,0.0344828,0.0292626
68,29,0.0827753,-0.149643,0.0344828,0.0292446
69,0,0.0827754,-0.149642,0.0344828,0.0292445
69,1,0.0827754,-0.149645,0.0344828,0.0292454
69,2,0.082776,-0.149646,0.0344828,0.0292457
69,3,0.0827755,-0.149644,0.0344828,0.029245
69,4,0.0827929,-0.149755,0.0344828,0.0292811
69,5,0.0827755,-0.149644,0.0344828,0.0292451
69,6,0.0827752,-0.149644,0.0344828,0.0292451
69,7,0.0827958,-0.14968,0.0344828,0.0292592
69,8,0.0827745,-0.149643,0.0344828,0.0292448
69,9,0.0827752,-0.149646,0.0344828,0.0292455
69,10,0.0827755,-0.149644,0.0344828,0.0292451
69,11,0.0827828,-0.149673,0.0344828,0.0292549
69,12,0.0828152,-0.14963,0.0344828,0.0292475
69,13,0.0827762,-0.149647,0.0344828,0.0292463
69,14,0.0827027,-0.15012,0.0344828,0.0293757
69,15,0.0827841,-0.149686,0.0344828,0.0292591
69,16,0.086609,-0.165205,0.0344815,0.0347937
69,17,0.0827252,-0.150944,0.0344827,0.0296275
69,18,0.0827614,-0.149671,0.0344828,0.0292509
69,19,0.0827761,-0.149639,0.0344828,0.0292437
69,20,0.082773,-0.149651,0.0344828,0.0292468
69,21,0.0827836,-0.149587,0.0344828,0.0292295
69,22,0.0827757,-0.149646,0.0344828,0.0292457
69,23,0.0827897,-0.149768,0.0344828,0.0292845
69,24,0.0827746,-0.149657,0.0344828,0.0292489
69,25,0.0827785,-0.149649,0.0344828,0.0292472
69,26,0.0827754,-0.149643,0.0344828,0.0292449
69,27,9.7965,7.06685,0,145.912
69,28,0.0827836,-0.149697,0.0344828,0.0292625
69,29,0.0827753,-0.149643,0.0344828,0.0292446
70,0,0.0827754,-0.149642,0.0344828,0.0292445
70,1,0.0827754,-0.149645,0.0344828,0.0292454
70,2,0.082776,-0.149646,0.0344828,0.0292457
70,3,0.0827755,-0.149643,0.0344828,0.0292449
70,4,0.0827929,-0.149755,0.0344828,0.0292811
70,5,0.0827755,-0.149644,0.0344828,0.0292451
70,6,0.0827752,-0.149644,0.0344828,0.0292451
70,7,0.0827958,-0.14968,0.0344828,0.0292592
70,8,0.0827745,-0.149643,0.0344828,0.0292448
70,9,0.0827752,-0.149645,0.0344828,0.0292455
70,10,0.0827755,-0.149644,0.0344828,0.0292451
70,11,0.0827828,-0.149673,0.0344828,0.0292549
70,12,0.0828152,-0.14963,0.0344828,0.0292475
70,13,0.0827762,-0.149647,0.0344828,0.0292462
70,14,0.0827028,-0.15012,0.0344828,0.0293757
70,15,0.0827841,-0.149686,0.0344828,0.029259
70,16,0.086609,-0.165204,0.0344815,0.0347936
70,17,0.0827252,-0.150944,0.0344827,0.0296275
70,18,0.0827614,-0.149671,0.0344828,0.0292509
70,19,0.0827761,-0.149639,0.0344828,0.0292437
70,20,0.082773,-0.149651,0.0344828,0.0292468
70,21,0.0827836,-0.149587,0.0344828,0.0292295
70,22,0.0827757,-0.149646,0.0344828,0.0292456
70,23,0.0827897,-0.149768,0.0344828,0.0292845
70,24,0.0827747,-0.149657,0.0344828,0.0292489
70,25,0.0827785,-0.149649,0.0344828,0.0292472
70,26,0.0827754,-0.149643,0.0344828,0.0292449
70,27,9.7965,7.06685,0,145.912
70,28,0.0827836,-0.149697,0.0344828,0.0292624
70,29,0.0827754,-0.149642,0.0344828,0.0292446
71,0,0.0827754,-0.149642,0.0344828,0.0292445
71,1,0.0827754,-0.149645,0.0344828,0.0292454
71,2,0.082776,-0.149646,0.0344828,0.0292457
71,3,0.0827755,-0.149643,0.0344828,0.0292449
71,4,0.0827928,-0.149755,0.0344828,0.0292811
71,5,0.0827755,-0.149644,0.0344828,0.0292451
71,6,0.0827752,-0.149644,0.0344828,0.0292451
71,7,0.0827958,-0.14968,0.0344828,0.0292592
71,8,0.0827745,-0.149643,0.0344828,0.0292448
71,9,0.0827752,-0.149645,0.0344828,0.0292454
71,10,0.0827755,-0.149644,0.0344828,0.029245
71,11,0.0827828,-0.149672,0.0344828,0.0292548
71,12,0.0828151,-0.14963,0.0344828,0.0292475
71,13,0.0827762,-0.149647,0.0344828,0.0292462
71,14,0.0827028,-0.15012,0.0344828,0.0293757
71,15,0.0827841,-0.149686,0.0344828,0.029259
71,16,0.0866089,-0.165204,0.0344815,0.0347935
71,17,0.0827252,-0.150944,0.0344827,0.0296275
71,18,0.0827614,-0.149671,0.0344828,0.0292509
71,19,0.0827761,-0.149639,0.0344828,0.0292437
71,20,0.0827731,-0.149651,0.0344828,0.0292468
71,21,0.0827836,-0.149588,0.0344828,0.0292296
71,22,0.0827757,-0.149645,0.0344828,0.0292455
71,23,0.0827897,-0.149768,0.0344828,0.0292845
71,24,0.0827747,-0.149657,0.0344828,0.0292488
71,25,0.0827784,-0.149649,0.0344828,0.0292472
71,26,0.0827754,-0.149643,0.0344828,0.0292449
71,27,9.7965,7.06685,0,145.912
71,28,0.0827836,-0.149697,0.0344828,0.0292623
71,29,0.0827754,-0.149642,0.0344828,0.0292446
72,0,0.0827754,-0.149642,0.0344828,0.0292444
72,1,0.0827754,-0.149645,0.0344828,0.0292454
72,2,0.082776,-0.149646,0.0344828,0.0292457
72,3,0.0827755,-0.149643,0.0344828,0.0292449
72,4,0.0827928,-0.149755,0.0344828,0.0292811
72,5,0.0827755,-0.149644,0.0344828,0.0292451
72,6,0.0827752,-0.149644,0.0344828,0.029245
72,7,0.0827957,-0.14968,0.0344828,0.0292591
72,8,0.0827745,-0.149643,0.0344828,0.0292448
72,9,0.0827752,-0.149645,0.0344828,0.0292454
72,10,0.0827755,-0.149644,0.0344828,0.029245
72,11,0.0827828,-0.149672,0.0344828,0.0292548
72,12,0.0828151,-0.14963,0.0344828,0.0292475
72,13,0.0827762,-0.149647,0.0344828,0.0292462
72,14,0.0827028,-0.15012,0.0344828,0.0293757
72,15,0.0827841,-0.149686,0.0344828,0.029259
72,16,0.0866089,-0.165204,0.0344815,0.0347935
72,17,0.0827252,-0.150944,0.0344827,0.0296275
72,18,0.0827614,-0.149671,0.0344828,0.0292509
72,19,0.0827761,-0.149639,0.0344828,0.0292437
72,20,0.0827731,-0.149651,0.0344828,0.0292468
72,21,0.0827836,-0.149588,0.0344828,0.0292296
72,22,0.0827757,-0.149645,0.0344828,0.0292455
72,23,0.0827897,-0.149768,0.0344828,0.0292845
72,24,0.0827747,-0.149657,0.0344828,0.0292488
72,25,0.0827784,-0.149649,0.0344828,0.0292472
72,26,0.0827754,-0.149643,0.0344828,0.0292449
72,27,9.7965,7.06685,0,145.912
72,28,0.0827836,-0.149697,0.0344828,0.0292623
72,29,0.0827754,-0.149642,0.0344828,0.0292446
73,0,0.0827754,-0.149642,0.0344828,0.0292444
73,1,0.0827754,-0.149645,0.0344828,0.0292453
73,2,0.082776,-0.149646,0.0344828,0.0292456
73,3,0.0827755,-0.149643,0.0344828,0.0292448
73,4,0.0827928,-0.149755,0.0344828,0.0292811
73,5,0.0827755,-0.149644,0.0344828,0.029245
73,6,0.0827752,-0.149644,0.0344828,0.029245
73,7,0.0827957,-0.14968,0.0344828,0.0292591
73,8,0.0827745,-0.149643,0.0344828,0.0292447
73,9,0.0827752,-0.149645,0.0344828,0.0292454
73,10,0.0827755,-0.149644,0.0344828,0.029245
73,11,0.0827828,-0.149672,0.0344828,0.0292548
73,12,0.0828151,-0.14963,0.0344828,0.0292475
73,13,0.0827762,-0.149647,0.0344828,0.0292462
73,14,0.0827028,-0.15012,0.0344828,0.0293756
73,15,0.0827841,-0.149685,0.0344828,0.0292589
73,16,0.0866089,-0.165204,0.0344815,0.0347935
73,17,0.0827252,-0.150944,0.0344827,0.0296275
73,18,0.0827614,-0.149671,0.0344828,0.0292509
73,19,0.0827761,-0.149639,0.0344828,0.0292437
73,20,0.0827731,-0.149651,0.0344828,0.0292468
73,21,0.0827836,-0.149588,0.0344828,0.0292296
73,22,0.0827757,-0.149645,0.0344828,0.0292455
73,23,0.0827897,-0.149768,0.0344828,0.0292845
73,24,0.0827747,-0.149657,0.0344828,0.0292488
73,25,0.0827784,-0.149649,0.0344828,0.0292471
73,26,0.0827754,-0.149643,0.0344828,0.0292449
73,27,9.7965,7.06685,0,145.912
73,28,0.0827836,-0.149697,0.0344828,0.0292623
73,29,0.0827754,-0.149642,0.0344828,0.0292446
74,0,0.0827754,-0.149642,0.0344828,0.0292444
74,1,0.0827754,-0.149645,0.0344828,0.0292453
74,2,0.082776,-0.149645,0.0344828,0.0292456
74,3,0.0827755,-0.149643,0.0344828,0.0292448
74,4,0.0827928,-0.149755,0.0344828,0.0292811
74,5,0.0827755,-0.149644,0.0344828,0.029245
74,6,0.0827752,-0.149644,0.0344828,0.029245
74,7,0.0827957,-0.14968,0.0344828,0.0292591
74,8,0.0827745,-0.149643,0.0344828,0.0292447
74,9,0.0827752,-0.149645,0.0344828,0.0292453
74,10,0.0827755,-0.149644,0.0344828,0.029245
74,11,0.0827828,-0.149672,0.0344828,0.0292548
74,12,0.0828151,-0.14963,0.0344828,0.0292475
74,13,0.0827762,-0.149647,0.0344828,0.0292462
74,14,0.0827028,-0.150119,0.0344828,0.0293756
74,15,0.0827841,-0.149685,0.0344828,0.0292589
74,16,0.0866089,-0.165204,0.0344815,0.0347935
74,17,0.0827252,-0.150944,0.0344827,0.0296275
74,18,0.0827615,-0.149671,0.0344828,0.0292509
74,19,0.0827761,-0.149639,0.0344828,0.0292437
74,20,0.0827731,-0.149651,0.0344828,0.0292468
74,21,0.0827836,-0.149588,0.0344828,0.0292296
74,22,0.0827757,-0.149645,0.0344828,0.0292455
74,23,0.0827897,-0.149768,0.0344828,0.0292845
74,24,0.0827747,-0.149657,0.0344828,0.0292488
74,25,0.0827784,-0.149649,0.0344828,0.0292471
74,26,0.0827754,-0.149643,0.0344828,0.0292449
74,27,9.7965,7.06685,0,145.912
74,28,0.0827836,-0.149697,0.0344828,0.0292623
74,29,0.0827754,-0.149642,0.0344828,0.0292446
75,0,0.0827754,-0.149642,0.0344828,0.0292444
75,1,0.0827754,-0.149645,0.0344828,0.0292453
75,2,0.082776,-0.149645,0.0344828,0.0292456
75,3,0.0827755,-0.149643,0.0344828,0.0292448
75,4,0.0827928,-0.149755,0.0344828,0.0292811
75,5,0.0827755,-0.149644,0.0344828,0.029245
75,6,0.0827752,-0.149644,0.0344828,0.029245
75,7,0.0827957,-0.14968,0.0344828,0.0292591
75,8,0.0827746,-0.149643,0.0344828,0.0292447
75,9,0.0827752,-0.149645,0.0344828,0.0292453
75,10,0.0827755,-0.149644,0.0344828,0.029245
75,11,0.0827828,-0.149672,0.0344828,0.0292548
75,12,0.0828151,-0.14963,0.0344828,0.0292475
75,13,0.0827762,-0.149647,0.0344828,0.0292462
75,14,0.0827028,-0.150119,0.0344828,0.0293756
75,15,0.0827841,-0.149685,0.0344828,0.0292589
75,16,0.0866089,-0.165204,0.0344815,0.0347935
75,17,0.0827252,-0.150944,0.0344827,0.0296275
75,18,0.0827615,-0.149671,0.0344828,0.0292508
75,19,0.0827761,-0.149639,0.0344828,0.0292437
75,20,0.0827731,-0.149651,0.0344828,0.0292468
75,21,0.0827836,-0.149588,0.0344828,0.0292296
75,22,0.0827757,-0.149645,0.0344828,0.0292454
75,23,0.0827897,-0.149768,0.0344828,0.0292845
75,24,0.0827747,-0.149657,0.0344828,0.0292488
75,25,0.0827783,-0.149649,0.0344828,0.0292471
75,26,0.0827754,-0.149643,0.0344828,0.0292449
75,27,9.7965,7.06685,0,145.912
75,28,0.0827836,-0.149697,0.0344828,0.0292623
75,29,0.0827754,-0.149642,0.0344828,0.0292446
76,0,0.0827754,-0.149642,0.0344828,0.0292444
76,1,0.0827754,-0.149645,0.0344828,0.0292453
76,2,0.082776,-0.149645,0.0344828,0.0292456
76,3,0.0827755,-0.149643,0.0344828,0.0292448
76,4,0.0827928,-0.149754,0.0344828,0.0292811
76,5,0.0827755,-0.149644,0.0344828,0.029245
76,6,0.0827752,-0.149644,0.0344828,0.029245
76,7,0.0827957,-0.14968,0.0344828,0.0292591
76,8,0.0827746,-0.149643,0.0344828,0.0292447
76,9,0.0827752,-0.149645,0.0344828,0.0292453
76,10,0.0827755,-0.149644,0.0344828,0.029245
76,11,0.0827828,-0.149672,0.0344828,0.0292548
76,12,0.0828151,-0.14963,0.0344828,0.0292475
76,13,0.0827762,-0.149647,0.0344828,0.0292462
76,14,0.0827028,-0.150119,0.0344828,0.0293756
76,15,0.0827841,-0.149685,0.0344828,0.0292589
76,16,0.0866089,-0.165204,0.0344815,0.0347935
76,17,0.0827252,-0.150944,0.0344827,0.0296275
76,18,0.0827615,-0.149671,0.0344828,0.0292508
76,19,0.0827761,-0.149639,0.0344828,0.0292437
76,20,0.0827731,-0.149651,0.0344828,0.0292468
76,21,0.0827836,-0.149588,0.0344828,0.0292296
76,22,0.0827757,-0.149645,0.0344828,0.0292454
76,23,0.0827897,-0.149768,0.0344828,0.0292845
76,24,0.0827747,-0.149657,0.0344828,0.0292488
76,25,0.0827783,-0.149649,0.0344828,0.0292471
76,26,0.0827754,-0.149643,0.0344828,0.0292449
76,27,9.7965,7.06685,0,145.912
76,28,0.0827836,-0.149697,0.0344828,0.0292622
76,29,0.0827754,-0.149642,0.0344828,0.0292446
77,0,0.0827754,-0.149642,0.0344828,0.0292444
77,1,0.0827754,-0.149645,0.0344828,0.0292453
77,2,0.082776,-0.149645,0.0344828,0.0292456
77,3,0.0827755,-0.149643,0.0344828,0.0292448
77,4,0.0827928,-0.149754,0.0344828,0.029281
77,5,0.0827755,-0.149644,0.0344828,0.029245
77,6,0.0827752,-0.149644,0.0344828,0.029245
77,7,0.0827957,-0.14968,0.0344828,0.0292591
77,8,0.0827746,-0.149643,0.0344828,0.0292447
77,9,0.0827752,-0.149645,0.0344828,0.0292453
77,10,0.0827755,-0.149644,0.0344828,0.029245
77,11,0.0827828,-0.149672,0.0344828,0.0292548
77,12,0.0828151,-0.14963,0.0344828,0.0292475
77,13,0.0827762,-0.149647,0.0344828,0.0292462
77,14,0.0827028,-0.150119,0.0344828,0.0293756
77,15,0.0827841,-0.149685,0.0344828,0.0292589
77,16,0.0866089,-0.165204,0.0344815,0.0347935
77,17,0.0827252,-0.150944,0.0344827,0.0296275
77,18,0.0827615,-0.149671,0.0344828,0.0292508
77,19,0.0827761,-0.149639,0.0344828,0.0292437
77,20,0.0827731,-0.149651,0.0344828,0.0292468
77,21,0.0827836,-0.149588,0.0344828,0.0292296
77,22,0.0827757,-0.149645,0.0344828,0.0292454
77,23,0.0827897,-0.149768,0.0344828,0.0292845
77,24,0.0827747,-0.149657,0.0344828,0.0292487
77,25,0.0827783,-0.149649,0.0344828,0.0292471
77,26,0.0827754,-0.149643,0.0344828,0.0292449
77,27,9.7965,7.06685,0,145.912
77,28,0.0827836,-0.149697,0.0344828,0.0292622
77,29,0.0827754,-0.149642,0.0344828,0.0292446
78,0,0.0827754,-0.149642,0.0344828,0.0292444
78,1,0.0827754,-0.149645,0.0344828,0.0292453
78,2,0.082776,-0.149645,0.0344828,0.0292456
78,3,0.0827755,-0.149643,0.0344828,0.0292448
78,4,0.0827928,-0.149754,0.0344828,0.029281
78,5,0.0827755,-0.149644,0.0344828,0.029245
78,6,0.0827752,-0.149644,0.0344828,0.029245
78,7,0.0827957,-0.14968,0.0344828,0.0292591
78,8,0.0827746,-0.149643,0.0344828,0.0292447
78,9,0.0827752,-0.149645,0.0344828,0.0292453
78,10,0.0827755,-0.149644,0.0344828,0.029245
78,11,0.0827828,-0.149672,0.0344828,0.0292548
78,12,0.0828151,-0.14963,0.0344828,0.0292475
78,13,0.0827762,-0.149647,0.0344828,0.0292462
78,14,0.0827028,-0.150119,0.0344828,0.0293756
78,15,0.0827841,-0.149685,0.0344828,0.0292589
78,16,0.0866089,-0.165204,0.0344815,0.0347935
78,17,0.0827252,-0.150944,0.0344827,0.0296275
78,18,0.0827615,-0.149671,0.0344828,0.0292508
78,19,0.0827761,-0.149639,0.0344828,0.0292437
78,20,0.0827731,-0.149651,0.0344828,0.0292468
78,21,0.0827836,-0.149588,0.0344828,0.0292296
78,22,0.0827757,-0.149645,0.0344828,0.0292454
78,23,0.0827897,-0.149768,0.0344828,0.0292845
78,24,0.0827747,-0.149657,0.0344828,0.0292487
78,25,0.0827783,-0.149649,0.0344828,0.0292471
78,26,0.0827754,-0.149643,0.0344828,0.0292448
78,27,9.7965,7.06685,0,145.912
78,28,0.0827836,-0.149697,0.0344828,0.0292622
78,29,0.0827754,-0.149642,0.0344828,0.0292446
79,0,0.0827754,-0.149642,0.0344828,0.0292444
79,1,0.0827754,-0.149645,0.0344828,0.0292453
79,2,0.082776,-0.149645,0.0344828,0.0292456
79,3,0.0827755,-0.149643,0.0344828,0.0292448
79,4,0.0827928,-0.149754,0.0344828,0.029281
79,5,0.0827755,-0.149644,0.0344828,0.029245
79,6,0.0827752,-0.149644,0.0344828,0.029245
79,7,0.0827957,-0.14968,0.0344828,0.0292591
79,8,0.0827746,-0.149643,0.0344828,0.0292447
79,9,0.0827752,-0.149645,0.0344828,0.0292453
79,10,0.0827755,-0.149644,0.0344828,0.029245
79,11,0.0827828,-0.149672,0.0344828,0.0292548
79,12,0.0828151,-0.14963,0.0344828,0.0292475
79,13,0.0827762,-0.149647,0.0344828,0.0292462
79,14,0.0827028,-0.150119,0.0344828,0.0293756
79,15,0.0827841,-0.149685,0.0344828,0.0292589
79,16,0.0866089,-0.165204,0.0344815,0.0347935
79,17,0.0827252,-0.150944,0.0344827,0.0296275
79,18,0.0827615,-0.149671,0.0344828,0.0292508
79,19,0.0827761,-0.149639,0.0344828,0.0292437
79,20,0.0827731,-0.149651,0.0344828,0.0292467
79,21,0.0827836,-0.149588,0.0344828,0.0292296
79,22,0.0827757,-0.149645,0.0344828,0.0292454
79,23,0.0827897,-0.149768,0.0344828,0.0292845
79,24,0.0827747,-0.149657,0.0344828,0.0292487
79,25,0.0827783,-0.149649,0.0344828,0.0292471
79,26,0.0827754,-0.149643,0.0344828,0.0292448
79,27,9.7965,7.06685,0,145.912
79,28,0.0827836,-0.149697,0.0344828,0.0292622
79,29,0.0827754,-0.149642,0.0344828,0.0292446
80,0,0.0827754,-0.149642,0.0344828,0.0292444
80,1,0.0827754,-0.149645,0.0344828,0.0292453
80,2,0.082776,-0.149645,0.0344828,0.0292456
80,3,0.0827755,-0.149643,0.0344828,0.0292448
80,4,0.0827928,-0.149754,0.0344828,0.029281
80,5,0.0827755,-0.149644,0.0344828,0.029245
80,6,0.0827752,-0.149644,0.0344828,0.029245
80,7,0.0827957,-0.14968,0.0344828,0.0292591
80,8,0.0827746,-0.149643,0.0344828,0.0292447
80,9,0.0827752,-0.149645,0.0344828,0.0292453
80,10,0.0827756,-0.149644,0.0344828,0.029245
80,11,0.0827828,-0.149672,0.0344828,0.0292548
80,12,0.0828151,-0.14963,0.0344828,0.0292475
80,13,0.0827762,-0.149647,0.0344828,0.0292462
80,14,0.0827028,-0.150119,0.0344828,0.0293756
80,15,0.0827841,-0.149685,0.0344828,0.0292589
80,16,0.0866089,-0.165204,0.0344815,0.0347935
80,17,0.0827252,-0.150944,0.0344827,0.0296275
80,18,0.0827615,-0.149671,0.0344828,0.0292508
80,19,0.0827761,-0.149639,0.0344828,0.0292437
80,20,0.0827731,-0.149651,0.0344828,0.0292467
80,21,0.0827836,-0.149588,0.0344828,0.0292296
80,22,0.0827757,-0.149645,0.0344828,0.0292454
80,23,0.0827897,-0.149768,0.0344828,0.0292845
80,24,0.0827747,-0.149657,0.0344828,0.0292487
80,25,0.0827783,-0.149649,0.0344828,0.0292471
80,26,0.0827754,-0.149643,0.0344828,0.0292448
80,27,9.7965,7.06685,0,145.912
80,28,0.0827836,-0.149697,0.0344828,0.0292622
80,29,0.0827754,-0.149642,0.0344828,0.0292446
