best_so_far,best_iter,worst_iter,mean_fitness,median_fitness,stddev_fitness
0.23518731490323624,0.23518731490323624,2248.257920458958,529.1483336813841,300.17741893504785,570.0871605891319
0.23518731490323624,1.9692186187654344,2236.9388594799716,468.2331993503305,252.11292081096286,545.2085818670804
0.15445574712395124,0.15445574712395124,411.6310580199894,90.36954201251882,35.0437990087906,119.00375708330441
0.15445574712395124,2.154754865193417,2129.0604115884557,458.8876076081132,281.4259349109629,521.9642681483257
0.15445574712395124,0.7336529001971404,550.3890514750863,113.19979653057376,41.85704898100175,149.36014111987075
0.15445574712395124,1.9581341780247543,1966.6619069658666,459.8383706798296,283.55898916574233,491.33431624776523
0.15445574712395124,1.8547841182995026,1264.8449250184792,182.38384155099706,77.9866106284955,294.5720722566098
0.15445574712395124,1.2418155398525086,1919.0990635755186,447.14567611310764,283.7424001875727,483.25410660857335
0.15445574712395124,0.300654323117548,1526.1829858359424,214.92917963277887,71.57943972430161,368.8794105563845
0.15445574712395124,0.5468502164454366,2309.789626308934,348.71833254289487,119.61247793496523,489.0066738871815
0.15445574712395124,0.7410960011609797,420.02581033627166,122.1631640370304,70.41066020756739,129.49675797023033
0.15445574712395124,0.41695972387885166,3162.24270459694,397.4868642127142,158.2614041516324,566.608859740142
0.15445574712395124,0.899404373566987,1414.1921284941088,133.8666016398685,33.69674064799501,237.29945160636143
0.15445574712395124,1.2222876816473605,1916.8840394336128,543.3237698220275,295.1279001244766,613.0637784212305
0.15445574712395124,0.37077368247516634,1348.5310105551357,141.77221937708345,36.58154252497643,257.77672995715204
0.15445574712395124,0.5060851818308147,2756.6499481093556,403.00094009818474,197.14835115593175,569.0191656870502
0.15445574712395124,1.3516409802528369,1255.4160178325894,202.92411364227533,77.00072386430892,281.2861310123556
0.15445574712395124,3.040623795087654,1908.4758822684191,334.45022436437057,131.7563236578468,476.80490762450165
0.15445574712395124,3.664594329112582,1292.4443506119558,154.10370498534186,91.57376984001269,226.29687457666466
0.15445574712395124,0.33378492120763503,1139.7001253330197,224.87037457538386,109.37495642167679,244.0702712119956
0.15445574712395124,0.36742189477124243,1243.90205949529,151.5454835524772,84.63076310522965,213.59196568882473
0.15445574712395124,0.83691895679231,1937.0104211447726,235.37357897914816,134.61235158096463,344.7171742041555
0.15445574712395124,0.21202911161242877,1208.4404798192545,215.9639544781112,112.94566308122353,312.70734088463894
0.15445574712395124,0.32505615747534466,1839.096306759103,298.9951050452846,96.12832626406416,423.78588538127843
0.15445574712395124,0.9578106420483654,1265.1352905538574,113.8637101720625,43.086458989658354,214.96145731201162
0.15445574712395124,0.5568451514582089,1908.9895083266806,306.02378625112414,154.8904331973801,409.8504960213104
0.15445574712395124,0.5057382413529599,919.0389655042854,127.07302514296522,53.01212139636978,183.6790881751585
0.060501738477876606,0.060501738477876606,2021.335485625461,397.9365765730487,219.32330296387624,509.91376599434653
0.060501738477876606,1.1872489461021607,1705.795662602017,152.87108168701528,53.25898794004187,303.398676352699
0.060501738477876606,0.25824943611977846,1790.4512681775725,339.71330256858494,172.75136072101515,422.4221939355052
0.060501738477876606,0.472339155369681,996.8301273937526,156.5058428476964,31.701660262090293,238.3150603034335
0.060501738477876606,0.31958765319908533,3008.5057091334256,422.2497302616116,112.55999738401732,679.0500174748755
0.060501738477876606,0.7049420335163852,1352.150514105121,123.39872753111031,46.07454424458193,214.75409908803962
0.060501738477876606,5.001173617688613,1991.9227552838802,439.1865454489686,151.3851677356061,587.8532715698698
0.060501738477876606,0.16658117333218753,1126.8661761468768,90.16477249279431,21.99230637529808,198.12872639200916
0.060501738477876606,1.5179046060654524,1843.7857790567814,286.7000422920519,124.09781395116833,442.92117468815394
0.060501738477876606,0.3826283353034474,424.8647529296077,97.19484844730627,59.73653377259661,113.70879501761296
0.060501738477876606,0.17925927728655128,1709.575355134923,285.8594600179206,124.40031186834483,394.3393134424306
0.060501738477876606,0.24696249886572205,1559.8862652059802,165.5700753343751,51.87180622084952,286.14064071412326
0.060501738477876606,0.18851258265140952,2400.4875930729104,397.6643688737585,174.84720325583453,508.8439375645367
0.060501738477876606,1.190430530845065,637.0918289438074,78.5445638651113,30.537555988357976,129.45948452272816
0.060501738477876606,0.8652682858786983,2260.8204340925818,347.6408260951294,79.69994456296226,542.2923196324452
0.060501738477876606,1.3526508357177,777.4971161074468,168.95914751374858,85.96741268059276,207.4779690237747
0.060501738477876606,0.38501809222349426,2246.6852056804373,264.7928598813142,86.86807433658552,467.9261890993248
0.060501738477876606,0.12389826796863775,716.7466852545829,116.97477537863261,67.76519020976744,146.51620159724234
0.060501738477876606,0.07883075039686627,2991.3572381995755,318.9939312219232,139.2574196497236,556.6963963857696
0.043934388373847694,0.043934388373847694,401.1032043969421,96.93050602335948,55.06710857316226,110.25350683796489
0.043934388373847694,1.1599045639699184,1378.639171206431,250.067167671398,193.2885862035008,279.6804447005326
0.043934388373847694,0.24788505646078288,386.5268057041621,74.84192356202176,40.93330501696454,93.2225184530234
0.043934388373847694,0.3409843885535946,2733.780012197318,528.4913218183606,242.44582367698388,683.3190778260231
0.043934388373847694,0.2829018465212482,761.6164775140653,77.16294802779542,49.199079752579436,121.41461473421525
0.043934388373847694,0.8788822262431355,2396.9406704630437,475.19357813358283,230.00148793351002,622.9082126449296
0.043934388373847694,0.8900950766717332,925.4117755103113,91.02238150375705,25.544135648206023,163.62871757216763
0.043934388373847694,1.115253402453435,2987.4481610320295,326.86927753483945,143.51601520402284,513.3989534617194
0.043934388373847694,0.07324385600192981,493.74448869308156,81.9908559623904,46.516346237836004,96.22891425420634
0.043934388373847694,0.5300687672325383,2173.7033429158764,289.4846111161532,142.30531868417356,406.04761029516123
0.043934388373847694,0.3233739982981172,371.4319970769175,67.41818240021759,29.07812588897218,95.07116413008004
0.043934388373847694,0.1541156684986391,2725.7602919608985,386.9688187303928,122.0647018160207,601.7966821367049
0.043934388373847694,0.3201105233545811,862.8688513246381,121.67323772341595,36.08394803625902,191.60926460233506
0.043934388373847694,1.5388326617027879,3231.878225978001,574.7522870153175,104.55593397021637,830.6594619690205
0.043934388373847694,0.6714423965033346,1292.0822472816876,149.15631460992097,57.387638442049564,264.07208947554994
0.043934388373847694,2.1057541645712456,1901.2802596801232,201.24138008477817,92.33497904191128,318.15684049160456
0.043934388373847694,0.49474208214987103,707.1295180432592,86.32126911620381,53.4707584430156,117.23690382490142
0.043934388373847694,0.8031041729635835,1417.4053870089922,255.19749359290424,107.5085199494737,346.51778394984046
0.043934388373847694,0.10593109259489622,607.4648063040122,88.08634523544224,31.82635599273033,127.33791279729817
0.043934388373847694,0.6500358206329802,1933.8583326504674,218.74932468688436,115.16834944365189,338.11971413706056
0.043934388373847694,1.2506675910388056,1100.8977598750341,113.65448140746908,64.80896136193691,180.09316410846432
0.043934388373847694,2.6714973928336683,3252.8447327752,441.15199792580694,221.29363217738972,649.0463749572722
0.043934388373847694,1.2812603914654968,1283.37185333275,125.50562109031667,43.57398463085005,219.27478449869687
0.043934388373847694,0.5873534963195586,3278.48103257318,385.5234024549841,147.66228702394542,619.7702193201634
0.043934388373847694,0.14312240275609123,1095.6290433205922,84.86121447287086,22.616393781143387,170.48460442282402
0.043934388373847694,0.6857092457005716,1522.169256851985,266.9546341808764,91.308501149475,386.0211908457354
0.043934388373847694,0.25829727887950155,467.6584915272227,85.78548037825384,35.31230955370042,102.74921508792129
0.043934388373847694,0.19333417450701212,1754.163274475764,271.1897909653675,131.79786722542264,343.6611858343904
0.043934388373847694,0.24193833163468467,1458.0677547357516,112.51494292621548,37.11232535001899,240.00002990705443
0.043934388373847694,0.8219178800376872,1619.6943329270011,275.1015980632683,112.6928904877667,412.448606595644
0.043934388373847694,1.517259215309024,354.69395234452384,84.06351849855064,51.823757426885024,94.43751753812413
0.043934388373847694,1.9071696438868078,1863.9691183575073,258.8721578376276,126.21110883626088,375.2694857514814
0.009191370913059629,0.009191370913059629,767.1150774928394,98.2564130368121,23.267050215286744,155.31443745828355
0.009191370913059629,1.7546998335294672,1511.6248163719072,198.46278102116383,128.63675927679157,269.2585397022327
0.009191370913059629,0.24483020808472655,966.3699046292279,145.72853097689998,93.15746340388355,182.3049931608165
0.009191370913059629,0.1651915550842505,636.0715296154518,107.14818745786417,50.85652799740038,125.06021764036646
0.009191370913059629,0.8347809737334206,1957.6630912081662,232.32891337366763,70.33872815312002,413.009916624165
0.009191370913059629,0.5169416611626508,576.0820778112122,121.94290767583745,58.867750615047996,143.55979006275606
0.009191370913059629,0.827874942335521,1732.9281819535418,159.0501999500576,44.152161156920904,285.7405788449898
0.009191370913059629,0.2846153444558973,1303.0575804203713,195.3270227600365,63.924653330484404,296.6902247334131
0.009191370913059629,0.45179485129335545,3029.5596202625497,201.39756242145103,51.89067510921655,461.46880803310677
0.009191370913059629,1.327938507278036,1468.5828271032792,184.1936637438273,35.7162242374319,311.8850069861867
0.009191370913059629,0.6583630489919376,1756.8079503805307,197.00502498666737,55.3925124103051,364.37789943046846
0.009191370913059629,0.9207199762312984,1425.114785701719,229.29146422212597,95.12133743718108,329.0739226788235
0.009191370913059629,0.8404956929642409,1279.5754572062913,169.4122569295087,67.18274574833703,290.1932267264243
0.009191370913059629,0.45597504969836194,1018.8936745275676,170.92348830472503,127.20958566144243,190.2960121014162
0.009191370913059629,0.08205898162405016,1140.8177211437458,124.98188192787882,45.29200848334671,223.00487314901514
0.009191370913059629,0.10038471440833925,1414.2570860976077,132.04007036972354,81.60425330859314,210.8438891292383
0.005376224351514884,0.005376224351514884,1496.9207343569853,146.86440241694925,69.33185699208595,260.58023152793464
0.005376224351514884,0.16182897798963408,1127.7419516360546,118.9046394060639,46.15183458161361,208.2826632917739
0.005376224351514884,1.5887115313369065,1564.6906424071817,189.66497895271482,56.943611476984046,343.4323877033103
0.005376224351514884,0.3752198070084831,1125.790934477868,145.62973761539365,46.48751189741533,226.80146406157795
0.005376224351514884,3.8679943583250758,1678.1375304062822,227.93788843825024,109.96025214183291,354.17622768971
0.005376224351514884,0.8685279271483659,1474.0163832824703,120.50129105751503,66.18044046204464,224.94277850614228
0.005376224351514884,0.6611346606252463,1840.1871350069455,195.50861925325563,51.24406085529649,339.817101869659
0.005376224351514884,1.2585035926045316,1760.6019907075267,217.66220456482122,62.82529265625411,389.9599720801206
0.005376224351514884,1.2310683167092198,1871.6674408413394,266.4612210475281,122.48700909120912,349.98495700508136
0.005376224351514884,0.7094270305849313,1187.9220227205412,121.27624222970442,50.225816882691966,231.88822030660234
0.005376224351514884,0.11019647097951132,1530.496269820673,210.3777467489606,107.42474081389588,293.3666749501275
0.005376224351514884,0.013458176587877065,1085.940193817703,100.6346340921919,33.46755019248929,178.9194802737531
0.005376224351514884,0.30753264341835534,1089.5401729040866,161.24002678512022,64.86246394685364,246.61634361655118
0.005376224351514884,0.01770709987877697,471.42269119814756,82.48713547423955,40.775523161871504,104.4528783971678
0.005376224351514884,0.16268781343109734,1529.7679165029404,117.11267860618511,35.60454446686371,230.85443835332583
0.005376224351514884,0.4236411075154692,1398.2542831792055,154.20285029636943,53.84721302472198,298.48741807780505
0.005376224351514884,0.16216041734155243,2497.908378370982,261.04799235536234,61.957948293912814,473.3344643057379
0.005376224351514884,2.370036103214747,417.1170490176007,72.6709983265553,46.40213739803808,91.46948168088753
0.005376224351514884,0.3938170813309517,1766.4085865461793,293.19225300159434,134.3770604645211,395.2806861520596
0.005376224351514884,2.1050226729303434,324.2445640603538,54.99046979170975,31.403774880942684,68.055370832133
0.005376224351514884,1.0609218991058935,2436.1386288590825,352.71566233282283,111.61192034294622,538.2527075652841
0.005376224351514884,0.2275342975451455,492.12056090997646,49.29578345338433,20.94694084710178,84.3774527028968
0.005376224351514884,1.0910330861313533,2262.5830743516917,444.49471942116935,158.65137997616094,606.078247290024
0.005376224351514884,0.10840122957586325,641.431722317638,84.16734376492366,35.24743627118101,139.22359026074918
0.005376224351514884,2.3269342571667413,3324.6527005374996,353.4005190217634,164.19438638093686,572.0432766427641
0.005376224351514884,0.3478125299823902,1634.256755999988,93.4665704544374,24.05146760899366,249.32952963540671
0.005376224351514884,0.38823094543360626,2012.8269503494835,339.5017832730735,159.30252716592776,425.9822504776615
0.005376224351514884,0.14073424373390545,391.52587585065334,50.78276120555756,19.575800966895663,85.23052589840512
0.005376224351514884,1.557960066067092,2796.1651266306467,327.15164198942404,175.422355303296,502.20404312066574
0.005376224351514884,2.378416345132643,1520.5208899122204,102.65213211664546,41.8157810632287,221.71020327545384
0.005376224351514884,2.3833296538625253,2093.186286035444,385.3769571996919,156.27456119360596,483.2388781736189
0.005376224351514884,0.008862922696289835,755.7447537921682,100.66608544918361,37.099562342014224,146.09071204668166
0.005376224351514884,2.5017686665713073,1536.862137912273,386.78643301637743,219.04366672361215,443.9244725431599
0.005376224351514884,0.11099809584577625,891.8695289959111,92.11698045612073,42.99422191256127,144.47649819491392
0.005376224351514884,0.9193802754838565,1296.8608314232927,205.3162309816693,100.32314267621518,273.7268947670749
0.005376224351514884,0.9656673162982119,590.5303965392276,85.79892593384783,38.31336441469051,120.78335871212586
0.005376224351514884,0.7711248044840713,2895.0998346320266,275.11660927035564,98.18016753938446,496.73271206740236
0.005376224351514884,0.4145338337367652,783.0896210782959,73.08978254692552,32.36177786470819,142.51363243247303
0.005376224351514884,0.5501250867821226,1448.089945338457,210.60567303596056,84.26386146280927,303.81060827004467
0.005376224351514884,0.596012327115063,1463.2095701300705,110.75902094970091,28.926594718485873,248.73307552589864
0.005376224351514884,0.0059068488156454975,1644.0908362554042,252.03065244135766,99.66667728024984,380.709044332983
0.005376224351514884,0.7169569171902395,635.5763965992526,92.98452711563283,43.22484865522827,143.2901640852875
0.005376224351514884,0.07480283402200695,1315.0982774644642,225.01990889434933,85.57005442257069,311.1898916534682
0.005376224351514884,0.1256568586230273,288.93676467082315,56.294251113777165,27.37039586150025,66.84341390895925
0.005376224351514884,0.36130624907568815,1325.267219319832,180.30402865116363,79.20496438262745,233.89812894467076
0.005376224351514884,0.3978533380609361,296.9173986850907,44.416638922458,21.037175838739213,61.204694032350375
0.005376224351514884,0.48583297528788233,1923.7465689222659,236.39398915539618,91.10405743951878,387.89528310443194
0.005376224351514884,0.5257005500171941,1104.6943037612953,82.85897860116557,23.92647451212975,174.07643567523968
0.005376224351514884,0.5141975901276614,1907.044344603951,259.3656882251464,77.19719002639312,438.50505939823444
0.005376224351514884,0.7642256274762436,834.0591306034386,90.93150120576705,29.050016872353517,162.0082911601641
0.005376224351514884,0.2907635523883546,1315.2743655438442,247.07734812602888,100.9132566074388,329.15753735032837
0.005376224351514884,0.35930136724817807,1093.6182870181235,108.11400890551283,39.03371327392858,184.13289042143137
0.005376224351514884,0.22010132818473865,1222.6079905212441,159.86834521627668,80.52144402532976,224.68159739885823
0.005376224351514884,0.11051621606826119,1393.242980616048,94.67570672412695,35.77501969866125,205.99832379351488
0.005376224351514884,0.8098992995082223,1546.478007052377,224.2283581018185,79.26531113501747,349.65578097720953
0.005376224351514884,0.6150992789678082,364.89608130949756,64.63402108124338,23.324635285421348,89.42239218644634
0.005376224351514884,0.9210178795958575,2061.8137053904784,285.9609801353301,101.35764036615208,472.84756926110884
0.005376224351514884,0.8958237890096812,285.2863501114598,50.085387448469945,16.36059702160051,71.7862516963838
0.005376224351514884,1.762003142033747,2745.4246617317817,426.1740572332323,142.62328735951655,647.634228313587
0.005376224351514884,0.2174352018281504,2498.6558705631764,115.33575522372803,20.85911351452544,360.37807018554327
0.005376224351514884,0.10070903959906452,2047.0044463364836,316.4055863207154,127.33736366868084,492.82846082387596
0.005376224351514884,0.10697260656507336,542.6276702114401,82.86894721752357,42.94014904872283,112.27438209334561
0.005376224351514884,1.0014256193865054,1667.1490270762913,185.6249339713382,46.03823530907066,318.73702690738713
0.005376224351514884,0.828207911471698,1369.364450841141,113.61992652181252,35.89708715027969,263.1921950631713
0.005376224351514884,0.4076886554515424,1944.4673023172338,257.3612064013451,98.4510764331542,391.77135844032324
0.005376224351514884,0.2554986861360672,708.3426419470294,56.46531242621356,16.543443736208918,106.02576773527943
0.005376224351514884,0.18334286648315862,2313.145966485722,234.04891394817346,72.79058354595321,436.8401310679093
0.005376224351514884,0.16045677282123585,402.2771546086013,49.60365698405283,21.837370966969694,74.92691516813285
0.005376224351514884,0.838533859314867,1152.4632005348442,273.404160404119,135.41496082871663,308.3760706620651
0.005376224351514884,0.9904582100424943,335.833290746349,55.07910227758098,20.62513607138667,82.41517218881997
0.005376224351514884,3.3852476691844124,2068.012316747301,399.5583248778205,115.50850423390963,548.946104124973
0.005376224351514884,0.41657771158024165,783.1411211958072,54.74722119517055,13.551280553948065,127.17423046096602
0.005376224351514884,0.09672656150527738,2270.5486380725106,414.6240475505362,157.79352637445254,539.3643366150911
0.005376224351514884,0.6318493150238125,2399.4472162005127,127.65243353610047,19.26709513228688,415.3867808644887
0.005376224351514884,0.42440141034454515,3078.728264641507,387.0509411435303,185.29292469055048,583.939269116522
0.005376224351514884,0.6099253673156972,679.5671316417755,91.89164577283182,56.284557433890456,126.6675189396391
0.005376224351514884,0.7897654914259082,1948.7068994848673,268.6065190374322,104.34216574009147,412.22587937676604
0.005376224351514884,0.747022054751551,397.58043001117693,77.0568074617193,56.567865452721676,78.55477182412304
0.005376224351514884,0.12312165654160524,1574.592053811133,207.4633362534134,97.3266244458458,276.84669582947896
0.005376224351514884,0.3339055087505204,827.658757934041,56.225758732817866,18.3554438595121,121.11328910237441
0.005376224351514884,1.5056814162899235,2370.243835090581,266.846927562496,119.87264554692506,413.3920857033495
0.005376224351514884,0.22680188201674806,554.4444964563469,54.62847938294696,26.73870838805275,93.94036404916058
0.005376224351514884,0.40680508593482956,2456.9413266492534,303.12345570836044,78.3566398667462,503.01864733075945
0.005376224351514884,0.15509324008064923,1445.5418794651619,83.76545625151044,24.726153465484035,206.12576836013903
0.005376224351514884,0.08477628538933811,1327.7723979084574,160.80497557320442,80.50498875380507,223.36996004870537
0.005376224351514884,0.6212320171536215,413.7677551453267,56.30776364946567,23.181885367102765,83.37411097334852
0.005376224351514884,0.1214258798822031,832.747826636293,131.51675231182915,39.63772642094853,184.06885893445352
0.005376224351514884,0.14665690025080486,419.95627967921916,51.78199809387999,19.936793538003514,87.19643191888896
0.005376224351514884,1.6099439802033357,2478.9301054338753,221.39153676123001,78.02399642587639,442.5672504395438
0.005376224351514884,0.031971686288839,470.9741505172836,69.87701569731412,35.47328696330531,92.37835898529048
0.005376224351514884,0.7228475972509021,1740.178444852079,148.61191264237493,41.87931858839323,325.5457249720821
0.005376224351514884,0.30341777293306854,401.7056324036592,63.976948407008756,31.111105516154794,89.64977390537257
0.005376224351514884,0.19371396767870402,1212.1835994083656,192.04712273705456,45.180017272000775,313.90822634182007
0.005376224351514884,1.303207474442274,358.3732239761218,48.408540665198146,27.154809734643457,60.48245131948567
0.005376224351514884,0.21251196799839056,902.5828215644926,123.97313989245998,46.576228042874874,188.9569466551595
0.005376224351514884,0.43035482438669226,391.0003976305972,51.119412813419174,35.68267709475786,65.51371925372464
0.005376224351514884,0.2677415492358548,1296.3628386939704,105.21683046413234,39.48941239988632,198.52323526316704
0.005376224351514884,0.10337345405711897,394.6535354840463,59.18018061422099,25.86029626974174,84.05667072826425
0.005376224351514884,0.00579608962983767,772.4931906338919,97.01571595837382,40.13030168539731,142.87117689598875
0.005376224351514884,0.5138122583860065,307.51917009527307,49.92731067086032,18.975590440602176,68.76920784725385
0.005376224351514884,0.4838408147187706,1179.0398096526621,119.22219895673327,43.406416052639386,210.36769541449289
0.005376224351514884,0.007019774304177332,397.7809597887313,69.93922263759089,36.455639916341156,83.51964197071158
0.005376224351514884,0.3008127394461132,620.4056472994257,98.64658234164433,41.32989452245103,133.63265388034873
0.005376224351514884,1.901413229345009,347.06797789031737,59.51883652492461,40.334431344633515,66.09211231305197
0.005376224351514884,0.546454283110539,1199.7553730984407,198.05174165843303,70.72176601902208,292.9312913219827
0.005376224351514884,0.3363853248315865,280.5796260089904,41.01015099496608,19.960202761844506,53.934454047862246
0.005376224351514884,0.20248304461994893,1174.9988120781013,162.34434495930623,59.96321137160121,227.57147610487615
0.005376224351514884,0.4083174017707432,707.8289854293886,67.56245623285558,30.25435070179303,119.80004175739938
0.005376224351514884,0.9494993988376572,2108.7420111528313,211.8117557798652,92.4960504441246,386.49975417282474
0.005376224351514884,0.46609013647478775,300.98333577772183,39.95861205565288,15.782283809452142,65.56062326353006
0.005376224351514884,0.6357425329106683,2115.3421204712654,303.5852348473488,113.04137188647627,488.9319366701175
0.005376224351514884,0.08937579599953137,1706.5441997082,75.34385213833791,12.80472466576268,250.76480321284538
0.005376224351514884,0.1282471247006225,1352.4946854565467,232.32500192099917,95.36737298778962,346.1610648068605
0.005376224351514884,0.9303894336011442,495.14542364293584,42.31305425605003,20.66479862182725,78.73220664653583
0.005376224351514884,0.17001757666687012,1657.8346354100656,222.0654481653194,72.08176800499834,336.4647845438812
0.005376224351514884,0.10199118039635578,1824.2619720369473,68.41852441820363,15.804997651664761,253.83792296735896
0.005376224351514884,0.8686196703649796,1072.7045616715693,125.15896539206605,46.4095208288187,188.78794441872697
0.005376224351514884,0.5784504023068322,250.1408827336794,34.60061336314317,14.034704674057284,48.745060184784435
0.005376224351514884,0.17476448906858405,691.0767616516424,204.22291368658577,131.96636665381237,200.76778136698277
0.005376224351514884,0.6609533571442466,404.8830753010148,49.45768498215475,19.314226466843856,78.68077334057926
0.005376224351514884,0.012380964790733912,1779.8213182896077,254.67025761032528,148.36584707632738,378.0973906550576
0.005376224351514884,0.41227714647766045,637.6532616992549,68.13507801008082,17.579589957476273,123.1400449898897
0.005376224351514884,15.749177923386888,1376.9989945028299,292.7852787699556,207.02304684887758,303.2726041512323
0.005376224351514884,0.11774418335939678,780.4127980116239,85.16751737400183,21.067823271789194,149.72307996236268
0.005376224351514884,2.0749564686788955,2426.452523865198,289.0373300685704,127.74198408327223,447.8992572348835
0.005376224351514884,0.5320699324772544,544.391739082012,61.36759597936377,10.765039736966362,118.49628828805491
0.003654297692967222,0.003654297692967222,3151.4918617896847,292.22801755170076,56.64937571449669,594.221849075966
0.003654297692967222,0.247347039288762,3109.998140918524,122.62197462506545,29.990784602332152,435.2475364139144
0.003654297692967222,0.029355944005475157,1545.192483822069,141.32357123050164,49.53926718048176,249.02792032716053
0.003654297692967222,0.1508842250403161,741.0654601960516,67.60414327838865,29.82346351557659,115.87824680790928
0.003654297692967222,1.3765376681528974,691.4427226428822,115.09766792535518,40.01330307415586,156.83321204766716
0.003654297692967222,0.5327170651386485,941.2840308434626,76.86210723250672,16.69854845619735,158.32679232591224
0.003654297692967222,1.919537124885281,676.8497678517458,120.14138182781868,45.34982060880661,162.51104504896855
0.003654297692967222,0.784426991003172,418.5511490520574,73.51474877706215,35.75819669262635,89.81407575174977
0.003654297692967222,0.25888282123731476,1176.8700301788624,98.8943079160175,48.43021290781718,210.5805085202729
0.003654297692967222,0.6529190198664778,205.79707734507443,38.401075549269606,19.122815224613213,49.593199644342484
0.003654297692967222,0.34863086051866693,1488.5179492695531,161.7952909536127,65.87928899691514,248.33874883010682
0.003654297692967222,0.13096278533404773,185.5161641523517,42.45307888072576,17.57098525080199,50.52186675584631
0.003654297692967222,1.1319441584577157,2998.6147114487335,301.9472466724316,68.57305356048488,571.9336245356958
0.003654297692967222,0.3064362292338184,387.60634930084086,47.902952433488345,20.882527121066026,81.06422994994934
0.003654297692967222,2.81320669185519,1239.0270102794086,291.96138394844434,122.71361999807208,363.72379294591826
0.003654297692967222,1.2141246883605112,1481.4740939057208,105.03893453984107,30.540544769029317,217.38744447898515
0.003654297692967222,0.20909509394512468,1406.9403835284252,155.27472528717036,49.222972909672265,300.1431270838123
0.003654297692967222,0.19122445059854395,1516.5767444662397,71.06157695345358,12.57052168988048,213.3093704613179
0.003654297692967222,0.5176468055460732,1174.653426179802,122.36379564713556,65.6990030378941,181.69476447493273
0.003654297692967222,0.47897945241779283,148.58015994903198,22.7961599470971,9.87794526138132,33.062624876612155
0.003654297692967222,0.6438816745175405,2005.9398344772278,301.7687214477071,143.94182754598643,432.0649923835621
0.003654297692967222,0.17885517677210883,949.8849987474563,51.50896281570349,13.375174410179723,142.88826887846108
0.003654297692967222,0.5297489985399381,2008.8646222278287,317.09238893345065,127.58386788272233,449.90437788575923
0.003654297692967222,0.6609045300077171,1337.5303994062297,103.92053089718092,36.84323043084926,203.44388228898313
0.003654297692967222,0.20428282555906696,1128.4149787979723,128.6761228276379,50.48037579171931,213.9250032578579
0.003654297692967222,0.39454128215071943,254.5247709940388,45.871140785642055,30.835700819517186,57.05432776939399
0.003654297692967222,0.01156783233737097,1093.4100638832638,134.15928241336653,44.336805330914245,227.3463835032279
0.003654297692967222,0.3216985504631714,420.0297234295065,46.7018546310656,10.768757703803947,83.8723071228422
0.003654297692967222,0.4538496239900238,2095.1111264429564,181.6374549474234,69.07525722034356,354.0228156675154
0.003654297692967222,0.10939800547073826,198.0258335600549,29.485009035519937,13.166812555417984,41.84413544455954
0.003654297692967222,1.8753118989291646,1330.8326320331998,255.26535077081647,144.20794881239817,316.83298530353005
0.003654297692967222,1.8114162391926205,446.7606040213879,59.464302203672325,12.102951107246477,101.88632392329707
0.003654297692967222,0.885329884594973,2240.681847793886,296.58282666422394,57.11295659536653,496.53328716021815
0.003654297692967222,0.8583637912450274,1912.9265171275229,109.66199462986854,14.227730709265426,282.4004924055509
0.003654297692967222,0.3346583873918415,1298.8609250035238,166.0647460627622,49.359207622001435,285.2097271239674
0.003654297692967222,0.09953665005063314,280.7127693625107,38.65940223974879,20.89382468943907,52.38675407685745
0.003654297692967222,0.36457718327256206,1797.012573632278,147.92038051892007,53.77321245796371,313.46620915098845
0.003654297692967222,1.1127289039005297,331.88050140327437,38.9345609541512,12.532444547876503,67.98901658489079
0.003654297692967222,1.3209360397781686,955.7051607970748,133.57761014322227,66.30292963213876,196.84021147430474
0.003654297692967222,0.13241227000884317,186.54196443632682,21.802280161764042,6.485926820094844,35.00637205171526
0.003654297692967222,1.4623080065329426,1910.6565840217534,281.2156942421577,83.21922529739555,436.9694939444087
0.003654297692967222,1.1540498110977264,584.0239732845056,52.91709199426119,14.052371444341727,97.59297933790663
0.003654297692967222,2.7074168845570883,1592.6685525247328,206.450078367479,125.91326222724157,255.64504216078222
0.003654297692967222,0.6308983711070278,1296.0975217648615,78.02554139574771,31.743974130485295,183.6870334246552
0.003654297692967222,0.8326849478121432,1764.8049646971679,196.00523802513987,104.65348394677508,282.9070516224984
0.003654297692967222,1.041666228011568,529.880099281888,83.00966682534566,33.694998758218404,117.16874140072426
0.003654297692967222,0.7159402722625758,1474.4947953059736,183.40417724021552,44.543391261617145,339.03613099157513
0.003654297692967222,0.16293703793094486,279.03364873115646,36.349720149035505,12.540794452039659,60.205168711864395
0.003654297692967222,0.6324961333365797,1533.6850885213366,150.34435133119533,33.57825064098161,267.43621198101414
0.003654297692967222,0.2305093774191876,558.0596663567517,40.20406015384321,8.654273953473364,89.1698033455885
0.003654297692967222,0.9029343756481688,1190.382598257627,124.43431044295642,40.57489940954564,214.97353473745218
0.003654297692967222,0.49261762126721464,401.1914221405337,35.39908862837717,11.820901689155175,68.1372129072365
0.003654297692967222,0.04762713972867875,1077.0033147127542,167.74035743320744,49.92506406477402,261.92067606258945
0.003654297692967222,0.34482447333097743,802.2776702915618,52.229694975283,11.445355498562515,126.59094662426341
0.003654297692967222,1.097501866621247,1197.9699185242944,152.82899884377497,38.3159525869583,266.3148999702235
0.003654297692967222,0.4637437737094693,454.4265074847555,40.30558051334928,12.734379768483175,78.32514748649642
0.003654297692967222,0.38645797662306375,1601.7805854602943,175.9582219933723,54.50477320709836,287.53015691902465
0.003654297692967222,0.25145689400677484,307.2077112651984,28.148521590333807,12.601095812305779,48.95796068107854
0.003654297692967222,0.06409123247083293,1865.8672979900132,199.57624810579694,67.92814157166781,342.99458993460945
0.003654297692967222,0.10553617968338318,456.00288232952994,32.91335942518616,10.116183601305027,71.64171892169064
0.003654297692967222,0.21575557215969335,1937.7642781928048,190.35800630597933,43.65301502666147,339.2354398588728
0.003654297692967222,0.5389911099357436,1447.1999669591112,64.85257639653966,10.844184070704475,210.41785632420965
0.003654297692967222,0.2216360203818878,1453.5191241917596,175.49683536179498,93.19941497941343,255.44297411462148
0.003654297692967222,1.0984971058469262,587.3967157365771,41.18721300824481,17.029381823404936,86.8608202259026
0.003654297692967222,2.479157418765949,1644.6108417235994,254.2012861870784,101.9314927912906,375.2755826065007
0.003654297692967222,0.7788089970666184,406.72639432314764,54.75004419135154,10.753584644665061,82.71174169612232
0.003654297692967222,0.08835846222413231,387.35062750675985,102.5218799215804,64.97223774715377,106.69160391018943
0.003654297692967222,0.33894829167870344,387.34454206601,34.168935856926616,10.271441629598481,68.15873913206238
0.003654297692967222,0.6214475885045911,1257.369969460825,124.16890260685615,48.81919129480425,212.4946274576202
0.003654297692967222,0.29233184395730555,635.2013788785921,33.873892739510104,10.44231189036385,92.16880667124245
0.003654297692967222,0.9940904401724897,1548.636888067313,111.71880020548582,26.185562262254592,251.1769252418995
0.003654297692967222,1.065888305666385,859.1921046584181,62.406990522550416,14.867553022403726,136.92279001932482
0.003654297692967222,0.6337344676286714,902.121936130686,98.33283033280962,27.80380137104707,152.19221405430568
0.003654297692967222,0.43080454579554667,305.7240789716227,34.90193797666566,9.031031083566903,57.55946243077189
0.003654297692967222,1.4592214612956256,1162.9433642332592,116.8566383274861,46.8927277180693,206.99977839838166
0.003654297692967222,0.4395649052602131,183.6515782712815,27.28826941504508,12.722873605560583,41.93407656909452
0.003654297692967222,0.6896186465736138,778.135934060244,148.1037800885719,94.88562677311779,168.19961522421906
0.003654297692967222,0.3318030271007049,374.4001341369856,36.70246194098573,11.11779946039105,65.88025902566945
0.003654297692967222,0.26901610973053447,1829.4793606819812,158.39440277712592,77.6740411065102,288.2315529344107
0.003654297692967222,0.6972123623212018,1778.6562297267599,69.55977585507883,11.172713144719268,252.6930750577504
0.003654297692967222,0.4224117769132841,1186.469837462345,134.07168876750717,52.15595243348271,206.58297929798073
0.003654297692967222,0.30896396576774676,398.42925146917355,42.767838892783004,7.933675766483593,86.93250358648471
0.003654297692967222,0.7476021498528916,1790.5528657205618,189.7065987689652,96.2439629063087,293.4226417699573
0.003654297692967222,0.17497675961936526,302.70106802754174,43.847250917663516,13.165720260754439,69.62084123838234
0.003654297692967222,0.8776362245746511,1681.710379821827,182.13970029247594,45.63587043568749,328.59622665680666
0.003654297692967222,0.348827563053597,1739.6313620856033,128.5697340707784,15.779556343980243,362.14249117823397
0.003654297692967222,0.5501363762242861,896.4177024949516,128.2084935684547,42.795509419902395,181.00216774553903
0.003654297692967222,0.5557056751089112,341.46284797982725,48.73514329657709,18.359278587238677,70.97856844421896
0.003654297692967222,0.06851174280466665,1077.6493907807119,114.30027079001916,66.60252578661317,183.13880700139757
0.003654297692967222,0.2870083227031729,1472.2328019628662,55.40836229405681,16.143864867099026,207.7509923510737
0.003654297692967222,0.04590086260552603,504.7843794377472,93.88651766787571,45.10077969915991,119.74965240005623
0.003654297692967222,0.5679589274204879,425.94143955130505,28.829762187221185,11.517710768803216,62.124072205014166
0.003654297692967222,0.21665734529297348,911.1210958827534,111.88289331409504,46.460694777963255,164.04957911082178
0.003654297692967222,0.18707045965593444,891.9687861692319,49.8757184648594,12.656371863404196,134.475885831706
0.003654297692967222,0.7137821462337272,2139.709259271652,137.07986478087804,28.317145532007004,325.52026166238784
0.003654297692967222,1.1419582948953033,1497.9646363634251,61.98568409456546,19.668006645723445,208.84961362083743
0.003654297692967222,1.0687989013119807,1475.3094757579174,96.23008636439293,22.7803316728275,238.72805645117276
0.003654297692967222,0.5727147230175482,1087.7908280921,59.3818939252772,9.169231219704935,169.61593789007787
0.003654297692967222,0.20601409162978804,388.73973154106653,56.73718082928564,24.998881523809292,76.30120826914131
0.003654297692967222,0.2880091387766327,360.9901106263916,33.89867316765733,10.339132968973036,58.10607205448154
0.003654297692967222,0.63052564670034,1150.3003017587923,51.704455304659184,19.216919949435773,162.3845053344124
0.003654297692967222,0.13302063130353375,230.62057783356667,26.75282175338573,6.6107419609054014,44.28496932577078
0.003654297692967222,0.6084069376377251,209.54145825952904,44.64895849607803,20.645650221235087,54.628068600124585
0.003654297692967222,1.4331622105470885,476.8563164461042,62.07033783822859,17.172179612547808,100.57290066823225
0.003654297692967222,1.2926701549239987,833.0675279606329,75.097756691168,23.026379130581027,130.87855640184506
0.003654297692967222,0.22249400803859615,228.28310784371035,36.44324695967096,18.23643641832264,48.88163228220996
0.003654297692967222,0.23054460056924347,224.11173447693656,47.725217690444715,35.56129914137952,51.088825022558865
0.003654297692967222,0.1930101638055227,220.550688769526,27.857531113210094,10.533878332011366,47.02901076705528
0.003654297692967222,0.3003655542609106,391.81431620939026,68.63832320212842,26.70941224207337,97.24839669020842
0.003654297692967222,0.5480642581100438,171.13848145061704,27.593264344056543,13.574747098694383,36.242114752276805
0.003654297692967222,0.41648297465248374,984.6158485033669,60.2000797547316,20.314582490057695,141.55066763448696
0.003654297692967222,0.9554609336198405,115.45795691092715,33.21643021632765,25.271709632590273,32.94068795509082
0.003654297692967222,0.5569995728431528,2305.7097515392247,128.62645687047097,21.374905029422827,351.656369622935
0.003654297692967222,0.9351370337538543,297.1118579592462,30.73453108152442,14.84325043019358,47.25379923399063
0.003654297692967222,0.577364686628816,989.1730379449939,99.95635338822495,27.74357866179019,196.18669122840242
0.003654297692967222,1.3230626913115129,313.40841835502744,38.27873267595182,12.024625738821841,60.190969292297595
0.003654297692967222,0.4893021201586395,659.5721001969666,65.68385513658353,30.406428255432807,114.08321327304981
0.003654297692967222,0.718531180001029,144.24169963932113,27.782671938031886,12.184366747054465,34.11212010229181
0.003654297692967222,1.3457063099938011,328.8813066880085,58.05627716796902,45.477287568369945,61.066046240593494
0.003654297692967222,0.3090637383803705,94.14041529675492,20.925360581594738,11.485768546663522,23.71859379962399
0.003654297692967222,0.6887111750609974,1064.7711610801014,83.68100534597434,37.241146132797454,158.11212148253168
0.003654297692967222,0.4095953339258524,1173.829598693277,41.69174293273974,8.133593178452966,163.2344260983884
0.003654297692967222,0.11185332813195184,449.0398826961086,72.34824686446244,24.80834421982015,99.47706135174136
0.003654297692967222,0.13113401493350332,157.06010631679865,28.116281536754087,16.418700468925056,33.04117455996016
0.003654297692967222,0.4507758861529588,519.6735907377355,87.88124428770878,37.04630559495604,129.68693931120436
0.003654297692967222,0.8534338127342855,91.29201579447506,20.31557246619637,13.765245226841714,21.34745664591455
0.003654297692967222,0.12960997801190216,359.2092405914611,76.72057941238057,32.57292306617183,98.72557515516381
0.003654297692967222,0.3761636600976984,327.56385516736697,44.59894548038054,14.657593353957388,70.72896862358256
0.003654297692967222,0.24906622551676344,507.32764972749266,80.32307080125572,24.45325652374904,116.22990808826553
0.003654297692967222,0.47375585892817157,382.39525379827603,27.091759065558218,11.267140887245567,59.12728006241126
0.003654297692967222,0.7473840280724123,533.8488154818209,63.39241055065505,25.879030913720875,105.44051925859733
0.003654297692967222,1.3868530852790222,171.59456949667734,28.683083732423434,12.981863446154101,37.49185929866808
0.003654297692967222,0.09267308547376027,245.33407207862427,53.13176608114269,31.300329456031157,59.87055622720226
0.003654297692967222,0.43510808641660004,551.3570505892731,25.573801018531483,6.619823967796295,78.35133159198925
0.003654297692967222,0.36568712942264947,237.4620154246426,57.02114315996975,24.79241753586756,65.71402123022172
0.003654297692967222,0.42089356948885515,113.58604659473127,22.741248817291954,9.837944000095181,26.280073392390005
0.003654297692967222,0.3864206369921392,980.9512442467949,63.655558437459575,29.603441463740104,142.8847645887046
0.003654297692967222,0.3509901464446704,84.68645270452926,21.482673293740277,13.126860916838394,21.116673235401233
0.003654297692967222,0.8531090500213113,393.19140856720713,73.05222654274765,32.469220914675404,94.42596306978147
0.003654297692967222,0.777013090039041,167.61482669095344,26.400173270206146,11.785960811987106,36.63554264065253
0.003654297692967222,0.10688241452476546,593.9929114690352,103.6752347096525,47.47313730859811,139.10406857303005
0.003654297692967222,0.5419003688905784,205.89189408518774,22.920254040787977,12.051299966499915,33.375056538836105
0.003654297692967222,0.0879136920721158,1534.4793150424573,121.87648165658368,40.49827714236757,234.24106553643327
0.003654297692967222,0.7422899094223168,299.15917716274805,19.419410071988825,6.475646578510309,43.81955584149126
0.003654297692967222,1.5309677741363346,1463.8030139319753,131.43689870848075,41.46269677203097,247.9461542846282
0.003654297692967222,0.25896257601074935,190.9698350861425,26.727781500871206,13.97801639061386,41.31857988960126
0.003654297692967222,0.4605340066666879,1558.1340493164719,164.0286081131284,74.67962398285214,264.142733363627
0.003654297692967222,0.6341379280179081,420.22394146855544,39.95414721226625,8.873426042673875,78.26312153693131
0.003654297692967222,0.28570642400630536,1101.8263608938566,129.00027346009784,46.69980683500401,200.62214883809946
0.003654297692967222,0.24213080745112306,980.0179089624874,66.27746170550515,10.113252978657162,158.67236074007036
0.003654297692967222,0.9956822551986341,1108.2047859522431,96.03529010728616,42.18628558767169,168.96996351899952
0.003654297692967222,0.4771435316437312,262.73059766987035,18.255511637915653,6.812202554365767,40.92257808654674
0.003654297692967222,1.0030170231942002,1065.1835354075624,138.8158937300936,84.24078875413954,194.66212594346442
0.003654297692967222,0.60178451218613,370.2523158547831,33.60661814070416,9.654710559112551,64.99235335214775
0.003654297692967222,2.1549444224632075,488.889881852247,111.71600991625579,68.15820892406829,117.40398168279725
0.003654297692967222,1.1831133988765647,358.39044952026677,34.205086492150755,18.19344147137044,56.270792052027495
0.003654297692967222,0.817596053281735,865.0478023997834,98.8483410051586,34.62592168710812,158.5009478072071
0.003654297692967222,0.3856584146328786,711.9266323196083,42.98343868527978,7.4134968089324484,122.31577801186332
0.003654297692967222,0.04952715491177435,412.73584089705065,78.08185498695588,31.20098620979627,104.02498022211682
0.003654297692967222,0.19977839898966313,1312.8623700508963,57.14927445083429,10.948525105275017,188.87136002365688
0.003654297692967222,0.16393318918739458,335.1312397510943,45.283539300150544,16.260963635168444,71.06315513401452
0.003654297692967222,0.20764020485405574,366.30231021377995,31.535502645126165,9.481181395715682,69.38009421818093
0.003654297692967222,0.08601369565415659,370.1441017553039,54.66444092217931,23.294067975195514,84.41923232510881
0.003654297692967222,0.5016003086405849,218.09329993216485,26.031829240790287,11.178102738162577,39.61935306450347
0.003654297692967222,0.26815905884710733,322.8888291974978,53.73835327245415,22.697885413311493,73.42393238798071
0.003654297692967222,0.828228825469871,79.24749757194633,17.686399907984562,9.966799695980367,20.08924222983293
0.003654297692967222,0.548471780438698,314.5846089335371,46.20853807668026,19.51086514554914,62.206179023129934
0.003654297692967222,0.39555467245687004,90.06868623865665,17.127462140382335,7.453362985009399,20.475279039066095
0.003654297692967222,0.18694001644904698,750.129865865716,100.10541419551505,33.44676571549127,153.84371388706938
0.003654297692967222,0.5328796757286444,324.05388144916884,36.65260470872948,6.783114907083949,67.24158938307087
0.003654297692967222,0.17058874133985596,412.6697917876497,49.42648458481309,15.666318592534623,81.1976154078563
0.003654297692967222,0.39488703196572017,140.6586632576628,24.027113560630244,11.886178640015746,32.17908135339602
0.003654297692967222,0.20904315366438672,1017.2634501231826,87.37003216158045,29.612045670699167,172.9272249336208
0.003654297692967222,0.35000572922580436,268.1976282858885,25.628994744197527,9.193463410298953,43.35681506702831
0.003654297692967222,0.32961794771751757,437.8065755937153,73.50290899570729,36.53709620685495,92.71106408533397
0.003654297692967222,0.36798493753550787,310.4489284100065,26.870130451804716,5.288944974519046,56.725527683260104
0.003654297692967222,0.5972886389837597,519.6731849033802,96.3632202745293,46.79273501585834,123.0932504246654
0.003654297692967222,0.44838189522990696,477.17604694542024,20.42166948327204,4.501801076572968,67.73191979283823
0.003654297692967222,0.5847411467264312,1480.9767395692654,112.06226912676662,20.296654987198252,260.1754319900801
0.003654297692967222,1.2855356100131563,1086.2527257588938,56.79915853769471,11.227344258232868,158.55365000859254
0.003654297692967222,0.16309954963333656,1085.3132867016616,93.43108886643573,37.82857358208538,182.0062586065203
0.003654297692967222,0.7347527218959955,733.9194233642654,34.85176869171291,10.706389570012448,107.22985736278889
0.003654297692967222,0.4184011625925922,1520.2309871563987,114.22960973017669,26.426178038383853,264.3959913219516
0.003654297692967222,0.36099328198607067,177.8600062425991,19.48625453170039,9.4095338462173,29.752101673339777
0.003654297692967222,0.9221771609595671,1649.9869879783441,87.93588212831142,26.00923849925813,236.33683821663618
0.003654297692967222,0.49943448509789157,1621.7521396016964,49.71542198236899,5.860807081078976,225.98061172272241
0.003654297692967222,0.17470622449969886,413.6196742861484,63.709169485169085,23.502188933976683,87.72718870342877
0.003654297692967222,0.4876931181720295,116.51733490718097,21.256844309088475,8.809620981514268,24.989947566342806
0.003654297692967222,0.32833306927259626,416.6016348657568,66.16338163957856,23.298107491939348,90.49042858441415
0.003654297692967222,0.9406960101311695,121.52498470164286,21.037954318208428,10.36095712335231,26.77393974475254
0.003654297692967222,0.4994245985242393,1090.2999220353108,95.69038927685328,37.647702500799554,178.09392702191593
0.003654297692967222,0.7808816573837858,1839.3200488635644,73.18859784998058,4.162196597163401,264.0921886223472
0.003654297692967222,0.6247095810087145,535.5775870516827,84.2597320851608,32.8151548547362,120.98839970120348
0.003654297692967222,0.881062457638798,1420.6188908250663,59.81680883886251,7.355071192564438,204.58523308607963
0.003654297692967222,0.13421157863872435,310.66136792622245,39.37979225056539,14.226265721721244,63.04737823841276
0.003654297692967222,0.3973833335975306,309.0831441096586,31.502827615926943,12.800840115905531,53.88085943401875
0.003654297692967222,0.08951704564287587,248.70058055289377,20.527678516507766,9.31020521087239,36.87595633640401
0.003654297692967222,0.3558959306213698,108.00639958958288,14.171444754251722,5.627479386352306,20.853245661976565
0.003654297692967222,0.8431790904620308,237.3912277310868,34.75732650609444,16.83031977361354,43.86926501643921
0.003654297692967222,0.7299167521713383,149.78618116256698,21.663047555528152,7.088157546835777,32.437288044923264
0.003654297692967222,0.20418348255735613,492.1551317259716,47.18513193242795,14.203662078031659,87.13525354571719
0.003654297692967222,0.045557109656745365,93.9163568442424,16.250433182465603,9.132915352991045,19.4672238698942
0.003654297692967222,0.6321709864654332,837.9300192084571,75.63084582412955,25.021378396446384,143.33197298060173
0.003654297692967222,0.3215282949171696,271.85304747267895,30.3392303071532,5.4727791922288525,56.69320907891081
0.003654297692967222,1.4167364143053272,640.9054664540643,84.13893465168981,57.71840397689439,105.55941246665388
0.003654297692967222,0.9493379650299414,375.513168956094,32.359367181732985,5.276243538521653,66.06965589463177
0.003654297692967222,0.7347065722173427,2273.472958316805,147.59567398712753,45.25578139961083,369.6715208408809
0.003654297692967222,0.48938770939305265,297.52715706731385,27.105519110129514,7.092934462341089,59.59158443403536
0.003654297692967222,1.6070008465779717,1332.8623658958618,165.8342653235419,78.69653546034861,241.8545468430577
0.003654297692967222,0.5349475844943306,1643.2537130893313,69.13103913124364,7.92739874633722,234.2166852258375
0.003654297692967222,0.8624933972944289,783.7992507463788,99.23399511092656,43.62554219550201,145.7042200152891
0.003654297692967222,0.5323640329118271,1439.7118437989182,72.46629883389913,18.7900440414169,206.78457282111054
0.003654297692967222,0.25330261088410894,957.5885121840328,66.98962945963657,26.83023283460456,139.96064280559764
0.003654297692967222,0.19830229275216094,396.9601370323221,27.438490632992284,9.446218752050232,62.26452668433366
0.003654297692967222,1.3950032178167175,401.6874371963352,53.8297750723194,27.35999604576164,70.34430696566926
0.003654297692967222,0.8014516136270575,143.64030071905057,14.614107176826778,4.64012778251241,29.523447253459068
0.003654297692967222,0.4242700006274869,536.9062948850894,94.86510816386564,44.82515079107981,127.67689043025827
0.003654297692967222,0.6319576109189563,1096.7287222049688,44.58494779655437,7.159966397156396,156.93137388082027
0.003654297692967222,0.014093903772246414,1199.730503981975,74.41906683845761,22.33110708276238,181.80263423759143
0.003654297692967222,0.30977971482827527,137.93271933017556,17.363284381677634,7.648231894909925,26.287141105740137
0.003654297692967222,0.27849430868786523,309.6416110186193,61.1172673587149,32.54923722480632,70.83466670236871
0.003654297692967222,0.37707570389021594,219.2441656527572,22.59984503546485,8.022538257008435,41.005373403942436
0.003654297692967222,0.7620702679468834,405.98094685886906,66.76764621951148,42.51537854898995,87.23696617154363
0.003654297692967222,0.2498322191152745,113.22517412387626,10.584070311422595,3.4761495086936023,19.74008886205884
0.003654297692967222,0.16078205269530052,390.32447176472476,57.8132126519949,17.68561829119401,85.1296244595394
0.003654297692967222,0.3524147495185634,139.2368949633994,14.603997889729976,3.726138307184344,24.658868661753516
0.003654297692967222,0.49109618538207267,516.555662140843,65.21580740473524,32.71226653595468,90.08730612587964
0.003654297692967222,1.1070590800935713,170.65447398103964,22.24258497722325,8.218661762619838,36.02004976599328
0.003654297692967222,0.9786982088288496,725.3769530720684,95.08258033800348,36.938033101348076,155.42131948387788
0.003654297692967222,0.5922948014402937,562.2549592205054,33.48778441225604,3.2906576337995888,93.6074495248022
0.003654297692967222,1.171041145605166,840.2574936154377,116.85245970772328,58.53672577455848,164.4738736359038
0.003654297692967222,0.6848184980051938,1104.6927324824198,62.003169143073386,6.4104664343928395,172.98304504931045
0.003654297692967222,0.31985333104343505,276.023608698172,59.22343683451112,24.31793800866205,68.37054179622402
0.003654297692967222,0.8019087288020222,159.4403984802026,22.711866382923745,8.095142784621679,32.49961180378377
0.003654297692967222,0.22445900660305618,278.7110046161042,29.43430817157645,10.67539902741957,50.62344375802296
0.003654297692967222,0.3143418719738973,269.6847271006019,23.41008572415084,8.483646977848666,42.454174404010146
0.003654297692967222,0.18698711454867512,398.9377985185006,51.40446653814232,27.635291385762535,75.63683108964679
0.003654297692967222,1.0505869065614006,93.05067483651744,15.010095314040809,7.178585341053079,17.90202582801966
0.003654297692967222,0.7777973148938848,178.0532409692872,40.99805868269778,18.814095744661373,48.25779543157732
0.003654297692967222,0.7319885741349339,81.45163334110482,19.714341066539692,7.716023071712647,23.199440365538308
0.003654297692967222,0.29277965999431993,267.8379687951447,42.59885833750748,20.872495474502553,59.10502298902883
0.003654297692967222,0.15582507693164435,145.30015388366684,20.316420450196976,13.213992775640612,25.235212270852127
0.003654297692967222,0.529019785010428,152.08619776013475,29.6350051791328,16.976636727945095,33.497138694731426
0.003654297692967222,0.6965801284541704,94.127650892729,16.302145762359036,12.964138794526406,16.711787228895673
0.003654297692967222,0.37950746870059515,163.26285459274501,28.199500678796795,11.488470109117753,33.91732209710859
0.003654297692967222,0.3188485919127545,70.083632439299,17.782865670944894,11.971952879049939,18.677587775679882
0.003654297692967222,0.3476362570238028,109.59721391377934,28.502464374181272,18.476821125875546,28.97528653723427
0.003654297692967222,0.6775720905049346,68.12809651247419,14.290082162803309,8.135485364555956,15.630086367929026
0.003654297692967222,0.801526716105097,116.62355677450932,27.868880643629012,12.583510969951991,31.066794656401935
0.003654297692967222,1.2901687440187886,93.51729600056726,14.35269442288331,8.433498902343493,17.10700116056146
0.003654297692967222,0.2362144600464402,134.30010107351185,21.30585425056092,8.679129135093579,29.070173850517108
0.003654297692967222,0.5070130024055586,152.71135345806974,19.919009999105082,10.308012802248285,28.387317671956993
0.003654297692967222,0.4952035881814377,142.13462984250415,21.695159400858778,11.367973005802467,27.818708663018313
0.003654297692967222,0.14193982959124327,188.25133853596338,21.97613018878722,10.173202935712016,31.54947557276973
0.003654297692967222,0.13308962042423272,98.89738066352727,15.160117394551449,6.012368588144269,20.767047403516166
0.003654297692967222,0.5092715337700868,158.0130916790259,20.14304798111584,7.565212900596462,29.86420315019798
0.003654297692967222,0.3000142248454585,113.10774807308387,22.987763289377778,17.310303527721285,24.381115431182767
0.003654297692967222,0.6626495376305945,264.7769889626845,24.017440303019917,10.113456798016792,44.65288685948849
0.003654297692967222,0.7832403886582835,81.36115555378578,17.362301189906567,10.096048255354237,20.05799611248582
0.003654297692967222,0.20121140430937673,181.22536761954967,27.48037573235186,16.005317659337404,36.296285988254226
0.003654297692967222,0.21758177814162458,123.58103194856808,15.105048024275957,6.104139910782512,22.38887714188452
0.003654297692967222,0.48898140565021986,101.2224399840031,24.223714234579166,12.271321585939134,26.298187686742725
0.003654297692967222,0.27073695215820326,77.87971626790672,14.567744145981992,10.48645787147656,14.89651587006971
0.003654297692967222,0.5361509942582025,280.0315421123924,32.12851153276032,19.39963337700626,44.22995570212927
0.003654297692967222,0.6473694056535154,80.9938887869423,8.812808467582151,3.55117618991843,14.064883522239237
0.003654297692967222,1.1421321123567334,401.6736602709468,57.3618382820634,29.87030259084986,80.26347048882042
0.003654297692967222,0.8917921815800515,293.2193439025639,20.5842958836301,5.229591529434092,46.35622049773355
0.003654297692967222,1.2499417911382524,384.8949326809537,60.10225061158336,18.906591636209402,88.03077599327136
0.003654297692967222,0.7229522878042232,174.97030197193925,14.921720221657624,3.000007371246361,30.40742309020291
0.003654297692967222,0.33113211368639217,536.8874356456759,74.4985984293137,30.402813735613588,103.6243577167881
0.003654297692967222,0.8629690659658477,1028.2262926495036,31.391825536526962,4.361726077696015,143.6449061760995
0.003654297692967222,0.4323539270648725,975.4107980645782,78.2135015130243,30.110800153964455,146.58778876354157
0.003654297692967222,0.7242312551365269,1695.4237973250065,47.81085018603192,6.090212492902716,236.79404085425162
0.003654297692967222,1.8129266608915051,1874.9819819939949,98.92857475044693,24.439532025256334,265.5476033107345
0.003654297692967222,0.6152564915657414,578.5869822996304,28.790341784062488,5.977970339626785,83.08911612712915
0.003654297692967222,1.2673396223759856,210.21946310784594,52.3016775567603,31.492027796917903,58.45662658084925
0.003654297692967222,0.3723234629756921,79.22043055520655,13.207857382215657,4.189800395087699,19.703160537274144
0.003654297692967222,0.45658593841641715,809.0780433838179,88.94613774891667,30.27029883896742,144.7798885264534
0.003654297692967222,0.3398957083336905,1295.487451584434,49.882237009583584,4.621127743840235,185.19509733013223
0.003654297692967222,0.8193097637181967,398.48240804134826,72.44327373967847,32.91596448360174,91.82777936809937
0.003654297692967222,0.7516504958903896,420.7858390038971,40.07543624968053,5.956142648339485,89.62075918445323
0.003654297692967222,0.2042148875170386,947.1457026130253,60.76348815888868,19.35622834076776,137.70735448411298
0.003654297692967222,0.780794434330473,235.9357311350605,28.571956212564125,13.77022793816143,47.80299901688276
0.003654297692967222,0.39785430549093714,205.12888260659287,39.89570732013286,25.188318108467893,46.84940921128119
0.003654297692967222,0.47246214902479816,197.29271322887809,18.38878390358393,4.8684309270357415,33.49674189192171
0.003654297692967222,0.4757494679483039,83.47182043851167,20.558485541795065,9.281796844812533,23.248241949933426
0.003654297692967222,0.2441977241625435,159.7282209129149,19.9486740130994,6.4833089697621595,33.4344137108352
0.003654297692967222,0.2324742694238107,288.3975233134932,21.165516895928384,7.648476321313666,44.81398516563698
0.003654297692967222,0.3295590270069979,380.1888881878427,30.728939453454938,14.108877947337444,58.99787595541539
0.003654297692967222,0.5046498366198786,565.8869597613945,26.323430466087054,9.657071013575221,79.39317709073717
0.003654297692967222,0.9775388692525422,292.26844307606405,24.28971542262887,8.598473436921662,46.883446426885726
0.003654297692967222,0.3690911445660029,74.18222722432377,13.836019211109141,6.219424844136263,17.415164539450316
0.003654297692967222,0.2688480595247342,132.27232933662276,19.48405053586808,7.4758745165941765,26.395584697190092
0.003654297692967222,0.47068411382846037,90.73275279027034,12.970774434674974,6.919069678920052,16.256848248721653
0.003654297692967222,1.4430072321394818,115.40832184676108,25.396849417554417,17.069088834978125,27.241531329139683
0.003654297692967222,0.7914836712039754,104.21188565657671,13.706783754050571,9.593382667022453,16.910226159865662
0.003654297692967222,0.4958023616683331,104.0090214246954,18.391429467823894,6.450503090607565,25.774100611784753
0.003654297692967222,0.6736000570170083,222.74894813055218,27.004484316592233,15.409074923711042,36.390049632635254
0.003654297692967222,0.16478492240436998,71.94965879196623,12.030054518459673,3.884636356008063,17.213291920921257
0.003654297692967222,0.5207291355336453,228.2260784046684,41.30087231700177,21.453583216292234,47.10084282761165
0.003654297692967222,0.49825357267840165,43.268525096638726,8.183058637620901,3.1597682589209546,10.327436452241544
0.003654297692967222,0.245829682550178,1011.5718744546089,69.22503235742622,19.490696030612852,157.0077156590492
0.003654297692967222,0.5452092357588542,944.3331655566006,31.951182486824088,3.9361109898407043,133.10486566435128
0.003654297692967222,0.30825882280200234,169.44175565756683,38.026568099688454,15.740172616443978,44.481781597634715
0.003654297692967222,0.20836246406976272,179.3999357577678,12.998395025482626,5.089850999044103,27.092852936721883
0.003654297692967222,0.39335573432789067,248.867205247117,22.006730908487015,8.011324766630263,47.871323934970285
0.003654297692967222,0.4798119576275467,142.56045622315506,18.472962764030513,8.809539693961584,27.171407025732798
0.003654297692967222,0.8579888668877313,69.76240880868929,12.952487595689874,4.149611646237336,18.283444370866768
0.003654297692967222,0.6764720476843148,245.83186812758262,34.26047190974664,21.403686425814136,40.46960715573531
0.003654297692967222,0.4276118429070558,63.59729690086321,9.607682413547508,3.923791858114126,13.005647215267956
0.003654297692967222,0.2098120050510989,202.55169285282278,34.50393346633231,16.813372781956456,43.61164459324952
0.003654297692967222,0.4704214735595493,91.67285668537748,13.462599286655982,2.984931068524018,22.006410664916263
0.003654297692967222,1.0583979872814036,188.45001170574207,46.39226254831464,22.48100487664354,51.82695407268192
0.003654297692967222,0.5969012461531049,113.00683889392653,13.711211509064762,5.636576609598109,23.024774954914896
0.003654297692967222,0.6607640436909183,384.8767987216476,57.12857657875279,17.86948458468649,83.75227919526594
0.003654297692967222,0.40533083797106334,151.13864524662324,16.951753807976953,3.961007606639318,33.32537430026551
0.003654297692967222,0.36939624819479416,231.49184743780478,48.912323700180224,34.31813732804973,48.31430274954611
0.003654297692967222,0.7210648393004796,174.5551305732002,18.207647197691198,4.050939106743025,33.40675262442663
0.003654297692967222,0.353708460746366,312.0365384141964,55.34576196254,30.585046374765618,67.3186714007096
0.003654297692967222,0.48114763384838405,145.92289102229438,20.706425095031214,3.6532319176817736,39.067856591049186
0.003654297692967222,0.5083399892725197,286.63484678457894,45.00720015694653,20.152008126756776,61.61858165895467
0.003654297692967222,0.6892398200247073,151.86859319637148,15.114448321801465,3.5126181510184407,30.320543573392808
0.003654297692967222,0.22103277900270898,407.09199064544947,56.178327936111764,25.290154959404262,77.91246091030659
0.003654297692967222,0.4800418915512779,395.86332272147996,20.62001421476834,4.360967993810357,63.19192741135949
0.003654297692967222,0.1967249036381959,818.7677611237244,67.28507473556347,19.016884185399,124.57345780126937
0.003654297692967222,0.8793218390458133,128.7641887331932,15.376709941283504,4.663891749809952,26.491096168834005
0.003654297692967222,0.8665983951570473,1680.524942272411,87.49967071959757,29.663021083636785,246.36599141278177
0.003654297692967222,0.6764148691652742,605.2852457471971,36.52506258766809,4.624425856476493,98.15492427761656
0.003654297692967222,0.32229912274076405,140.76301447461398,31.419365825835975,14.984440336056537,36.02558610792444
0.003654297692967222,0.535338056584406,82.89793362816589,12.082457429319412,6.210085410906091,18.231605706530658
0.003654297692967222,0.5817411600320281,240.63140562954078,49.16100925694446,23.91747574771989,57.18154864980796
0.003654297692967222,0.5837771142786269,95.53907417041128,11.50087182804678,6.672973548413918,16.13381498860625
0.003654297692967222,0.7304062256008282,245.17797733369574,31.579381038357198,19.179225174133123,40.28133113012317
0.003654297692967222,0.20789359171167932,554.4620894032894,18.882160164412927,3.415185137574647,77.37138894359006
0.003654297692967222,0.1878649674856499,146.81319908090947,34.30050453005483,15.786853179375717,41.126630097345895
0.003654297692967222,0.2860645797018933,79.52101640319327,10.949768023806008,5.803417357203475,15.16461573866129
0.003654297692967222,0.47592011425354813,211.64419575131876,28.980823033606743,9.793858249684988,46.90936495775674
0.003654297692967222,0.2329219689132799,152.989244054396,15.689674060225634,6.1819268409548895,29.22196367294093
0.003654297692967222,0.2396197012626123,66.26491128668337,18.456696783219208,12.89979598664617,18.14749953043732
0.003654297692967222,0.394286359630235,39.69113829950842,7.970982166991431,3.1349921162279557,11.289241333596188
0.003654297692967222,0.6554148549532212,119.00564342505288,30.80061687809647,23.226503943909755,28.765103656586216
0.003654297692967222,0.44640243269360275,127.2556926633423,13.01423793408086,4.642752559703437,23.27698945581567
0.003654297692967222,0.22644752841871588,271.6621103518038,33.197435048336615,14.27264469065595,56.78437657105139
0.003654297692967222,0.6322064207162975,36.614878847646104,6.533057606448527,3.1899643886348876,7.73646602794423
0.003654297692967222,1.3195303032943582,177.39674269462705,32.839423948956686,16.737993606443055,37.054942017058345
0.003654297692967222,1.0942608634806317,79.22130819932481,11.308453999216349,5.082551874279959,15.318568327554992
0.003654297692967222,1.0146375035576787,166.67017658243725,31.41721628894375,14.088581766072155,39.03364503252412
0.003654297692967222,0.5057432036788343,156.07643701193174,18.089309741293793,3.2261812408043324,33.93939596050333
0.003654297692967222,0.5542097089122828,265.3337293201974,29.793079970877137,13.395169093069086,42.74537521061737
0.003654297692967222,0.3244946012861004,217.34301254901064,13.796773448848223,5.694635879403046,33.55516236962937
0.003654297692967222,0.7788030595841562,125.63985423914738,18.735308520945566,13.3862171833919,23.349992276207416
0.003654297692967222,0.43274501148111727,50.68912737786769,8.321826941356244,4.426277490023292,11.242477512091222
0.003654297692967222,0.6280392827661295,101.74946523762893,23.89033447643815,11.659748043855446,27.002926406652268
0.003654297692967222,1.0450163421483607,75.87336612495324,12.768056282433927,6.460141160700129,16.20250573563631
0.003654297692967222,0.8798974546261932,229.74319854117996,26.789679163855627,10.901697678220788,43.30971778579926
0.003654297692967222,0.9331982195982516,54.40392485881446,10.342379891177803,6.504106914789885,11.782317630417438
0.003654297692967222,0.762458112690126,146.29188894247721,25.75118987056364,15.78350336219291,32.62849228395952
0.003654297692967222,0.359747872836368,65.37998329271453,9.998613055051425,4.23521508372421,12.388130988898682
0.003654297692967222,0.8440167875021976,238.14180988921987,34.47799303340142,18.716027401158705,47.218901589144956
0.003654297692967222,0.7943279918000914,278.9714646693814,25.335652775727016,7.55260170860789,58.469569227477464
0.003654297692967222,0.12544247334074354,220.3451408098677,22.079576811478347,7.059810792070454,38.227393818180765
0.003654297692967222,0.1241722553488045,189.76079908890608,19.028368232126375,6.446702660104819,36.44197023825232
0.003654297692967222,0.27959308761627594,197.69236372898854,26.972541862169233,7.506332358989084,44.85190042740231
0.003654297692967222,0.7495970913114991,50.355758075485326,11.276122679768703,5.92364005366435,12.457236774800148
0.003654297692967222,0.3964405043976789,102.78664720964782,19.27018559502751,7.1366391414480805,26.83966344018101
0.003654297692967222,0.22523401938754656,85.4592623146227,15.090972248890866,9.469649019890145,17.603052799239506
0.003654297692967222,0.12229377700278403,101.03938053961564,18.553194844207848,9.9451469763634,22.243528106667142
0.003654297692967222,0.7058764203360026,42.294522432108934,12.254802367153895,6.571656902983431,12.048594537519396
0.003654297692967222,0.5696197026366631,65.17281466880537,14.473964713263781,8.37939498011367,15.98179158395571
0.003654297692967222,0.6247211903008703,55.52251402450593,12.764825529800955,7.31994081283411,13.611433931859143
0.003654297692967222,0.3134834978623152,55.83087419759054,13.486138353713006,10.338407986267967,11.826696420777939
0.003654297692967222,0.3135203399813109,43.413973047596556,11.567535081899884,8.245725200796056,10.969143647952466
0.003654297692967222,0.6188250368572124,158.0573566220084,19.2293261294066,8.569414859179336,31.558319130305556
0.003654297692967222,0.22221815688589472,109.54147547300464,11.03543869820193,5.232358240908338,17.045829889259654
0.003654297692967222,0.44512057685461953,74.31477090645977,11.460602670243558,4.107135876792655,16.1913199875634
0.003654297692967222,0.4529353371795839,55.91539664309282,15.145871306646889,8.749317147691627,15.163554856575118
0.003654297692967222,0.5848395620097118,86.15818612872265,12.654883410165153,5.5067168176562005,18.807248844937277
0.003654297692967222,0.5064118002353647,41.08222931050895,10.566796389862143,7.067109381525195,9.973068335808975
0.003654297692967222,0.5265455086217093,64.00218861989636,15.07033403464194,8.566061736987566,15.96054852011341
0.003654297692967222,0.6099740329698135,46.562276590517875,9.755613267802694,5.3666459085440135,9.837198914614516
0.003654297692967222,0.8142813207127665,78.58929059399519,14.663682081914203,9.162034988027262,17.016602182737632
0.003654297692967222,0.46135008619915485,59.45433802258048,10.17100409397078,4.77296612479286,11.616495533418394
0.003654297692967222,0.6225962778927533,139.08682373444452,18.19286912332234,10.13640282794943,23.55901948377901
0.003654297692967222,0.6228051029239037,40.05520830769069,9.399968490806193,6.09040993017136,9.874141764448702
0.003654297692967222,1.112985595517964,93.7030760346465,19.40206209965178,11.773630536419308,20.797241855183806
0.003654297692967222,0.33639329509144933,55.8559656614496,9.564157874577505,5.409225781888965,11.228213620720322
0.003654297692967222,1.2901583265613394,130.91886796087627,21.7761017559607,7.989355646534442,26.795774098501372
0.003654297692967222,0.7226309064211502,52.05530282117534,7.8546531424007915,4.972776795113498,9.479934033892157
0.003654297692967222,0.5762264030500759,128.60218497287585,20.183289905727886,12.785748996287019,25.711682559644036
0.003654297692967222,0.7362452571089061,80.37564036219597,8.514573330218472,4.9752713038718275,11.801456455343486
0.003654297692967222,1.208285539931552,76.32379076516436,12.49999097083598,7.205569633678935,14.338695393011172
0.003654297692967222,0.32891194737159607,52.31687666662408,8.404192529294313,3.8553360902363765,11.541641706964077
0.003654297692967222,0.4915000305327823,120.43383618469963,14.847584482008587,6.570164930752861,20.301248758987942
0.003654297692967222,0.9842263844532115,70.9636770369161,9.035638603421177,3.6174492761884807,15.144694341834107
0.003654297692967222,0.5610576896117292,218.73012477308214,25.398812294887616,11.509091552351112,40.59342279226577
0.003654297692967222,0.47306192476372844,45.31751360768734,6.694665346838716,3.7917641105904565,8.527630841324315
0.003654297692967222,0.17974893965329258,242.97548224756866,29.802865796949867,12.30149414614172,43.09022887454143
0.003654297692967222,0.4673335711402773,144.16440793139978,12.630910779788708,3.590886715775431,27.339956544364743
0.003654297692967222,0.6192820936591295,100.87583796353326,20.920486335236856,8.658423703664589,26.344713518141326
0.003654297692967222,0.23647584554368792,138.7102811452142,12.985140487329684,4.797942497637852,23.634883288977708
0.003654297692967222,0.160394052597693,117.9625356153006,17.311002942440176,10.182464498589262,22.64552838994635
0.003654297692967222,0.09629245586682526,52.11019719082531,7.480547975145832,3.375320596621685,10.652037141251856
0.003654297692967222,0.5705782119202051,174.6083836010332,25.156248703627494,10.576660057517817,35.64555607131297
0.003654297692967222,0.485105622962852,60.229791372080015,8.418533125178127,5.060154295482592,10.94021593678593
0.003654297692967222,0.4459599804180102,104.91540737935868,24.557033052904558,12.679268595275204,28.47897242384356
0.003654297692967222,0.3712754520305712,42.325548561638385,7.104839833220775,2.928018597814793,9.169706955195714
0.003654297692967222,0.3926431000126299,170.60141167914512,27.866485570648788,12.827975748170132,34.13278248843793
0.003654297692967222,0.028062351286768858,131.98759711129927,10.76792597434673,2.392341933812335,23.605003698394867
0.003654297692967222,0.1119686797552813,112.62349701729877,20.064955744415286,10.136153832810237,23.844877867338663
0.003654297692967222,0.7084324364760457,214.6314093877217,17.943114280010064,5.338985457880316,36.24547007065476
0.003654297692967222,0.4037848989251462,88.28318854649577,19.725758634918634,8.42824171425644,24.25762773044526
0.003654297692967222,0.3279453084694168,84.48609392145974,7.852714415327125,2.8888191820422655,14.402301606436156
0.003654297692967222,0.4934620290582521,121.48059501406928,16.812945335190232,6.791289097488233,25.120935653607372
0.003654297692967222,0.3337412437100142,45.22820197067312,8.91182759919278,5.722544671203169,9.227630856025884
0.003654297692967222,0.4206280141050055,139.81530002049305,17.079316431470637,8.612969181570993,24.999474622110842
0.003654297692967222,0.41612912668296115,101.23224031360387,17.43312143030671,7.429055685018591,22.200781252073675
0.003654297692967222,0.37770048289710645,85.73546795143297,11.664335086997013,5.3121120603688965,15.547324080767927
0.003654297692967222,0.3086295288049715,49.41382674885274,11.805795694642013,6.25692981212017,13.54807578750079
0.003654297692967222,0.3579594343981464,43.7404848174082,8.988364788811303,4.70414042853584,11.19805634436343
0.003654297692967222,0.4842366993422769,114.27746482446383,14.048154492905676,8.401036929296572,18.45785776231405
0.003654297692967222,0.4410114458957014,71.18635943945753,8.946458023268498,5.513712926238598,12.00407166931261
0.003654297692967222,0.37602989920429364,102.96495811598703,14.565838561459689,8.066547697715084,20.696247967585073
0.003654297692967222,0.35754667490786013,33.99027356460699,7.950349577607654,3.918607100199697,8.903598204465153
0.003654297692967222,0.26981792456002723,66.71680437118374,11.75136006999992,4.4993432507323545,16.42472579159371
0.003654297692967222,0.49708851220451167,60.188557297764376,9.533786875647035,4.7274768355393615,11.93991019064051
0.003654297692967222,0.3979416431940183,40.03445456858301,9.042570792490146,6.8339377491801265,9.024184399355304
0.003654297692967222,0.3899400826131375,30.47690026612008,6.811383461367744,3.300348252190277,7.749619082460364
0.003654297692967222,0.6602321283824631,124.99949499189465,15.180251178832911,7.30750489188036,21.106858713609874
0.003654297692967222,0.4498748414252423,15.875652197944985,4.829425719418667,2.3130596008682343,4.446211948229969
0.003654297692967222,0.5105099129743192,95.83968171231278,19.489549129946177,13.139052097914199,20.52560657995755
0.003654297692967222,0.42519084818793923,48.17597388072349,7.059516744310174,2.1555500194409496,10.39158393990714
0.003654297692967222,0.31924899961338726,88.03792676607247,19.4036523374504,8.253545813532856,22.346285474413506
0.003654297692967222,0.5955195011262505,19.41910798497903,5.862090315925359,3.756179798317345,5.183379882129519
0.003654297692967222,0.2553108803662452,176.23380753304227,21.3892484564463,9.066253565865333,32.74977910853695
0.003654297692967222,0.7846665597010523,32.707461291648,5.198595144217677,2.564170238101833,6.323771678325972
0.003654297692967222,0.152075421426631,138.26391357668314,24.506297540940814,13.072322987599279,30.414724879443956
0.003654297692967222,0.8519678611056051,35.456627321428535,7.707075455877995,4.466179669312281,8.556279145079545
0.003654297692967222,0.4529486319032211,160.95227806841405,28.438192151351494,15.777809446928462,33.63977610410652
0.003654297692967222,0.7033431399200727,97.64192563664477,8.42141320072133,3.3432076818984156,17.23161830121631
0.003654297692967222,0.8244668467076763,98.94183234640356,18.484884586261366,6.567776444773838,22.510143158471063
0.003654297692967222,0.6596256152269546,37.231365675194986,5.789795209396547,3.074801015452915,6.7735431964085056
0.003654297692967222,0.7521804469718172,138.04133854561462,21.059318859429478,8.169008466408485,30.35930682765976
0.003654297692967222,0.6676449370050166,91.22343669647252,8.098261619143123,2.6807156878594407,17.151606133222806
0.003654297692967222,0.6402358209672687,171.91124006083217,18.5808928926875,8.781721749621143,30.6810219594906
0.003654297692967222,0.3122514908890348,77.24504638697576,8.584719777064944,3.845287570611948,13.385294525217699
0.003654297692967222,0.4957385621064568,189.71184245029698,17.35443130475934,8.855625119762289,28.13288961298352
0.003654297692967222,0.3064986877141361,145.6919772901513,6.944425424081898,1.6651770154403678,20.82021235933964
0.003654297692967222,0.09036599339187229,89.73455224978507,18.341852496770645,6.999608720600974,23.129366833368696
0.003654297692967222,0.6676175594034993,44.83633345616399,5.316423260930423,2.3244740483884185,7.126136861693592
0.003654297692967222,0.22991466838192143,98.67594135585772,24.263186247549378,15.560316839011989,22.53022099480676
0.003654297692967222,0.8353658993931288,103.3124328911515,7.952496161071935,1.8605745991398364,16.798351351646946
0.003654297692967222,0.3215216673412826,85.95277296170273,19.640444682484528,14.03128359368796,19.872640479503833
0.003654297692967222,0.43530712204715194,92.8001998625742,9.2779716137542,3.745210090738659,18.73301355572197
0.003654297692967222,0.6557030077058973,96.5264773353793,16.598427223671962,8.29059996894999,20.43945686769544
0.003654297692967222,0.49084667096231804,31.385402056441105,5.840405471469882,2.670607093828486,6.959697904266161
0.003654297692967222,0.7135467013238562,223.98483320529493,17.381609876134302,6.9709717161201805,34.8107307631364
0.003654297692967222,0.31630089568192743,185.43228141940838,9.389261570456782,3.3635875668197732,26.191766669366213
0.003654297692967222,0.30614937370761924,94.80383712657662,12.669585158525146,4.952398450847908,18.026469019237727
0.003654297692967222,0.6830956203295202,63.72992776477793,6.779655339231429,2.531163136522592,11.351162199020502
0.003654297692967222,0.8414065655838393,44.16103324069038,11.06589766268202,8.661069616771652,10.3976917296621
0.003654297692967222,0.2932424401868521,37.90760218406589,7.276232950685758,3.490067203315844,8.954453875920146
0.003654297692967222,0.25380927291189437,54.87082852550427,11.695050014095758,6.9738658694704245,13.30080268374526
0.003654297692967222,0.5053086524848724,35.716425817975406,6.380440260236852,3.7437761409823187,7.514398074490061
0.003654297692967222,0.5839246717135234,67.35073461026246,12.839438011965983,5.637519094433919,14.952749029982604
0.003654297692967222,0.5047758613169214,34.451879891613935,7.191425796546823,4.927025915677291,7.278590660901324
0.003654297692967222,0.5463419940286106,79.74862478544564,11.662268990264783,6.465875015245189,15.805610000652951
0.003654297692967222,0.512465443991559,43.322780314592094,6.119322406855577,4.0275548374951695,7.237780216347036
0.003654297692967222,0.40254657301054275,134.86170083031953,16.58778701501435,9.533301597567466,22.796166478414
0.003654297692967222,0.5603679252407365,114.29736743141733,7.871005213941041,2.6621597871216327,17.113987360612015
0.003654297692967222,0.5380139982827734,84.51783082284457,19.265978265603252,7.529190584839254,22.268793205727718
0.003654297692967222,0.6896223920163091,62.63094038419948,6.774016776952784,2.8758228916744777,11.369071586012238
0.003654297692967222,0.23081166097989692,111.5568759923511,23.82465306488932,14.104614611161633,26.82273518661877
0.003654297692967222,0.6610176326559724,104.08279550405233,8.688014608248407,2.9548178500067603,16.865723437990354
0.003654297692967222,0.2978665712694105,109.88439474643089,17.237381525608168,9.536406870717201,20.574422932628394
0.003654297692967222,0.8038771746243447,48.09566367987457,6.591726305215223,2.6171012383682157,10.00263496960411
0.003654297692967222,0.5071171164336504,96.38214120384383,20.25029541669175,12.465529115198864,22.137860620135015
0.003654297692967222,0.7401304051746482,38.030140635871504,4.360125804898896,1.9579100525763042,6.3496353195041495
0.003654297692967222,0.8404498953648878,153.1994260519762,23.834350234120024,13.817278710956149,30.39331497297116
0.003654297692967222,0.285880851182659,65.53083732773419,6.189014933872475,2.0769305847412025,11.329557824515845
0.003654297692967222,0.27448203785266906,115.5445869121476,22.43434812836386,13.310470935190475,24.147139494063868
0.003654297692967222,0.3804309698070583,151.30103814539257,9.444127264576649,3.137371423932163,23.555745870025554
0.003654297692967222,0.14551630590693793,155.53973997144712,18.895135890853354,6.930992437020174,28.76379957408203
0.003654297692967222,0.3128015586677158,140.8122942764825,12.35552340514216,2.653970264064804,25.30063569763881
0.003654297692967222,0.43639563334289805,70.14707390807472,11.67723656136187,6.27723002046293,14.392774367685341
0.003654297692967222,0.28241564979895817,36.83117367063105,6.816696877840307,3.1726587909580695,8.010105424686586
0.003654297692967222,0.317540120796429,57.44816622554514,10.366435456042536,6.1879066294321685,12.227158039821687
0.003654297692967222,0.6912697763622734,37.987237853581426,6.485579609255742,3.402692739106787,7.130816290435221
0.003654297692967222,0.788165199335263,82.83531864876831,16.436009129407136,9.990985273521538,18.51950491012572
0.003654297692967222,0.38166094321939303,38.63867386542943,5.700785428675894,2.6910518692711136,7.301442607147043
0.003654297692967222,0.6643310469090892,83.09072630966388,15.857573802258393,8.082905412612629,16.932752869617932
0.003654297692967222,0.7469123849159287,51.114812943953105,7.59994411812787,3.2571670633808303,10.250692978013127
0.003654297692967222,0.2011123824397376,146.0897796059628,13.608709378573906,5.020140509995349,23.191078830497677
0.003654297692967222,0.7542449165759499,270.2085627614658,10.367222313915327,2.4792858642863407,37.588779643146935
0.003654297692967222,0.5564772355855037,46.83348374275909,8.640588118589923,4.302736778913171,10.343407481393674
0.003654297692967222,0.7590422151015618,178.81814528175832,10.342687968323869,4.155669178875925,25.05125987740796
0.003654297692967222,0.45613408857882143,363.9130799416023,14.015286990840636,2.3598348262486537,50.67506587235711
0.003654297692967222,0.5918951413675391,31.332885264836857,7.5340344935764385,4.945814913077983,7.210734359844911
0.003654297692967222,0.5114277836326903,481.8792556359152,18.023984094121758,5.371481734006988,66.78077521368739
0.003654297692967222,0.33323374103855136,609.6435889009806,16.93208442086007,3.244800701874371,84.81182610609395
0.003654297692967222,0.5796569553185541,42.69009523097465,8.769888633652068,4.1371325350492665,9.595312604703118
0.003654297692967222,1.0034049815990305,33.511366218189124,5.462871772551433,2.052333325210395,6.743951439841055
0.003654297692967222,0.8315308439903103,84.38482416860288,9.251196261681805,4.073257186581853,13.745119172668582
0.003654297692967222,0.4150046494813155,32.54870191225146,5.254303824374009,3.6256109690958445,5.679504974258675
0.003654297692967222,0.49470473609407856,37.00925011832015,6.656871909416989,5.010352805994488,6.574599368013459
0.003654297692967222,0.2494941179117824,40.187502962454346,6.886177901090356,3.6876893717129953,7.927416995792057
0.003654297692967222,0.44541071676091476,38.68297611561075,6.8776846360449095,5.089066406873538,7.712521707399804
0.003654297692967222,0.8347416489588223,21.589008517931504,6.2006246415093615,3.87772873251145,5.645542789530851
0.003654297692967222,0.25500789461875284,90.94440505473156,10.21089973004107,3.463934938048719,15.597947593500432
0.003654297692967222,0.6345432805088549,19.59109752101938,4.370341607774887,2.0837995606885666,4.696401134575783
0.003654297692967222,0.4766820258510423,66.5577041259573,12.84031479314931,5.644999291404448,15.040389043257731
0.003654297692967222,0.4585018404924428,38.82334749356025,5.4780061981146595,3.8079537825588496,6.470184394103412
0.003654297692967222,0.38441690190399974,53.434985379415885,11.05599195628269,7.299912849290356,11.9756076377008
0.003654297692967222,0.3873291579005855,31.90533313078406,6.324437197880904,2.615675758339575,7.001623670863608
0.003654297692967222,0.5310731053337515,37.50696140805189,8.669075113070559,4.258496636218368,9.426522711053474
0.003654297692967222,0.4096293375714805,33.72373338261167,6.670187558048842,3.2989621030349787,7.194101980352633
0.003654297692967222,0.458265321841558,33.10686333065208,7.965829449758421,4.1577498707226415,8.232916996312557
0.003654297692967222,0.44090011034866117,47.505932192752674,6.75325978366308,2.9921330591781135,8.679950823227845
0.003654297692967222,0.48553795358463925,78.29178968811217,8.55471768803931,5.538189928400592,12.061222106976258
0.003654297692967222,0.42453293808856996,41.84774328052124,6.185211020394505,3.465565649175789,7.653427732378495
0.003654297692967222,0.3301970163553112,45.02828116560324,6.381080686205804,3.655018368553999,7.906419615823121
0.003654297692967222,0.6842212853781173,29.36869159384945,5.623496175143893,3.085657752713622,6.2256091898775905
0.003654297692967222,0.765873384353142,30.037457854489,7.835897190864241,4.816528734469845,7.9532786491615965
0.003654297692967222,0.4882086126658219,32.54792209628869,6.123322658250492,2.7719854745050334,6.893030004440729
0.003654297692967222,0.6765463091198695,27.685591336847253,8.116160261669773,6.248363323398417,7.1507190123790565
0.003654297692967222,0.5605470063518347,33.591825754242706,5.501689275788821,3.137754116229643,6.316728268468272
0.003654297692967222,0.5972160979153155,51.524597742133864,9.324960908507546,4.147700437114061,11.537730580173415
0.003654297692967222,0.6262597405162074,35.3299935538433,6.704513633154181,4.991106227501367,6.291405440320374
0.003654297692967222,0.6965379659687427,38.87451290246719,6.892526143790948,3.664896198644759,8.50799759634745
0.003654297692967222,0.4318045391337793,28.359728447100878,5.75812799313264,3.188341253403714,6.1047394644878015
0.003654297692967222,0.3422002696868644,52.79721309436137,7.025333907912334,4.294245412365297,9.389997457527667
0.003654297692967222,0.4996158089035212,22.94166367371628,5.79435148950762,3.9301390172328574,5.271605523270081
0.003654297692967222,0.2823844851494861,42.27710382457428,8.785809459554338,3.737990663809008,9.824237025194131
0.003654297692967222,0.5760137485022083,28.411489069943446,5.6681150532293465,2.920566501083049,6.335364411029804
0.003654297692967222,0.3612600440356614,59.947317036125,14.03253708602929,8.67688227695566,15.627745098311948
0.003654297692967222,0.5694468754013203,47.86020631793521,4.725239988881913,2.8664299925605663,7.000080409210162
0.003654297692967222,0.4364655559568018,88.37044660486619,10.928051531838136,5.438046865094696,14.604268750666982
0.003654297692967222,0.5711930213805293,71.79449342781693,4.450322656238863,2.0879237121674192,10.009482860103082
0.003654297692967222,0.26997522443387534,109.87874777829431,13.428205780431004,7.468519218903008,17.600509562979884
0.003654297692967222,0.5199357047972186,146.48659902581142,9.745003914335454,2.692103881979392,25.29291743536252
0.003654297692967222,0.20179081017304668,110.04019913582793,13.324230155091211,5.040576644964528,20.266889000230847
0.003654297692967222,0.6148776104908924,264.90811163026814,9.89733206504812,2.7933642053693717,37.012141546160635
0.003654297692967222,0.5861513492153296,47.82038027724441,8.334663167541422,4.584733751674212,9.487245551605765
0.003654297692967222,0.5559644244300326,119.59454911979346,6.518527318932812,2.6683440229188164,16.832799265809374
0.003654297692967222,0.316504729471548,41.6629751600065,8.028910011344118,3.236673889341123,10.011124416783659
0.003654297692967222,0.6205755493119677,54.07587418564406,6.289905902948005,4.217365498161332,7.910244932829971
0.003654297692967222,0.464309769046197,49.045201356499796,7.0320890263311595,2.6573698790068963,10.249794763785012
0.003654297692967222,0.6662744653595771,34.70960016142675,6.860398950306086,4.753679752570589,7.039622548682374
0.003654297692967222,0.5605174104670193,57.855978552256275,7.150746042805351,2.820648819556613,10.320608413463315
0.003654297692967222,0.7470537282635176,43.45554808907597,6.8756921611759365,3.3310489968342996,7.7918131093424075
0.003654297692967222,0.47805894912396873,69.58561030047922,6.524748430404397,2.7070575273183883,10.503561109814953
0.003654297692967222,0.5768573467038194,93.51566909460354,8.877797174979941,4.028283077405859,14.405776433246723
0.003654297692967222,0.8596962927557006,41.849053753145384,4.489273717407179,2.8037726324156904,6.065309841040309
0.003654297692967222,1.3197087530379956,118.53113560652606,11.913353082306246,5.344956095368365,18.72471347042167
0.003654297692967222,0.6814143351676797,76.16406668495974,5.44013972529206,2.8223630836921387,10.59152514958684
0.003654297692967222,0.32832593337086025,59.916580457577616,9.236222092722526,4.221267964539131,11.82311839322183
0.003654297692967222,0.9327661972212435,13.917919345899264,4.361049066050665,3.204791886588409,3.212252218436469
0.003654297692967222,0.7699613698957931,105.37019230061829,15.393413355068533,8.438823485143791,23.227016599636375
0.003654297692967222,0.772626306712713,106.42188077574087,9.603381884393176,3.345358526410533,20.934446904981662
0.003654297692967222,0.420697845330419,68.21409684215995,12.046489840883272,4.268330557889306,15.455452413039561
0.003654297692967222,0.5858037390866228,53.00980984272352,6.357235021380575,2.185975846657449,9.895411487812444
0.003654297692967222,0.28979061134000983,46.47500334585394,7.4222545095579235,3.6042491286300535,9.626097833910915
0.003654297692967222,0.5188356986123768,65.72548693788302,6.859757969872277,2.3422295917372176,12.143628139513108
0.003654297692967222,0.300614578195585,62.173377976207476,8.411502052346876,3.39651457432348,12.156310418510133
0.003654297692967222,0.3358290051853371,25.40205288693504,3.7619836863446987,1.9678587618328613,4.562494885603732
0.003654297692967222,0.3937693603486186,55.50276764852073,8.943353618456232,4.697633651511954,10.371267125679319
0.003654297692967222,0.34902447982484136,20.84813403869488,4.155312637216049,2.662747306646556,4.5560005066567575
0.003654297692967222,0.41138169076067005,26.01925606587396,8.516002532580158,5.757227998219703,7.67784680878053
0.003654297692967222,0.30937397027269986,14.219731459879887,3.9402783213322614,2.3517985436043967,3.530379516675364
0.003654297692967222,0.36811829079117314,71.07294036800617,11.189248859518631,6.419285365161162,14.859477298022217
0.003654297692967222,0.6190281678903736,12.195283672771524,3.1210640543103283,2.4766136583143004,2.2800986951904463
0.003654297692967222,0.3992360179876658,39.82005434198987,10.022316307731424,5.532422406373188,10.205942547694452
0.003654297692967222,0.569419680752698,24.638112499986576,4.046711436379134,3.0140615255676124,4.562543369030289
0.003654297692967222,0.38838365136322184,54.19498240263776,9.065824721234803,6.431835558241422,10.151376478639872
0.003654297692967222,0.7386164455559127,18.393440862285868,4.125776518870633,1.7431681322959014,4.6539028428116636
0.003654297692967222,0.44735858646181614,52.30441721190047,11.595045330189034,6.728132774316135,12.034289755898088
0.003654297692967222,0.4306940486385509,55.9994362141883,4.725326158304071,2.3604822518451924,8.45658481302022
0.003654297692967222,0.5467532798282901,70.99078684203229,9.784202448958279,5.1388044867997955,13.296361276516093
0.003654297692967222,0.6159138715946808,125.63937915519453,6.3426787133818765,2.530872462866811,17.3386608353007
0.003654297692967222,0.6264059926816622,59.67105903635794,7.80107614559293,4.549843197098134,10.784452107644958
0.003654297692967222,0.6111116025895464,20.572139725759932,4.528110914383825,2.3320773117693525,4.936423958946838
0.003654297692967222,0.4418438787263277,77.74226965488282,10.484810731282494,4.985270418775654,15.288547914166056
0.003654297692967222,0.6649817068641994,57.98838881235441,4.41254789881269,2.187389871856305,8.266791958398894
0.003654297692967222,0.6919718057209694,82.70301370326192,8.28909014628846,3.8630263542673893,12.790292195138232
0.003654297692967222,0.630305177888023,75.62707271932383,5.101688257231255,1.7237510174639186,11.452880477283125
0.003654297692967222,0.3370251572155407,65.44846960843141,8.60159890141848,2.8642060839667205,12.520326412422685
0.003654297692967222,0.45110088423310807,19.109379783786466,4.169496488327735,1.7137385126922473,4.603727895712391
0.003654297692967222,0.25629854708851635,71.70459656576301,9.060107326614103,5.296113435121657,12.16440470698183
0.003654297692967222,0.386830144914897,43.03648516022936,4.886348532888762,2.6478251904819325,6.985412868219155
0.003654297692967222,0.1843344859527194,58.14334346375142,7.87100410114029,6.733802664556424,9.216606986311945
0.003654297692967222,0.6474021348171789,68.27777956076442,4.520917589094082,1.6050042143345704,10.367664942716717
0.003654297692967222,0.770366330735561,31.64398079294285,5.274502793560032,4.088739170307951,5.343047160048568
0.003654297692967222,0.34389659819953905,54.689643854687226,5.688902861160343,3.2565550180838585,8.341224909133249
0.003654297692967222,0.3772161240413665,28.375259147733164,4.382154124193816,1.8878248426985134,6.272833983803176
0.003654297692967222,0.45380258385121247,47.6735756327476,7.483144691908684,4.8830180112686286,8.794810696987062
0.003654297692967222,0.5065356419197481,28.025939652104018,4.5079876390355,2.4755219014784595,5.442348571791477
0.003654297692967222,0.8594823007318144,116.62217096252112,10.520501980756015,4.8434665286852185,17.550904563629295
0.003654297692967222,0.8604569144236172,46.280288969254904,6.031743053566671,3.0809516853581744,8.847156602066532
0.003654297692967222,0.6301444765853584,41.020814286650186,7.5215676523170485,3.236341422118354,10.45455552834204
0.003654297692967222,0.8905781490650726,35.45034055791676,6.137073171246751,3.204072594385549,6.7993466031779635
0.003654297692967222,0.51913492643196,57.29199186935921,6.558417385042612,3.3216815967068487,10.073171229760273
0.003654297692967222,0.5447436186374207,67.77839037660937,6.83986799493739,3.1278998633562134,10.663385890793833
0.003654297692967222,0.4837119903930124,45.336403598935775,5.047519517183647,2.2685531171142292,7.63928805705714
0.003654297692967222,0.4769130079866701,24.33575812020096,5.008411575324805,2.566258729379798,5.711757420799217
0.003654297692967222,0.27937782083856944,27.48528611259766,5.396687882002031,2.9941118001993408,6.212092242201813
0.003654297692967222,0.7432440983562162,20.38537698048629,4.191223587849664,2.4273092068283684,4.091138173542525
0.003654297692967222,0.4146493347106887,25.33845989039159,6.4130842671362664,2.938433609927321,6.928783163838979
0.003654297692967222,0.5120383118822008,19.7711141713635,4.302872223739615,2.1733252648461456,4.276691133630678
0.003654297692967222,0.6964385415435752,43.02832911158541,5.7221697476009625,2.7311160614442853,7.801545820566316
0.003654297692967222,0.5518394703484255,19.645407982119607,4.1424464375882835,2.794015407291142,4.034764266934214
0.003654297692967222,0.4232484987221088,31.455256268738555,6.185186359401337,2.8645258816772508,7.4545961268209
0.003654297692967222,0.5323409160924473,23.227978647407358,3.701781528530181,1.8455717072641786,4.346859686481603
0.003654297692967222,0.7066577682884512,36.8175566752799,6.079769264250774,3.559756186651183,7.128266170930138
0.003654297692967222,0.6231375357808683,13.901144501376523,2.87744567941671,1.7078865837646169,2.865924484977221
0.003654297692967222,0.5154433294310257,64.64360801638254,8.434540063842572,3.027354297219742,12.102350900064222
0.003654297692967222,0.9062181105410833,17.71851791982953,3.216143250052753,1.9263123862336524,3.0930313617585115
0.003654297692967222,0.4380218948889154,46.57479520378016,8.793786465579302,3.6352286995749705,11.61465692784969
0.003654297692967222,0.44667566598932285,20.614756626543716,3.56150345642955,2.1107170293926734,4.154190566000992
0.003654297692967222,0.393033691375768,50.30257943590555,7.7095651309586355,3.357154769816123,11.18010537441525
0.003654297692967222,0.5255149634559138,62.617204564772955,5.1127334551431804,2.4215650355383107,8.959107814028373
0.003654297692967222,0.3286224209174966,36.40240240543952,6.846976090235489,2.95780546862371,8.747720344930029
0.003654297692967222,0.37602432554979487,26.610957757664472,4.566527560386698,2.725814022299601,4.76748507344747
0.003654297692967222,0.47704925653818797,24.08696777961674,4.6238938634689255,2.28184622074449,5.5789132256294875
0.003654297692967222,0.4908276121638897,34.04012541387863,4.611223685698206,2.031995670792308,6.494829349076844
0.003654297692967222,0.5549235606003393,20.727988174506095,4.237008692411649,2.917075573133565,3.832365916098799
0.003654297692967222,0.4504528706024756,28.898519590004785,5.079764799694737,3.4047369892226382,5.448394067666563
0.003654297692967222,0.4022202850810732,22.92885505569414,4.642118989163155,2.356767166172193,5.167492254524315
0.003654297692967222,0.457455238335783,29.83446635316601,5.341456841675861,2.855252535288866,5.710574319504797
0.003654297692967222,0.5393394945852332,55.35786628333045,6.974732189860042,3.0377354228439306,9.254772375344999
0.003654297692967222,0.5437333292412505,41.22526774581037,4.6967649189168865,1.9401520794598985,7.451910835093343
0.003654297692967222,0.41524521969593414,28.20187182288364,4.757784464375345,2.7591640258807577,5.6864907624464145
0.003654297692967222,0.37454898102802797,32.98927821853147,5.8496635308102745,4.576024045046616,5.6982924391623815
0.003654297692967222,0.6961310779461428,19.856008214794816,3.518640520781809,2.1638023967964495,4.052114981857144
0.003654297692967222,0.45929689023494685,40.096898498216866,5.8415234894000765,3.009490535882599,7.925425102396852
0.003654297692967222,0.706192562011071,19.27838505161512,3.216445411732239,1.773219974888822,4.017048459879727
0.003654297692967222,0.7121295692289333,33.69588527420486,6.540278327903823,3.7140681681022,7.280466253047665
0.003654297692967222,0.4754744240086454,18.190971402117597,3.397447912606814,1.9871121364995024,3.573953023373031
0.003654297692967222,0.5303804135001254,41.73072686035204,5.048585956118402,2.569480814695539,7.067471249679249
0.003654297692967222,0.5855370624084789,9.839927426338065,3.169055020033663,2.6254004926069063,2.196453485014984
0.003654297692967222,0.9230986389510396,37.56846061289381,7.719058702530934,4.935618855686669,7.30076044372291
0.003654297692967222,0.5570795078926863,17.61553830212441,2.692088809487522,1.750254718686987,2.734106684635724
0.003654297692967222,0.8537214480750326,26.10317147743898,7.282700201806201,4.221951575448071,6.363978071897825
0.003654297692967222,0.5808556618098222,13.297755595902023,3.090836662122156,2.142831572907421,2.8868086511481734
0.003654297692967222,0.6306251231096559,35.46912957389667,8.672110970203693,6.528673442300763,8.334091195383616
0.003654297692967222,0.6427930959735787,26.06923816735025,3.051905399226842,1.3995078087227162,4.979182442873754
0.003654297692967222,0.5190952987498179,64.09310741504409,10.976142019113427,6.3068611425956,13.07403259412566
0.003654297692967222,0.667973352396673,102.14772433548528,6.345974557095924,3.209195322438817,14.550540699260265
0.003654297692967222,0.7340036052886335,27.918090618457008,6.321896096067954,4.187308312909542,7.043572682692654
0.003654297692967222,0.7115916707078589,16.948269803821773,2.748471028347562,2.0521964059132625,2.709089426506631
0.003654297692967222,0.687026310369882,63.19483197637407,8.612042886037713,4.887181237057424,11.673649344075764
0.003654297692967222,0.5472522202348682,26.761488217871307,3.670734554940264,1.5369266718750827,5.407236550937499
0.003654297692967222,0.39295668710418785,27.048713215854544,8.110218708972427,5.646225145480324,7.582696536172131
0.003654297692967222,0.692851620239207,20.825793186628268,3.430434858720125,1.7385874783006883,4.084523386521603
0.003654297692967222,0.41094931747594704,40.91470079621461,7.64869910375689,3.4324565129346274,9.054737668432242
0.003654297692967222,0.42412466825486617,31.339892318456386,4.327885471734615,1.7030400296033141,6.919236290761624
0.003654297692967222,0.7283414710631808,36.369090211878344,6.738347916728973,3.3532805406099357,7.712454651695609
0.003654297692967222,0.7844203753311395,19.335552457624775,3.1651799654774297,1.9651951310621545,3.6250874669925524
0.003654297692967222,0.8328588199839919,37.455016853609315,7.929030392381261,4.628909746069431,8.197021156373031
0.003654297692967222,0.4563468987912358,15.289336040670184,3.2398392803806546,2.4272296750994595,2.8646256337534313
0.003654297692967222,0.5231690466233244,49.1774126335528,8.763120785263897,5.812352582946197,9.229526770181684
0.003654297692967222,0.4982391164536491,38.29202595366811,3.903117863618503,1.7253493027656275,7.158414767234802
0.003654297692967222,0.11298065740153267,54.34330109609504,8.537241760649339,4.052094555924398,10.871884626117739
0.003654297692967222,0.35966120826607556,18.163011115559396,3.0660135259875596,1.8062235276883118,3.7120697188320215
0.003654297692967222,0.14714390051227139,54.745553763383654,8.965337052092062,4.263347999211518,11.35603529771682
0.003654297692967222,0.46402115658334825,37.71237645517751,5.291064790696896,1.9886301284355101,7.603534886820748
0.003654297692967222,0.4434866051853213,58.80194353448109,6.989941890494964,2.5895133739872365,11.284281044312156
0.003654297692967222,0.4606488683457601,18.212316016533684,2.853329950922451,1.7619056251207423,3.3134755808609886
0.003654297692967222,0.25354045335103953,69.28246395070649,10.004134069320846,2.975971192186873,14.274321554162178
0.003654297692967222,0.3263230908385468,22.922766274066614,3.2639165737970717,1.551008177205634,4.379275740960886
0.003654297692967222,0.3782855397702596,45.97178607806974,9.768606911610817,4.81404384323756,10.430653156619135
0.003654297692967222,0.42043456455324646,50.33819021520626,5.314619635891403,2.1551467965686233,8.500349965751713
0.003654297692967222,0.15260488877239842,43.55330181197479,7.57830832918704,4.595692774173553,9.15676194626709
0.003654297692967222,0.5876597326894426,30.870583942682416,4.521595583411181,1.726197755447212,6.21264905165806
0.003654297692967222,0.3467523642771782,34.93316645680359,7.857803626274117,4.883951293449448,8.143396984004296
0.003654297692967222,0.5875409125441123,33.87470819335107,3.96123752235788,1.607913414109339,6.027406226010673
0.003654297692967222,0.32741132493820896,41.870326010654715,5.336881182149894,2.5291021326809107,7.588835789590706
0.003654297692967222,0.7673732755206091,24.086625459920658,4.5420903822586585,2.5757113049501275,5.233714722629697
0.003654297692967222,0.5472923314008362,29.902137741820628,5.168831589576094,2.9867791319647035,5.650281559867131
0.003654297692967222,0.6596117814417162,15.590952838349624,3.417033339912262,1.9076410408236817,3.543866154323209
0.003654297692967222,0.6852052489589966,46.154325381463465,6.664031698321846,2.8124753310389345,8.9763615279507
0.003654297692967222,0.6002388303682438,14.70666586518603,3.144239692942398,2.0886851426925928,3.004081410016789
0.003654297692967222,0.6634973515082329,37.849920961768554,6.65732778966888,3.90592564767872,7.08375875560484
0.003654297692967222,0.9565137205189136,36.641730215391085,4.02360171963321,1.7040494749310666,6.194170104159612
0.003654297692967222,0.6677615096097753,30.225395047526558,7.271171295581962,4.697081395634642,7.189867115341181
0.003654297692967222,0.8205291733938189,14.963980595772046,3.2680366822844076,2.146212310706834,2.8468597918127103
0.003654297692967222,0.916257414037351,31.955233566461622,7.792313171385225,4.165136542836333,7.7129188217581
0.003654297692967222,0.8888050465455237,20.619361782473757,3.1459869180469955,1.9956597607704976,3.2837935901701063
0.003654297692967222,0.3158554199823898,58.735965139896784,6.321472582513711,2.9112138659208773,10.085746900530316
0.003654297692967222,0.8257389304033832,26.155845785030948,2.8405073991245082,1.61430213132248,4.110732353318385
0.003654297692967222,0.6154503030751982,41.33402555724916,5.832403199362685,3.4618663757624795,8.180154431127555
0.003654297692967222,0.699928957895939,36.790622979062725,3.4951757771113443,1.4433524749222442,6.697901727152681
0.003654297692967222,0.5339609455939487,24.72748144667691,5.247823874878972,2.6589307493494587,5.327811287911639
0.003654297692967222,0.4737612615510071,42.994616504447485,2.956464145788067,1.6367253769083825,6.021655654869548
0.003654297692967222,0.6052855254476324,25.02573219508741,5.315887155855259,2.6086418878207107,5.695460101595075
0.003654297692967222,0.5432556013327868,9.311562178867234,2.568052205225312,1.6025311049298474,2.2841895766211966
0.003654297692967222,0.5398141644249617,23.60358560842175,7.01213573514962,4.459502584142525,6.037399150995265
0.003654297692967222,0.5727899012912602,25.210533325491912,3.2337197906777235,1.4470867414084414,4.367924932954371
0.003654297692967222,0.34678079618714513,44.89029430608647,6.041562008517497,3.3767273441429806,7.275791819309613
0.003654297692967222,0.2428502465187273,19.551018653589686,3.0473192008891306,2.2064957979651885,3.365691511471017
0.003654297692967222,0.5629764357149072,17.17836302583035,5.037429011589188,2.3561758443797247,4.981031166767881
0.003654297692967222,0.6412076646580267,14.468377792059076,3.620817559652278,2.276498579137929,3.5141174028299775
0.003654297692967222,0.5100249254836404,29.957858043119405,5.567291504293268,3.0119383168261153,5.986049766279518
0.003654297692967222,0.5948055705869397,11.601848328057422,3.1145864471898936,2.1653814748877975,2.7547582304613933
0.003654297692967222,0.27789364291020324,24.230766434344538,5.895985591211541,2.715061098638457,6.048134016618798
0.003654297692967222,0.7185373822052725,16.56910564246068,2.7881857411627853,1.614032963787475,2.803373463792417
0.003654297692967222,0.6319835568890345,23.54965760508395,4.939456753071142,2.259109458465291,5.60086673850261
0.003654297692967222,0.5893471321804444,27.632493015568652,3.4743009288453983,1.9181543210655296,4.74910631445265
0.003654297692967222,0.54514161405465,29.418780666231203,4.811862908077902,2.812079606231054,5.834082483712699
0.003654297692967222,0.6480702365979628,15.235183061378017,3.2849103850397983,2.1682340655020496,2.9593261987653787
0.003654297692967222,0.5462419639866857,25.731384606499635,4.264242524465621,1.9702556457482807,5.49482932386714
0.003654297692967222,0.526877978358672,18.079960466548894,3.0634904077241623,2.2769966131938526,3.1247414275059153
0.003654297692967222,0.4444452806708151,34.01802430353212,4.943088792291243,2.0155775814692047,7.3091359232067985
0.003654297692967222,0.6405918732690802,17.34420914917423,2.9950353298390984,1.6125318778537077,3.3566125994595155
0.003654297692967222,0.5702808504242475,30.21825163615315,4.142976099359413,2.45545611106637,4.7020209626922895
0.003654297692967222,0.682835383612914,7.506670484798995,1.9839479487304785,1.5309479893813016,1.2863007188122921
0.003654297692967222,0.4997838643830933,27.153553704677208,4.9423835251904995,2.448742938495012,5.203995742665715
0.003654297692967222,0.6257654484276843,8.851358943431212,2.3856496497011213,1.6204013379509852,1.9313735186010759
0.003654297692967222,0.5086680485019623,32.924539841912086,6.117230429433877,5.100020752045571,6.297059335646764
0.003654297692967222,0.43322469418370135,26.262727816332127,3.783323903634657,1.5457100899171352,5.483582097599739
0.003654297692967222,0.47416958969340917,39.10292201010085,6.240945786921178,3.652980631993734,6.939056488219002
0.003654297692967222,0.5685800864481416,16.36568393114778,2.658551392178501,1.3766348057584041,3.0888520251825047
0.003654297692967222,0.34626052368628707,22.593996942007518,4.700712324578781,2.583406700193528,4.930539575994556
0.003654297692967222,0.4277876389730099,13.757177731089484,2.687712792450508,1.8256974459710247,2.801284304896858
0.003654297692967222,0.4562507324002311,24.3765318794641,5.105153710240497,2.6477413403115584,5.793700054444446
0.003654297692967222,0.619133375568193,17.90572338934267,2.699528928034838,1.5506063000789683,3.131064092158205
0.003654297692967222,0.6581699555380784,13.701965412642867,4.439262561558281,2.872997082875419,3.574491756599578
0.003654297692967222,0.6556696874189891,11.032071205320555,2.4162662169599747,1.4923547178460708,2.5119918622455395
0.003654297692967222,0.6799123713073774,29.599512948505794,5.999978659583979,3.2986125358349607,6.9217061370687905
0.003654297692967222,0.4469525571744827,26.049030460427524,3.4840221256450015,1.5762825078216842,4.985781305109129
0.003654297692967222,0.39031811408172923,23.881173044023488,4.449785464197174,2.5894206500445582,4.831986686171072
0.003654297692967222,0.5559512638621608,10.140818681396254,2.6028829397818174,1.340118216385219,2.420825219595025
0.003654297692967222,0.46853065864979304,39.69221070606796,5.800793436999834,3.5511651177563595,6.965410265845915
0.003654297692967222,0.44761454301639175,50.37614152832628,2.9487916516245822,1.3679911474461923,6.963900417982254
0.003654297692967222,0.47662572936741565,27.738553766429447,5.627355307206471,2.9511067678521363,6.174389951261515
0.003654297692967222,0.5544248609597205,19.288026203210006,2.3601667455943214,1.2644810649870415,3.0111196199600063
0.003654297692967222,0.6758022934399703,41.02378098346032,5.961432536646688,2.6932075647468148,8.286611088254901
0.003654297692967222,0.5920236195493861,45.9486236829297,3.6050686445121203,1.7073136600157572,7.0582385974467385
0.003654297692967222,0.9740315921237848,14.610994714168184,4.010676602108969,2.8738638643911827,3.2007558544845938
0.003654297692967222,0.7858990980183503,21.3333350767586,2.7491246818668578,1.6849252712826381,3.283166515929968
0.003654297692967222,0.6140858243902448,18.82649625483835,3.819634461467977,1.9952990114790492,4.296874868636886
0.003654297692967222,0.6870258921946187,9.967689005078899,2.4865734620990216,1.7598151785304261,1.8351482593274118
0.003654297692967222,0.6728462745929117,25.063530821775494,5.025972459829735,2.3792601020129673,5.780104787676378
0.003654297692967222,0.7064844895714546,23.267766213364094,3.1743529827746904,1.5363310683207465,4.384809408893008
0.003654297692967222,0.8852853403962659,29.36966139332081,4.996311394605562,3.0808450841675796,5.333583531459148
0.003654297692967222,0.7628723984854019,12.442851187385124,3.0663427709527404,2.0022769562647333,2.4785402416425995
0.003654297692967222,0.39496654716346324,17.193525369237914,3.091652348817485,1.9747207902794994,3.0630588111808343
0.003654297692967222,0.6432447245163708,12.857924587410633,2.943133965965257,2.304464561480592,2.52290154749198
0.003654297692967222,0.588388051591012,22.151769990792356,3.471299179658467,2.266623984998085,3.930702614754729
0.003654297692967222,0.6109976020800372,15.247965508109894,3.334241096046162,2.3559424463788687,2.8410314473090206
0.003654297692967222,0.593492097057188,12.492755254292724,3.5177539145298304,2.8965929422059418,2.8769835649606854
0.003654297692967222,0.5697492118116948,9.607926897504743,3.1399290905605106,2.2921919982951104,2.3768649386379126
0.003654297692967222,0.5419197841199034,10.274082854227713,2.473060679291269,1.5865737413018999,2.0971446950820445
0.003654297692967222,0.49018159561799307,9.698783071251544,3.0370514973745615,2.3475460026130466,2.2807172311110646
0.003654297692967222,0.6494059672874035,11.699758022267606,3.0604594656747697,2.311106146058298,2.25682253665172
0.003654297692967222,0.6710927809028987,13.44354344022245,2.329477270164686,1.4452850709151461,2.279322325809692
0.003654297692967222,0.5607295579533935,18.97784195474306,3.3649794101280555,1.9139873358780206,3.596456421071008
0.003654297692967222,0.5235297983072373,28.191670561045758,2.8210206438064382,1.6530561950611533,4.050890671379651
0.003654297692967222,0.6095525756929479,20.12118396036433,3.4185309227057052,2.001058064876289,3.496273702202634
0.003654297692967222,0.6975607104552652,11.786663560971544,2.8428593209527016,1.7064009644344473,2.633263112163157
0.003654297692967222,0.7745269172745235,19.03495868751563,4.075755976584241,1.99247166736843,4.532951372429142
0.003654297692967222,0.7945725480056349,13.515485957482607,2.9056928915653244,1.672844408825552,2.645020206159948
0.003654297692967222,0.8037531410949907,13.00026232245587,3.3155597588257084,1.7995044490295347,2.8899446361069887
0.003654297692967222,0.5724413091248635,23.312388078039454,3.541946061815153,2.3838140528220393,3.733993862152116
0.003654297692967222,0.4738577374436848,20.009319820515284,3.024681396696018,1.9562392450222406,3.3232037089961293
0.003654297692967222,0.5261131750804096,32.26219025975619,4.534831626611503,1.952471989949069,5.6287611582825825
0.003654297692967222,0.7720560251203281,24.847669592477633,3.1985479230339626,1.6903479441036873,3.804044850154127
0.003654297692967222,0.6435667967468277,18.405562942754464,4.740771797101849,2.6790614418928955,4.761712053254428
0.003654297692967222,0.8446757062038416,11.327868139785943,3.421596251083815,2.0814583190796174,2.7171743886991364
0.003654297692967222,0.6986101641468935,28.111621761061482,4.159711398036548,1.9585147982234705,5.1785326896783745
0.003654297692967222,0.6402084372319141,17.001162844904503,3.2926572855193825,2.1331478254033573,3.023199461218347
0.003654297692967222,0.7777447077656615,57.91673294452876,4.328800160627593,2.7352533548790126,8.071052379518177
0.003654297692967222,0.6958358047054094,60.456466121007566,3.898408317648134,1.6440116345292832,8.480702279739523
0.003654297692967222,0.6346710038401019,10.650610811726425,3.9502252002984055,3.360946470658702,3.0008712673368523
0.003654297692967222,0.6595490945466947,59.69581092898061,4.290540608782681,1.854741587801692,8.411419565005202
0.003654297692967222,0.6306319887165542,89.15547834280409,4.363655414760884,1.511953859597408,12.376057150544636
0.003654297692967222,0.5838870184937236,19.651505175406243,3.8140874115352346,2.5754972379824492,3.766032145804768
0.003654297692967222,0.7523991646336826,33.87761219885811,3.2184275940752287,2.0582052246985727,4.810423815837104
0.003654297692967222,0.40809297196932276,16.837441211847093,3.502809021257592,2.141262348128035,3.473630866816783
0.003654297692967222,0.6326447441278674,11.338083559870038,2.4924736834938126,1.5336556372118102,2.2699685798772093
0.003654297692967222,0.8764259743225805,23.965293235402868,3.545202542580447,1.9943164573979062,3.908374207080504
0.003654297692967222,0.6056641277292439,8.113084935362837,2.776635595571532,2.040427425010922,1.816382217764814
0.003654297692967222,0.626778553937769,13.300906539739042,4.2475653135413545,2.996534673765737,3.310704737859568
0.003654297692967222,0.6543812052048608,9.312874237025381,2.5278901336646205,1.433849242444748,2.0401542725294974
0.003654297692967222,0.6110441651477784,17.84730505409988,3.9830283277545853,3.0144119661313646,3.7646342592601876
0.003654297692967222,0.7472686036733285,6.572958430194692,2.1711103499283904,1.470385681276382,1.4483129437706275
0.003654297692967222,0.6721606889050069,18.409683787030986,3.683223764320581,2.036541964793792,3.6901929031146223
0.003654297692967222,0.579708487649658,7.662444263366763,2.0584905822729898,1.4201629413058399,1.5930331530586577
0.003654297692967222,0.693177431512605,24.264039680173603,4.429216654470143,1.8987979316243537,5.0769206866292516
0.003654297692967222,0.7413776342618825,53.18758974123505,3.311808042372159,1.5782458886762067,7.428509843543479
0.003654297692967222,0.6272075063398898,18.459986515909833,3.573954767975035,2.3225112509541646,3.395079598676396
0.003654297692967222,0.7406410655601099,15.072583071532751,2.5880872450207857,1.521421282988695,2.6382170073589193
0.003654297692967222,0.7858542639320767,17.02773065507878,2.7774140586980964,1.769130600260901,2.9167874850257762
0.003654297692967222,0.6923944851989373,23.768645819700552,2.6261216899187967,1.2741624391042525,3.628424115460687
0.003654297692967222,0.6360691635283652,8.051712417770526,2.450543006462952,1.7011606743781924,1.8081120223274834
0.003654297692967222,0.6226566270349815,13.713798245142762,3.1679632589843645,1.88074123694088,3.1244071763627095
0.003654297692967222,0.5624111972638286,12.574313092507955,2.712081566371523,1.4073956798864695,2.787884883327832
0.003654297692967222,0.43847006859391935,17.857144149016847,3.4492310220094997,1.645814796920006,3.934104070288279
0.003654297692967222,0.5271000755388586,17.135148513001916,2.798347777740438,1.4298906823249726,3.2752399566973502
0.003654297692967222,0.6538303359178234,9.555295224867725,2.403669669553066,1.4191497942007472,2.058116663364262
0.003654297692967222,0.4749631256811324,17.24649415422584,3.1651884432249506,1.44179931066358,3.6268946016295738
0.003654297692967222,0.6125120513199644,9.491190048373014,2.3124951344218605,1.7318025917576896,1.7961685665590212
0.003654297692967222,0.596231360353211,24.43411745248369,3.237474958632987,1.6268130788978068,4.71063818705176
0.003654297692967222,0.5869792779909699,11.553279441966861,2.8142656113244295,2.0690661701796422,2.109803256424844
0.003654297692967222,0.601666468054026,15.968540846076799,2.789447225236696,1.6132772074273114,3.0467504533795475
0.003654297692967222,0.4830068809693436,15.198588434373956,3.0121278066760278,1.8941074231414423,3.1163286222228597
0.003654297692967222,0.6278664684468914,6.386529120812683,2.1397083360168874,1.3183954148265018,1.6122256046837562
0.003654297692967222,0.59300933135213,16.520083894571215,3.5516786435473757,2.4661776747535304,3.5483387621116522
0.003654297692967222,0.5940727156353695,17.05025307668278,2.5382253925331275,1.303860486666824,2.9343196659584296
0.003654297692967222,0.5692066722667444,16.32393506120421,3.5871987888714933,2.185643104745235,3.370879204928404
0.003654297692967222,0.5638680470847672,9.78178079360626,2.3674209339838077,1.486132825972983,2.101940507774088
0.003654297692967222,0.5032576943420075,11.11607574022982,3.1872243370339697,2.323234756812906,2.479808151396397
0.003654297692967222,0.5498991369099889,12.88473688249216,2.6998792858313205,1.435226037580421,2.803716756644028
0.003654297692967222,0.48916192177535944,14.975748487526634,2.675289538719899,1.5274532158183536,2.9061725871732147
0.003654297692967222,0.711201509103219,9.53251309050012,2.376756621431319,1.5913900651240476,1.9582053382528402
0.003654297692967222,0.46629193728701246,20.122575952746075,2.866173858865263,1.9159327718636223,3.0598995183517723
0.003654297692967222,0.7901682486864637,7.74516613724416,2.40900999696511,1.6165266628769708,1.6766026930089313
0.003654297692967222,0.7379474340070474,23.901209635362232,3.4001970237428294,1.5451165214689007,4.779202135232476
0.003654297692967222,0.7663952741893318,9.396832131790305,2.30248191917244,1.6938423263066071,1.6556098217687014
0.003654297692967222,0.7838415774854426,29.924583597554953,4.682482738327635,2.7102247865793454,5.356058264572538
0.003654297692967222,0.7282158118783759,12.786528441949523,2.176098883487084,1.6336452553555842,1.9865199937322506
0.003654297692967222,0.4765579057952789,17.606905732859527,3.232672203007965,2.0424415178196087,3.479284383243073
0.003654297692967222,0.6260510840308647,9.465153012950037,2.021697914816917,1.2413679402436624,1.7477537868584654
0.003654297692967222,0.49055240127401895,16.280003782954537,3.3232949627018535,1.9994367009787342,3.6154228019705816
0.003654297692967222,0.5623064941232163,17.24242421242431,2.270562569810999,1.3679669079785735,2.6634594476204936
0.003654297692967222,0.5023970368149758,8.453449638849836,2.351268121044448,1.5363347978649387,1.7891784774987232
0.003654297692967222,0.4903193530278359,11.671472938954908,2.6685596838917065,1.645990870334061,2.5440804328322555
0.003654297692967222,0.45897693714940546,8.708645398591347,2.191654032860829,1.5728496012875808,1.735268208976761
0.003654297692967222,0.4545971963267141,16.083708900383524,2.324818852875748,1.1243948830735087,2.684180816100261
0.003654297692967222,0.6060647009340782,8.348915485250037,2.0135630065749335,1.2743783450654296,1.8572481176752025
0.003654297692967222,0.6378216368641499,17.019428855610524,3.3430120845338163,1.8545884092266038,3.737835398677267
0.003654297692967222,0.5046076510256442,15.100750814447503,2.190169160955893,1.3733612023361523,2.568755715039112
0.003654297692967222,0.6477940369302904,12.776863996412363,2.9065520742204556,1.6387412756583686,3.0803006630096066
0.003654297692967222,0.5435471864806306,13.203805833949344,3.0088855906709653,2.084416613548365,2.5307998017671456
0.003654297692967222,0.5186158490861948,9.40667336116456,2.047530234395484,1.217726542339268,1.8235305152641093
0.003654297692967222,0.4599641721638468,9.966016002107011,3.0078065197613575,2.1243556474126297,2.4172899006417663
0.003654297692967222,0.7208567290784264,9.601601652080955,2.6615395088286995,1.8162643497230349,2.1451839092430744
0.003654297692967222,0.5492976440888228,12.26574082150172,3.069341372318831,1.7381371537666341,2.8167976138979585
0.003654297692967222,0.6891790840743212,7.005855159975121,2.524966960188914,2.0161452010930145,1.6594048376258668
0.003654297692967222,0.42559715308890433,17.5115056803413,4.045221862248424,2.137059773656604,4.196493375799765
0.003654297692967222,0.6838776001691635,10.126140720934874,2.3510899739472153,1.5042225608287496,2.0985330359038836
0.003654297692967222,0.6670069822724988,21.140262020167338,4.056477797221436,2.4320792188760687,4.137598195077823
0.003654297692967222,0.6168877915367991,11.782403147360924,2.4631947596648875,1.5420322584218333,2.4218505139465574
0.003654297692967222,0.5389812201139091,16.713202573621174,3.4586929186940734,2.115513167986893,3.4345521696717425
0.003654297692967222,0.7533044327611574,14.272330181342062,2.199671272162571,1.3801245224229686,2.5494789712725314
0.003654297692967222,0.4214637323273341,12.927153405788948,3.5780281564598693,2.2513278990348145,3.0539691508864366
0.003654297692967222,0.519466228313953,8.92369660659495,2.0154942017201747,1.2876724119261063,1.653618595075607
0.003654297692967222,0.746979684809912,12.474823290913722,2.8380082502836554,1.9912831416476093,2.4795020242787795
0.003654297692967222,0.529740077336658,7.468782579652665,2.4117534427825023,1.6938288994444572,1.7490062951710186
0.003654297692967222,0.6208310238848717,12.61438310611099,3.084261804876452,1.8770901904894575,3.017377057060833
0.003654297692967222,0.656564009743594,11.161309562474477,2.4637221489596834,1.704224328141192,2.255078555731495
0.003654297692967222,0.5749420022165787,8.674380816383838,2.3263385231893805,1.6999736762049897,1.7679619817895167
0.003654297692967222,0.7174895438714576,7.827777535709368,1.9768865618502334,1.3402369160260694,1.5135168892808906
0.003654297692967222,0.6023802929295352,9.962802288416201,2.610719948456831,1.5774897239362382,2.4715136484923286
0.003654297692967222,0.755865731451761,8.133707139123285,2.6795864299406045,1.8214834415349275,2.020405776799661
0.003654297692967222,0.5911273421620555,15.333362910528963,2.6094864314203208,1.8313865013551731,2.4013969227066188
0.003654297692967222,0.545229768557377,7.086589977275681,2.1842309678301164,1.5494469760835625,1.5675373354564628
0.003654297692967222,0.46799362855202564,12.883035567352684,3.1689077852863674,1.854423581544021,2.9521776853106467
0.003654297692967222,0.6517097512969963,6.876642668042316,2.233441324815471,1.4593267425581122,1.6002040005717486
0.003654297692967222,0.6221071657329176,25.96510249215487,3.725801636793216,2.5740139107521354,4.322306320444813
0.003654297692967222,0.752249671430161,20.67961011031113,2.695782060672891,1.5086128745563536,3.226835052764829
0.003654297692967222,0.5409057391594061,14.599170852517238,2.8285630332291767,1.8851505463820328,2.606262425710587
0.003654297692967222,0.7191517986211833,14.174087243318764,2.320183542765603,1.3936459828158014,2.3419617404407185
0.003654297692967222,0.4530648307716509,14.051915615986049,2.83749683338233,1.4446890750686698,2.7979535376421087
0.003654297692967222,0.7026213903171709,9.088738405701749,1.8528172785482375,1.349163715604432,1.5562918961712855
0.003654297692967222,0.5092342401800906,12.03670147086459,2.912666494707679,1.6602992668285044,2.6778511851086324
0.003654297692967222,0.538811300070674,6.813432893330245,1.9738378168318642,1.377943933636975,1.4335750531987115
0.003654297692967222,0.5253616387789923,14.37249013858904,2.4123260135670956,1.666180614457866,2.4582921350315954
0.003654297692967222,0.5026498314435524,10.400832885311067,2.042734775161556,1.3379947996713677,1.9987141257785745
0.003654297692967222,0.5403090102110493,11.917946386080388,2.8203348361018055,1.8129083376529314,2.639033452594706
0.003654297692967222,0.5072722607005901,12.107833267423363,2.226194739392796,1.2978666753527803,2.26777516985262
0.003654297692967222,0.46710691002255267,10.149839924855414,3.0118890031289287,1.7418406858465594,2.7174869118821956
0.003654297692967222,0.5355742587075389,17.23462691652562,1.7547886942210085,0.9975409211913582,2.4238380173446474
0.003654297692967222,0.5934901843269691,29.745818778886292,3.5197962446750073,2.062406747311247,4.510318925903812
0.003654297692967222,0.6230608025709277,7.9401099824592105,1.5840332479301773,1.1364470533236783,1.3911862349267619
0.003654297692967222,0.4389228662714627,18.32661910618877,3.6621079411805706,2.1802080788907183,3.7399801639761394
0.003654297692967222,0.5022675534560938,10.204929563691747,1.8156784267885806,1.0819181249739214,2.007077764898806
0.003654297692967222,0.5422702299108088,21.849522398767252,3.2679958904849773,2.0432101831640237,3.561804405274691
0.003654297692967222,0.5655118305562665,7.705729056463516,1.4638284965826407,0.9312728686077283,1.3875700767026988
0.003654297692967222,0.6491757161122409,12.723745792262346,2.9244120346709828,1.7421341110194646,2.5063196245808617
0.003654297692967222,0.48272189527899617,2.9819648911854366,1.2364767981706473,0.9925811278964123,0.5906495055612624
0.003654297692967222,0.3655252677263386,25.05331455305883,3.152465398962178,1.7374965799365258,4.324908837624849
0.003654297692967222,0.5475400705841029,29.953226310672033,2.3284494097403505,0.9478512913159091,4.395916207928093
0.003654297692967222,0.649772381921493,7.480664226541919,2.3218476236596706,1.546816717682499,1.7138210748246598
0.003654297692967222,0.47808180028608616,14.435988381313166,1.5825585602394348,0.9181579273716494,2.0891523645473735
0.003654297692967222,0.45789935341716104,10.300229501297906,2.6089748709982423,2.0004184176071553,2.135279497792811
0.003654297692967222,0.5738520905308298,3.893394097062575,1.3742644387622807,1.1152427727599057,0.8272249881274759
0.003654297692967222,0.42494798920825894,12.35934764785392,3.725930603663483,2.2997487040500983,3.187213124657175
0.003654297692967222,0.49609100500633724,13.111836161108043,1.9504436251087793,1.1120132147400281,2.092161103924007
0.003654297692967222,0.34655429757420986,13.46500100170152,2.4846789481572675,1.517069081474439,2.6466259843815156
0.003654297692967222,0.4845408767247168,16.301917701322854,1.7466046044705386,0.945088268140132,2.4405764475377456
0.003654297692967222,0.32924359930466374,10.63240042157479,2.9784412462015335,2.0598202122278937,2.6460178450000003
0.003654297692967222,0.48264499488542617,9.480832879789583,2.0683266516441976,1.4837772382473224,1.8428014429727166
0.003654297692967222,0.5134495879336397,10.19819709271288,2.4577654646875438,1.8731881081208321,2.214636601396702
0.003654297692967222,0.57174908159485,7.168122121901926,1.6366207043860275,1.197172520636792,1.3066360291561103
0.003654297692967222,0.46924400817927764,13.684832625653485,2.4305449449299634,1.6228994268772263,2.400437461118926
0.003654297692967222,0.520315495773431,12.415666274140312,2.1180618103724584,1.3684007382774896,2.094603405616547
0.003654297692967222,0.6135297193401715,15.794284226461077,2.4307221610482546,1.6894573682843927,2.636001832831431
0.003654297692967222,0.5184650805523159,8.40425339080135,2.1149745117854413,1.7798638927665162,1.6193314485628134
0.003654297692967222,0.46831347873575363,10.017897666346348,2.0883438490609016,1.135231625412891,1.9328550795392334
0.003654297692967222,0.5816385699015345,13.376741386798367,2.4792747834721567,1.5142877037261826,2.520950301282139
0.003654297692967222,0.6194672416360544,11.608204885274226,1.9309585887947553,1.2259760321015436,1.9904858751436132
0.003654297692967222,0.5213229957468266,11.351280076775556,2.6541421951503277,2.115742920885939,2.461047919855816
0.003654297692967222,0.6035943051569184,15.680845700312549,2.0923291176048506,1.238341383203414,2.3549350982636503
0.003654297692967222,0.594782507426854,12.039362776539228,2.687471287397632,1.3929421979276515,2.7852509116357167
0.003654297692967222,0.5989744193860211,7.805461881994834,1.8891512999611217,1.3293758350082956,1.5112032046021837
0.003654297692967222,0.5682026362256186,11.869086364808448,2.6355595732347985,1.759136115611887,2.3211362928437014
0.003654297692967222,0.5089103164865995,19.336764846066085,2.3181966334684754,1.4595523505289045,2.851364849726316
0.003654297692967222,0.5640634636418436,21.152589240739186,2.731326074426505,1.310316115197883,3.470887698394086
0.003654297692967222,0.6246408464514053,6.7893293973996585,1.8428779092023162,1.3406155088814868,1.3675537996290303
0.003654297692967222,0.6414808478615315,18.09827905912932,2.500256507954118,1.4200865172022612,3.047253880172978
0.003654297692967222,0.6403590826588944,7.083624878218768,1.999648965721422,1.4794972815335325,1.4344299441885553
0.003654297692967222,0.7210101797256669,9.544895997847949,2.622179618225754,1.7011505131201876,2.231001934810809
0.003654297692967222,0.7508589959293401,12.59843365906255,2.369098599291477,1.4123391018393856,2.11851876444591
0.003654297692967222,0.639974118252764,12.482796507185434,2.0948411572491294,1.3564974686052786,1.9636762137305628
0.003654297692967222,0.6479872914284909,8.2824313214296,2.088240592643866,1.2618730577523811,1.7121570096470884
0.003654297692967222,0.6559395522543229,13.82574476681399,2.211240465815398,1.491059468492653,2.066073988756101
0.003654297692967222,0.6309889495321506,4.644989403419319,1.4507409655680137,1.124239079176284,0.8693422104859347
0.003654297692967222,0.5990098031840821,9.581811099871079,3.098778545051467,1.7451794693057994,2.3571328754812777
0.003654297692967222,0.6284620443174945,7.104131529277014,1.5366996586708612,1.1712892077750015,1.0752142017271253
0.003654297692967222,0.3928195922064064,10.855361197408504,2.622671524328297,1.533405308274831,2.568659562936755
0.003654297692967222,0.5435718453119132,7.07359955146972,1.9708996630852635,1.352416944646719,1.5604475917052214
0.003654297692967222,0.5090686247986757,9.442372361841754,2.6032437670536996,1.8823436002824026,2.1106490374613847
0.003654297692967222,0.6652180896832308,4.836770099740598,1.6462490616042262,1.2502381482422784,1.058071549934228
0.003654297692967222,0.5318800811206156,16.630682697999852,2.824973041515379,1.5241353685506036,3.176757393029525
0.003654297692967222,0.6206194720784778,4.338893096484405,1.4956475594560414,1.1055869740640727,0.9652387079499622
0.003654297692967222,0.47991549541982526,14.998770150652444,3.982303838663162,2.5969429161535826,3.696557776669013
0.003654297692967222,0.5007992860073647,22.246761573434085,2.026122844852137,1.0352616661153264,3.2627850319699117
0.003654297692967222,0.4409439527520802,15.640406792096602,3.428409299357351,2.5576662407666344,3.1537048529329694
0.003654297692967222,0.5752763809540755,13.294592705084295,1.8678496843382144,1.060144455080338,2.228340933724842
0.003654297692967222,0.44902606425483366,15.692837132748185,2.607432086283491,1.6254749520954146,2.834893348856763
0.003654297692967222,0.4889085698421341,5.117875399710058,1.4988523571504926,1.178528823158852,0.9025084005656846
0.003654297692967222,0.5173946445826054,30.616876592277308,2.700916409928554,1.2212232076629956,4.544679903886687
0.003654297692967222,0.6870721309389379,18.76097280643058,1.7138481231297953,1.070441485465528,2.646942410508878
0.003654297692967222,0.46964674006233587,25.317511872238885,2.7906584101482497,1.5971159441634493,3.811007199196522
0.003654297692967222,0.6910745397458422,31.112157625230093,2.3277102670821352,1.1004253263790176,4.564744900681584
0.003654297692967222,0.5142180486724851,6.487512772483127,2.0299764377637963,1.2470816847564818,1.5210661650539623
0.003654297692967222,0.6003128658240244,13.507887053281944,1.9377352373145929,1.2053237080589585,2.277489016611759
0.003654297692967222,0.5166289190908089,12.001943774793663,2.237179233268476,1.3333536490072013,2.2304148279753666
0.003654297692967222,0.5625455740143661,8.000792640634204,1.662443931400109,1.147886631859716,1.4135299491470243
0.003654297692967222,0.4374250483892976,16.803284826401985,2.6530516026187696,1.6069319489804321,2.7958205061458137
0.003654297692967222,0.5208378535357099,9.060932173172134,1.5440244559816667,0.9048842722403985,1.5816892108393077
0.003654297692967222,0.46191009727282817,11.095165136905234,2.802531742129306,2.025758654299189,2.499191480960401
0.003654297692967222,0.4442978279228915,4.145884102171979,1.5641715458360252,1.2279111991867824,1.0028409634192
0.003654297692967222,0.4142854299381402,10.714848785347689,2.8484341173500316,1.601272680877782,2.7231117308937978
0.003654297692967222,0.3575315267277214,6.174762622805245,1.4115465988389033,0.9503195649006384,1.1469118814307633
0.003654297692967222,0.37064713711809316,10.914069788800822,2.5220543894761787,1.4353982866202923,2.3225797797218486
0.003654297692967222,0.354781978710804,6.558031613968027,1.3697901633814262,0.9651622606485571,1.2373761599008852
0.003654297692967222,0.4228725549441685,16.54114668338469,2.9069424613634443,2.0339872697860235,3.409873323640205
0.003654297692967222,0.36297112271389037,10.140957279674112,1.331810966248141,0.9002202402217022,1.562704546566281
0.003654297692967222,0.3186167624455694,15.806322421415857,2.425341483327946,2.0809957656414966,2.500625003325781
0.003654297692967222,0.41762800403510275,5.7874048568606975,1.027105705117032,0.7088921295020921,0.9215234905264414
0.003654297692967222,0.4246560261020551,18.994814841091966,3.565891591231275,2.192613742215273,3.790761495013837
0.003654297692967222,0.46182467541782035,3.201755402462,1.0421280314221144,0.7085441998632387,0.7525329962198823
0.003654297692967222,0.3829232175412934,18.892982202504474,3.696905532216075,1.6189194937081353,4.4029757227291935
0.003654297692967222,0.4271856955361966,10.21909867308712,1.5656328552810814,0.9562255480241252,1.7679004966169003
0.003654297692967222,0.47593163350617895,7.008227906153729,2.302660099636405,1.9129700648686945,1.7062098049694807
0.003654297692967222,0.3487570257359228,5.8024614146694615,1.3807132163573848,0.9264398283047257,1.2159783296908604
0.003654297692967222,0.34900833913873514,16.073350556103808,2.9523151201615883,1.9346071060056296,3.1292898604168156
0.003654297692967222,0.5348148006288175,7.661419555067223,1.2619540511223082,0.8146675420284775,1.229097644584306
0.003654297692967222,0.4919160775126553,11.947290526569107,3.2497143432233138,2.496123725510052,2.6818073412866457
0.003654297692967222,0.39585473251733283,6.9963204196812,1.384588350652825,0.8384386132967594,1.4311453701713346
0.003654297692967222,0.3474554032304556,16.55873961091982,3.424429160527982,2.1122144242359546,3.4274178439009475
0.003654297692967222,0.307919924870711,24.34206685069373,1.7627509366405243,0.8876756040645261,3.41273891842788
0.003654297692967222,0.3165530143635299,9.282775274823175,2.67227125670489,2.0003905840562197,2.2013243448598985
0.003654297692967222,0.45308927807641297,18.359847718960683,1.835901618551476,1.0283881568493995,2.72531826885353
0.003654297692967222,0.48460005443083465,20.297746343608956,2.57751621828643,1.3862769167729898,3.1971643783211885
0.003654297692967222,0.5310365228540151,7.172395110737591,1.3868003312658395,0.9240248782899025,1.1236645329241504
0.003654297692967222,0.4187366365677875,14.124301250354005,1.8967788787765623,1.114138277303614,2.302643267969096
0.003654297692967222,0.5320084244164555,4.003262571953535,1.3199880342914099,1.020276119576054,0.8172549156522649
0.003654297692967222,0.4249688596557703,8.489591240491995,2.299839992518143,1.7152494782694832,1.809802366570433
0.003654297692967222,0.45403174606750973,4.615573271414645,1.3122274608711537,1.0566167214502955,0.8161961976114412
0.003654297692967222,0.42261522073082464,9.08315129899212,1.99810635593344,1.5521691128725181,1.6642859149906235
0.003654297692967222,0.5289017131274741,5.1447240800582605,1.3086189372511945,0.8993981067639518,0.9897830611353903
0.003654297692967222,0.4463081398213143,8.221964560705098,1.9478991838483197,1.531749737419708,1.4747426709011153
0.003654297692967222,0.462373059777546,4.862824609442667,1.387732929959452,1.0510630557438798,0.896014601325788
0.003654297692967222,0.44616021847532017,8.552874668442668,2.3692238765918194,1.9257327115141947,1.747140206730495
0.003654297692967222,0.49057097788493453,3.8597924731572255,1.1286367949792295,0.8246327358422774,0.806598842663684
0.003654297692967222,0.5730336936535458,9.354087597338125,2.7009469325812194,2.1885326356325026,2.1362831900677515
0.003654297692967222,0.520453957160026,6.865022612092885,1.2142269486609303,0.8037110718332143,1.1231385810999348
0.003654297692967222,0.5399114076900609,18.469430204233465,2.5918499366557186,1.558949151576278,2.8351288213802595
0.003654297692967222,0.34355284723931934,7.75179775891427,1.6311838887158923,1.1758388947121605,1.4971680294078988
0.003654297692967222,0.3841513901436176,7.424741436712049,2.1488019654190014,1.411849417911676,1.8343997162633794
0.003654297692967222,0.5263405625443194,6.116999876304099,1.4452494321140679,0.938604388853926,1.1475175214298556
0.003654297692967222,0.6079152114877504,11.721344840418299,2.238032661481214,1.4850156974784614,2.025123118187914
0.003654297692967222,0.5509283420781632,6.037698471584483,1.3111298257671877,0.9231217652100498,1.060754170878867
0.003654297692967222,0.48720109539408224,11.654027722736966,2.771457358745321,1.6648713980367833,2.5771044892047295
0.003654297692967222,0.4970501820989696,5.622943950010668,1.2907762410495667,1.0015370249456634,0.9711643464565366
0.003654297692967222,0.45664621109873305,9.193389782076911,2.086827764581702,1.4527542664883835,1.8256694387840158
0.003654297692967222,0.5956504424233029,9.800186634468568,1.4689115684001128,0.9207095999440039,1.5661096030902109
0.003654297692967222,0.48361084332895565,8.366973343210464,2.0236312003821366,1.2042408739151342,1.9398353945289106
0.003654297692967222,0.651312265734365,6.040549792627139,1.3737177526163469,1.1222046428399872,0.8992606240134811
0.003654297692967222,0.38179750206698965,11.150242616009388,2.1211230541807837,1.4860038793336587,1.9685833136781914
0.003654297692967222,0.48327203985236983,10.345583641353265,1.348569859606161,0.9376898946577061,1.4259408375251603
0.003654297692967222,0.530549293410207,15.613698849101493,2.6127928579710376,1.5538648477372505,3.0374928300741555
0.003654297692967222,0.4906032661396388,12.655716887961617,1.6139894412559643,1.0061869646413495,2.0174641328554905
0.003654297692967222,0.5886423959779484,9.718319658746227,1.995580733250699,1.3088226956045763,1.7784666422459634
0.003654297692967222,0.6467468950958211,4.597235155643645,1.4250439161852262,1.2026857778737574,0.825243287823869
0.003654297692967222,0.4026812327195149,9.59938213276441,1.7840843664205284,1.138461966485194,1.7708928797909593
0.003654297692967222,0.5279429074753031,4.098591294387382,1.2867037011984173,1.0260899484389476,0.8225592272418236
0.003654297692967222,0.5500635226238411,15.606189538706431,2.1782259035910805,1.2742072118276964,2.620402111984547
0.003654297692967222,0.5187127546470558,5.0063244780065315,1.2017661365104881,0.9802238744647502,0.8183143450060153
0.003654297692967222,0.5544132462473321,14.337367113014155,2.4686799948022173,1.322804171818337,3.087789619967755
0.003654297692967222,0.5400118312108282,7.73752105134059,1.3720941732811567,0.9327217014240067,1.3797490700104251
0.003654297692967222,0.4263335804335846,7.985860776948657,1.9049221660511222,1.055146469819883,1.890884232366254
0.003654297692967222,0.49620799093477114,3.90767150693326,1.2349349806841972,1.0229742872733731,0.679838072789213
0.003654297692967222,0.4107956388495537,9.63393422503863,2.1157462118079855,1.202814185780543,2.1260310719440016
0.003654297692967222,0.5341802910520583,9.353339373475775,1.6996452924922876,1.0999133807491561,1.718428339852335
0.003654297692967222,0.3781629792564503,7.225103732045206,1.4309456123982107,0.8741563437958217,1.4062685352181872
0.003654297692967222,0.47369385534311514,5.340684776696404,1.364966541526491,1.119569577826387,0.9267712244875467
0.003654297692967222,0.46182053971976367,4.368930341115619,1.4618815912459455,1.1806447137957221,0.9531652520234702
0.003654297692967222,0.45693989872786395,7.994127827459772,1.5299212936428033,1.0035520427626585,1.354509882864789
0.003654297692967222,0.3336822852252362,4.3276977846744416,1.1881795008244078,0.9497563674760202,0.7795189963336624
0.003654297692967222,0.4390542848488035,6.508763353478358,1.6385646847607263,0.9599997601857971,1.3609574594565725
0.003654297692967222,0.44508555684178625,2.9918745803874467,1.1369728116900526,0.905849700691992,0.6199614401444677
0.003654297692967222,0.47778259365497355,8.533242639700983,2.14703891286376,1.6539875418612318,1.6995193903662358
0.003654297692967222,0.5637307720562139,6.551701668822837,1.0636951181887675,0.7732240162409322,0.8960976235310468
0.003654297692967222,0.44789781513242927,8.08703844203642,1.9613029968110345,1.4256334162241422,1.5502436411340876
0.003654297692967222,0.5595955477054835,3.306247317843946,1.176728002311687,1.0625049919887897,0.5423442363670118
0.003654297692967222,0.5514896910478905,10.706356303471168,2.3174843703104226,1.4513654627523829,2.182831429722566
0.003654297692967222,0.5246410765444541,9.699147950152604,1.5335596172482782,0.9276059060362798,1.8023537474283307
0.003654297692967222,0.5882157946243824,12.488468454044629,1.8843851413646575,1.114388174468134,1.987037081010004
0.003654297692967222,0.6084343120239147,3.699464152044123,1.1314341164928094,0.8827896136670024,0.589604584110674
0.003654297692967222,0.5580254264485724,9.060735616797377,2.042277732334151,1.195306236952577,1.9173918318093521
0.003654297692967222,0.5930954133842696,4.342852977671983,1.2732729355972117,0.9125591111759379,0.8779252679697575
0.003654297692967222,0.5768502899405014,8.533414943269978,1.9527562084138521,1.4570225392856213,1.6701958696065042
0.003654297692967222,0.5853319623978225,8.100514742079483,1.3817795150253327,0.966090132219928,1.1774216641873396
0.003654297692967222,0.5182654356115325,6.660873165573557,1.9457870555156185,1.152722998450927,1.6117297801422172
0.003654297692967222,0.5737395776154393,6.220590473509328,1.4765287247168855,1.1216275824997632,1.050503494341167
0.003654297692967222,0.5450569781670097,4.959169299824121,1.4243831378931597,1.0593688955471574,1.0700662287712464
0.003654297692967222,0.534224338005044,10.23272026322868,1.6320401655403964,1.0768706242475758,1.5480292103150033
0.003654297692967222,0.5589809796753799,14.649659959651581,1.507111399852939,1.0049269929658302,2.0075656517666305
0.003654297692967222,0.5988460130685078,3.9571126239549597,1.427940485062737,1.083097123206818,0.8221988625007692
0.003654297692967222,0.5315704641380556,5.845091777795275,1.4026270793299742,0.9694216460602364,1.1042290752097617
0.003654297692967222,0.5744409952769286,3.3503379590012186,1.1680138905424264,0.9113419929945472,0.6306044752391996
0.003654297692967222,0.5590144995608671,5.06477922362106,1.6358241012245893,1.3664609929322675,1.0177562768336987
0.003654297692967222,0.5303855225889763,2.0980791255409916,0.9420484509167116,0.7673030623402539,0.40382013645290266
0.003654297692967222,0.5016819406993518,9.722418508657288,2.4012713594891886,1.7774021821340584,1.878779785749674
0.003654297692967222,0.5434348435715161,5.622521982072996,1.0693392898819256,0.8320759345718065,0.9213107372315179
0.003654297692967222,0.5786850475172195,11.239954427212082,2.7137989945483723,1.920665468514514,2.280181196527187
0.003654297692967222,0.5273213803116417,4.127166460404221,1.1577955944213054,0.8486774752201347,0.8179909431700974
0.003654297692967222,0.4097922306287361,8.840059819386122,2.175627866831537,1.6706642264289442,1.7664699326324054
0.003654297692967222,0.5257857717325025,4.1133691479271866,1.3525240679670447,1.1158179293035488,0.8078926686490746
0.003654297692967222,0.34159408283815873,8.027347995120856,1.8815987326402928,1.5687687962038146,1.609270657535173
0.003654297692967222,0.4488792836584065,5.064277480529804,1.0178343686454745,0.6871663298300679,0.7795563895266401
0.003654297692967222,0.4530721355272934,13.137810161527494,2.2382378964777985,1.5306478719641223,2.089355277073263
0.003654297692967222,0.460503655537581,11.087787507523686,1.154431054547297,0.7720247256150004,1.535343909829776
0.003654297692967222,0.39227294956332337,9.134298038270119,2.3272470486442973,1.2450926454792677,2.2846228478572135
0.003654297692967222,0.46324115512521014,5.380789130893907,1.0330063825243203,0.6855613800002702,0.9195658152452569
0.003654297692967222,0.4073525716053156,8.806154431279127,2.3144134535316843,1.877295884607159,1.8972610518866768
0.003654297692967222,0.4970137782085458,5.119105850179093,1.1624504577289694,0.8069816773042062,1.0773805270578682
0.003654297692967222,0.47311186734630273,8.952747933818344,2.196130684678155,1.3818987344786375,2.017412595459647
0.003654297692967222,0.4641689826453111,6.514459133934733,1.3052729982491804,0.9137370243298537,1.1185347445818195
0.003654297692967222,0.4708725870673689,5.431518645838923,1.5091965174169162,0.9073881771211976,1.2820299035687948
0.003654297692967222,0.4896851072520084,7.10400483980185,1.6304104230067336,1.1128800104261063,1.436772342545727
0.003654297692967222,0.5366205030467879,8.503203042988824,1.3746048237528483,1.0158273916021603,1.211929571131381
0.003654297692967222,0.4335526758187542,4.127444089452409,1.3200722217711687,0.8574567882523478,0.9975683994994975
0.003654297692967222,0.5054507670643388,6.466511960686555,1.4214150207918852,0.9193137643394522,1.2129785038235985
0.003654297692967222,0.5355946341887554,2.9429746478147134,1.263591904765975,1.0916263586905157,0.6451301571128512
0.003654297692967222,0.5708169793126876,9.112074197518336,1.5346039265643463,0.9503405928647081,1.4159415142713834
0.003654297692967222,0.550333312460044,6.130705464638378,1.1591798188812759,0.8513510717212507,0.8931854005492952
0.003654297692967222,0.5031406700957975,3.812729006586808,1.2581952856707257,0.8928555399092655,0.7676450379836681
0.003654297692967222,0.5911305442465697,3.68064879853608,1.4565790601238984,1.1372593892812857,0.7719516973842874
0.003654297692967222,0.5633311110925439,3.8887806479635434,1.3559139205001376,1.1171900938030581,0.7368973477758533
0.003654297692967222,0.47104838530239024,3.28449520557257,1.2123441853960817,0.9632110602127517,0.649702681242452
0.003654297692967222,0.5468963311418924,4.121508875549221,1.4478537727136702,1.0743142277639852,0.8574794495162188
0.003654297692967222,0.5138584738269686,3.7298099594002494,1.3435533837865983,0.933280467342088,0.8425408372452617
0.003654297692967222,0.39370540031441387,4.382388019819131,1.3399745389320785,0.9432441660470867,0.9557380732782803
0.003654297692967222,0.5421199944214741,4.169856464418054,1.3701771004824388,1.0679682633615029,0.8301689602582387
0.003654297692967222,0.5388099387034742,3.8261882552823296,1.358630310616583,1.131017757007907,0.7382720468541056
0.003654297692967222,0.4701867769582603,3.7507997762377734,1.2467450054266076,0.9340144711967386,0.7061098658272509
0.003654297692967222,0.5163108185088167,3.8887038765735515,1.233132548386542,0.9390908895752427,0.741936239652275
0.003654297692967222,0.5864462609215607,3.5035899798743078,1.2818436487612794,1.002484888569475,0.6877174841820137
0.003654297692967222,0.43314636402151463,5.429046122819185,1.2704464832022144,0.8985796564239696,0.8808938026192333
0.003654297692967222,0.5337103270891921,5.2769467204180565,1.2009535986124273,0.982983617947985,0.7419801915796003
0.003654297692967222,0.4709129295510324,6.798355264327548,1.1790475294902476,0.7148277945859762,1.1987263486113502
0.003654297692967222,0.4917894602494691,7.162380962006903,1.9274682426946108,1.468693224700119,1.482996126851429
0.003654297692967222,0.4431301585040032,4.921736386601439,1.089453747333078,0.7546669728315387,0.8763652862200098
0.003654297692967222,0.4422085896394079,6.323701645368214,1.6840715785916383,1.0493685385955946,1.4393092026384282
0.003654297692967222,0.45859534243221184,3.8678108585321818,0.9855860452239285,0.7310006935530241,0.6271166766837226
0.003654297692967222,0.48369665357327724,8.120847374869806,1.5190312818926572,1.1415356736318203,1.4717418966795315
0.003654297692967222,0.41450681374172954,3.0548587434921237,0.8984389749091701,0.7511479822629401,0.4509414335730904
0.003654297692967222,0.41699840346498096,11.157298431799195,1.845068381009394,1.2539419951453001,2.0299658050474867
0.003654297692967222,0.49633862940931495,4.317041172447684,0.9612605582057974,0.7235275777501051,0.7215711815910476
0.003654297692967222,0.4633962952148709,6.351287499160197,1.555587193917114,0.911483599893192,1.458041592653791
0.003654297692967222,0.4937200600403607,8.353851853494167,1.3026499569741787,0.7409092380341039,1.2734426268325212
0.003654297692967222,0.4646114615736237,3.3545844836046133,1.2131809629980859,0.9449094566366862,0.7452270327656328
0.003654297692967222,0.4710974397544291,3.354301935901646,1.0949476499821942,0.7535768571143397,0.7347711377447308
0.003654297692967222,0.3437285662535271,4.461210461449033,1.6582756241138419,1.3324874424690538,1.04253339133759
0.003654297692967222,0.5345882192213891,3.8769943956022774,0.9480337434509232,0.7758839645564737,0.5349615303302003
0.003654297692967222,0.5097953929900623,4.483101685892098,1.2712706060283343,0.8996956206587347,0.887705240928555
0.003654297692967222,0.4720778832685054,3.011853715130516,1.0704341123939238,0.9627761930062356,0.5179854057690794
0.003654297692967222,0.44248721967752486,7.742326277105424,1.4557242597848024,0.9930440316257191,1.315791241408694
0.003654297692967222,0.4275665079769885,6.035322340168085,1.2400897009107086,0.9687350209996222,0.9992198554206074
0.003654297692967222,0.37899988611587765,4.68229870780467,1.3688064091958665,1.0295226975234075,0.9486959953793578
0.003654297692967222,0.41180092340750507,3.3551082519772883,1.1376519223791912,0.8739194105497056,0.7130890312548465
0.003654297692967222,0.5187337429507896,6.881828514845354,1.6144687270082883,1.1384353554953153,1.2745134288174627
0.003654297692967222,0.5370785831660329,4.153622701704511,1.093710561471241,0.8196436004469247,0.7340478269657543
0.003654297692967222,0.3819524195993588,4.205805755083931,1.7944549103978937,1.8581457893618012,0.9528757199947349
0.003654297692967222,0.44493712996620627,4.198088212152565,0.9302983746655216,0.7625546297637205,0.5893011878342514
0.003654297692967222,0.43779546970013444,6.626338578069985,1.7887947912643136,1.1213122122179628,1.510132207276049
0.003654297692967222,0.48684256180490276,3.6418434794750354,1.0717327250843065,0.7464431285702382,0.7376121160559477
0.003654297692967222,0.4647422606889598,6.114270020950492,1.4436175086684713,0.9617678422004091,1.2118317535624215
0.003654297692967222,0.5219893575315341,3.1010031689697293,0.9773870774028184,0.7620078827704659,0.5144114538929602
0.003654297692967222,0.3783179747942333,2.538453873903559,1.1365601826159124,1.008610446919395,0.5708061793068873
0.003654297692967222,0.41511713056901334,3.8226666842157746,1.0785886620595133,0.813193008242509,0.7169544354662117
0.003654297692967222,0.3554135534132523,4.6342239073162705,1.3009889869069382,0.9858009653143869,0.9485445446508487
0.003654297692967222,0.37835470782753633,2.752753960055104,0.9449304011726014,0.6997210152537245,0.5094912787272384
0.003654297692967222,0.40497260316613315,3.644764330534363,1.2574123960588683,0.7679467687420258,0.8840547791833807
0.003654297692967222,0.46496378434124747,3.428636242536697,1.0730333328735155,0.8068719293360035,0.6988354774891634
0.003654297692967222,0.4293131615295352,2.9361645604510214,1.0224432838121904,0.8207993499095609,0.6024634534518446
0.003654297692967222,0.4147226362489302,3.126942530399364,1.1870626679264504,1.1096476810494567,0.6059469258809961
0.003654297692967222,0.4200427260791974,3.4499650300651297,0.8287508226022174,0.6568982200376147,0.518657099831692
0.003654297692967222,0.33509670501342964,9.46823790251483,1.2975235634144768,0.8127610613104506,1.4431516673502887
0.003654297692967222,0.42271465291534527,3.3736928193443108,0.8371468118839347,0.6716527362043674,0.4907402870558494
0.003654297692967222,0.3446876675370589,3.680598874823762,1.2187646744331375,0.8311546673827315,0.8722397914956921
0.003654297692967222,0.32580545969638125,4.3588797510055155,0.8668119250159768,0.5006430647876303,0.8904626041009143
0.003654297692967222,0.2703347442211877,9.301546481958654,1.4633282184699712,0.9695073840857614,1.6312878697437168
0.003654297692967222,0.3111635257037424,5.562310338148495,1.0513040463207737,0.628145911079661,0.9848496206661473
0.003654297692967222,0.2832064973111827,7.332849904523172,1.4702565504274419,0.8456775337655696,1.4629712728112079
0.003654297692967222,0.31397477067616847,7.9497940918827075,1.0544010171206522,0.606729632494422,1.2496293837321277
0.003654297692967222,0.2674036749932912,3.410543846237637,1.0401066896557163,0.7120014533551422,0.8074390261064542
0.003654297692967222,0.27170251230346254,3.632472546740459,1.1281600244654466,0.7202684900269692,0.8675302724402281
0.003654297692967222,0.30624978328746577,4.12856084689696,1.0285130840914258,0.703763228189053,0.7960968325563604
0.003654297692967222,0.3239664893493337,3.323502608419212,0.9587122787397507,0.5646884860444306,0.7607365577140709
0.003654297692967222,0.2646316018454115,4.542984006653554,1.0983772645801486,0.7975527622323608,0.8893451434507406
0.003654297692967222,0.36948549742890996,2.935432313719053,0.9673249232893772,0.6881651781966878,0.6589296658783773
0.003654297692967222,0.3821226495179975,5.163872896301309,1.5171727871609486,1.3271889336396443,1.0755643132894916
0.003654297692967222,0.3506379517770856,2.340834307726421,0.7331054594548045,0.6604899654145511,0.4059082774398526
0.003654297692967222,0.3139505699029087,8.970254832510879,1.4875857726680122,1.0633360601112072,1.453721318649161
0.003654297692967222,0.3926298805761646,4.377231407233939,0.8045581341116264,0.577335653359965,0.6457135009600934
0.003654297692967222,0.339232799966737,8.7774698555775,1.5494105999633512,0.9605274811465851,1.550636026459219
0.003654297692967222,0.39235947391961884,5.2218543552543055,0.9548364243068687,0.6210196837237683,0.8213521927423071
0.003654297692967222,0.37747781871362773,5.576164921320761,1.308204329950184,1.0502692105370548,0.9227992306163969
0.003654297692967222,0.4121498046944742,4.499934665797237,0.986434775624033,0.7501811500800082,0.7235911987128665
0.003654297692967222,0.39214017726636824,3.3454613005443035,1.0786192283562916,0.9410403601104782,0.6014664203176888
0.003654297692967222,0.41779051055327987,3.1133633390880364,0.883861417956125,0.7096946178536975,0.5317143660199444
0.003654297692967222,0.3325887723184284,3.0376207569619207,1.1363761116273325,0.958641085156493,0.6898407039763441
0.003654297692967222,0.37331338718871726,3.238881289463528,1.0072251615719368,0.8290451919590185,0.5566570776583565
0.003654297692967222,0.2985117119480285,3.95000729470709,1.010351385218362,0.7598107142131345,0.7569657165295429
0.003654297692967222,0.35687865289370985,3.2061314483993817,0.9569772735608941,0.8101497997924537,0.5595378590380107
0.003654297692967222,0.3153051172854751,3.8945270569345243,1.1866598448683439,0.900498382669924,0.822781291175398
0.003654297692967222,0.38844520988744413,3.674494742606011,0.8992654654774642,0.7145716955141215,0.6219190298455594
0.003654297692967222,0.2950179852403215,4.174075802443903,1.1411292008881937,0.7955674735717545,0.842966262538982
0.003654297692967222,0.3361786129197351,3.375686730398037,0.8816931796029099,0.6575164872244132,0.5618982281390846
0.003654297692967222,0.3049284801675701,5.040499535038621,1.0777665056576315,0.6919057637597278,0.9580354679847669
0.003654297692967222,0.3332169465617195,5.4158868892392436,1.097909167556827,0.7926353730391695,0.9633043831389443
0.003654297692967222,0.3788906076503746,6.081333408527474,1.0618406132496003,0.6882728428913598,1.1307798681578427
0.003654297692967222,0.3328350045584733,5.292624144093063,0.9251851751326718,0.6462611622885865,0.8198383567053636
0.003654297692967222,0.3292610815472033,3.4966848092849174,0.8994682527374444,0.5975611521351307,0.6940060415104155
0.003654297692967222,0.3059290933647901,2.8940191498213967,1.1304954274401635,0.8389345229645064,0.7903244289308851
0.003654297692967222,0.3280016098516634,2.5498490592093304,0.9439522105742171,0.7458260042920964,0.5724910481396127
0.003654297692967222,0.32736076249556534,2.9622455098891987,1.051336037306584,0.8069940713677511,0.6785111413150056
0.003654297692967222,0.3031827947715689,3.8283443816119034,0.976733165520765,0.7634262512289435,0.672001220191204
0.003654297692967222,0.35550411315152425,3.652499868166127,1.057623943578557,0.8067603757280274,0.7479562020619686
0.003654297692967222,0.3344903352226747,4.035383167526685,1.0827435989033365,0.6152142207169624,0.8742948792945022
0.003654297692967222,0.29692563610288214,4.5348768870444855,1.0952932300008278,0.8010943669526437,0.8656417847972852
0.003654297692967222,0.33944206696072027,4.977607622047186,0.9771694626825359,0.7042563023434874,0.8202490493437521
0.003654297692967222,0.32682252906506365,4.47384671933815,0.858771189868731,0.5962793882253272,0.7184180009108907
0.003654297692967222,0.3240465152730276,4.488786027511042,1.1450628566692627,0.7991110956964733,0.8712513959654167
0.003654297692967222,0.35181600269298346,2.4124764128033975,0.7503282719483474,0.6012559976495293,0.4215059934815802
0.003654297692967222,0.33043397492630205,2.9138944435886556,0.9667993699862113,0.6921345125323335,0.692394114410198
0.003654297692967222,0.340030658750193,3.0688718657138496,0.9325759997937882,0.6763316845426555,0.6104650778189052
0.003654297692967222,0.3690040892752343,2.2928272147683044,0.8298065084293778,0.5973374267002911,0.5022412582575888
0.003654297692967222,0.3607799908746626,4.493678224876664,1.1018551081424932,0.7529336413872934,0.8267461452698909
0.003654297692967222,0.35236948637159243,2.884935278622008,0.8961316687931214,0.6576856584207202,0.5322780613670574
0.003654297692967222,0.32518618090388146,7.688518150783711,1.0702507589192904,0.6516904703589765,1.2564801748990975
0.003654297692967222,0.3547229783822943,2.3380208794723,0.8700006254186918,0.65567071910951,0.47260730411118
0.003654297692967222,0.37793496169794577,5.891411493353952,1.3971963808462045,1.0335994826680812,1.180674828707355
0.003654297692967222,0.38320481329495587,4.403747750939496,0.8617554061841262,0.6143446923148844,0.6835640840958247
0.003654297692967222,0.35524665022220264,6.139872183419972,1.1571905712737203,0.7718727398025429,1.0754263143973828
0.003654297692967222,0.36774006685702304,2.6555643271075353,0.8358930002759434,0.6177447280916084,0.47698977704009315
0.003654297692967222,0.26061202429021174,15.331243802203064,1.6680751556339894,0.9204446958408288,2.309381961871812
0.003654297692967222,0.3152272816653474,13.366730076434923,0.9831221829206478,0.7101251780185023,1.806694752959289
0.003654297692967222,0.3363553762593213,5.139169214532066,1.3486024892541906,0.9267458068912259,1.1063857839073439
0.003654297692967222,0.31675799884225286,6.7668366803337845,1.091539276334707,0.8126096866315555,1.0915187372083257
0.003654297692967222,0.2936194361608463,4.883339185372039,0.9599283224755483,0.6703526298495059,0.8648875168953586
0.003654297692967222,0.30021422239298523,3.9919835831952932,0.8515856158032645,0.5774762990190749,0.6895346256316819
0.003654297692967222,0.27147247735260815,3.5619120410756273,1.0446754094398247,0.763312349994555,0.7839243867406556
0.003654297692967222,0.3123049971502397,2.5997461710001644,0.8224958671719108,0.7155682257846425,0.5139033127586846
0.003654297692967222,0.25793856097686363,4.710231165950639,1.1581925038350227,0.9727606777255563,0.9466685820299721
0.003654297692967222,0.25888849894156757,2.2487857053066693,0.6857975241118236,0.5387647616109534,0.47552069551026155
0.003654297692967222,0.18088394410203182,3.3940512141146586,1.1661264973006549,0.8775122986976089,0.8574389928345972
0.003654297692967222,0.21879846840041098,3.9667895293123925,0.8193784525389476,0.562679066055321,0.764383166821592
0.003654297692967222,0.18102747569355473,5.687240815086429,1.1675617636346614,1.0188057619084576,1.0024086644632644
0.003654297692967222,0.22397023566458177,2.8841726330672737,0.556150820051201,0.39566065847157234,0.4969071985378882
0.003654297692967222,0.2077167611396544,5.176439115719135,1.2806889752894939,0.763593621640738,1.1775711146312142
0.003654297692967222,0.22919228128587066,4.4185771369577145,0.7927125103665809,0.4596902326187051,0.7668591438686967
0.003654297692967222,0.19664179328979509,5.063800100515737,1.2685623820342926,0.7956754976281669,1.1954162982156644
0.003654297692967222,0.1982301300647675,2.238201137372806,0.7852881564024757,0.6680044601549584,0.509056788828054
0.003654297692967222,0.209185205417673,4.075118575166113,1.3132636578736427,1.1267499868129511,0.9336971735095518
0.003654297692967222,0.212951226374231,2.134160264763173,0.6822301594853615,0.53521652829347,0.43371118876313575
0.003654297692967222,0.19519812760788455,5.866081463425788,1.259138692207285,0.6989844412529813,1.390490531732721
0.003654297692967222,0.20850598865719114,2.6139679411497485,0.6192102239369488,0.41689459499597314,0.5035923564468056
0.003654297692967222,0.22626104839867445,9.111919863885545,1.4343050101817656,1.0676910686226804,1.4142200527004143
0.003654297692967222,0.2286015492687909,1.4939598106231267,0.5148895581651987,0.4383293898972689,0.3255745416630175
0.003654297692967222,0.21822174665866673,10.765464205393434,2.179162243145461,1.6854391730478786,2.001157700762576
0.003654297692967222,0.24834471687726867,6.063425132047494,1.1886901494005222,0.6175869732784608,1.437432301105416
0.003654297692967222,0.20952960690141187,5.735520429721244,1.4362285611212575,0.9262930882719527,1.289939734081796
0.003654297692967222,0.26433098678052075,4.174174421896754,0.6976717173333344,0.5505460462889116,0.6099873224598371
0.003654297692967222,0.28697663931499,5.836089412168678,1.2043902480775228,1.0130181075269282,1.0097443822166687
0.003654297692967222,0.28003023870001326,2.238571245439837,0.7004394114819246,0.5244082772678745,0.4576742373893144
0.003654297692967222,0.28083817064070293,4.757097996011974,1.1740978425427178,0.6471038579849183,0.9827521162342389
0.003654297692967222,0.2675503673862779,2.2829334541804442,0.621311296227677,0.4015855653412963,0.408196639875837
0.003654297692967222,0.2176099449346615,9.310025347195268,1.358726996557393,0.8866778689243351,1.4605854043695212
0.003654297692967222,0.2661509379675172,6.898284976820651,0.8692343039548818,0.4958370907361833,1.091931383944123
0.003654297692967222,0.20284540204993018,5.449031896572436,1.0880778365384478,0.8203157217867801,0.9526857519924621
0.003654297692967222,0.23826640553881026,1.9035617085175807,0.5525285528197397,0.4398303566435363,0.33089330389226174
0.003654297692967222,0.22188299703608838,4.910657341386014,1.1730587106396602,0.5843508661758927,1.1954919136503108
0.003654297692967222,0.2705663346360993,1.776197459980387,0.648365830328848,0.5248884620856595,0.3724109168447244
0.003654297692967222,0.2478831278745397,4.757180395056307,1.2765167748240487,0.7397797096356862,1.1932988103640425
0.003654297692967222,0.288399753790266,5.553055838768954,0.8260218645716787,0.4942801655781936,0.89188936183415
0.003654297692967222,0.2585099747691378,6.563523941592636,1.2236528056843945,0.740445968183867,1.195243822836049
0.003654297692967222,0.2699529016982638,4.520849805288845,0.6564964261606303,0.50025476433455,0.6638119361455663
0.003654297692967222,0.2721030256364152,5.764077015602465,1.237429333579127,0.7273009825638654,1.2038161294048582
0.003654297692967222,0.2941657010637871,2.158626676786675,0.6881618430661014,0.5238597399428475,0.418799382218871
0.003654297692967222,0.27290197394408705,6.67931878007602,0.9983329693804294,0.720100382725178,0.9877734966516666
0.003654297692967222,0.24406380024113636,4.472591168958871,0.5959680610102984,0.44165635578743795,0.6040957659191681
0.003654297692967222,0.26422268441190583,4.595639746521927,1.1253016748270754,0.8260348201893111,0.8838104796710361
0.003654297692967222,0.270258851076041,2.104685732055335,0.5734813019165707,0.41826510894118235,0.3487257153302536
0.003654297692967222,0.24950297680249,4.1958060942271125,0.9466449753691062,0.5239825259498039,0.9148685599102373
0.003654297692967222,0.27654089960127903,2.6061228449066816,0.6963209810639903,0.49189009075342477,0.5037623229930741
0.003654297692967222,0.2514221261219732,4.779303238477471,0.931557354207435,0.6620873636858335,0.8455773577903474
0.003654297692967222,0.24157977824831883,5.359872992186512,0.7511614582163577,0.44165746240879733,0.8617940416314457
0.003654297692967222,0.23209217639902363,3.5050506495899514,0.8950001610197164,0.5922032820299823,0.705259198701867
0.003654297692967222,0.2972274167200043,3.8931966933211313,0.8836049533021001,0.6513369029772649,0.703629622999623
0.003654297692967222,0.2565586025695206,6.896886936437106,0.9962552608332662,0.6214466843208517,1.0971108224874178
0.003654297692967222,0.3295424295178804,3.2932486458639367,0.8017534268403311,0.5713349167494011,0.551915014108258
0.003654297692967222,0.2961818702124366,4.691187715756087,0.8683706600488703,0.5924095203993222,0.7631950028477286
0.003654297692967222,0.30300033421318506,1.7993827790539927,0.6383680939322558,0.48813669586527914,0.33979194183106803
0.003654297692967222,0.2782446959755597,3.748362517277296,1.1255602269859866,0.928302937405195,0.7405704025337313
0.003654297692967222,0.32011643291832015,1.7074041514084786,0.5617095522350947,0.4375189612449725,0.31496981685711317
0.003654297692967222,0.2364560832108098,4.786375917833515,1.3541622470562231,0.938801384022929,1.1528606986882648
0.003654297692967222,0.2935893689272916,2.6842241318702458,0.6899926725311442,0.48190530666403963,0.5501769877591592
0.003654297692967222,0.2790344357467121,4.781434514543418,1.356898425935199,0.7902685202426231,1.2432306003273363
0.003654297692967222,0.27798779581302907,2.5195633880691095,0.6962800750980306,0.5772367780009136,0.4619721500568858
0.003654297692967222,0.24753867914131095,6.464176275927135,1.2686485309265327,0.78443868391231,1.3141286631368223
0.003654297692967222,0.25271955152924663,5.050762724239438,0.8922278632768602,0.5400874323450919,0.9133585046757294
0.003654297692967222,0.20761088458232843,3.6967864197223057,0.9378357021415329,0.6459048926096617,0.7752127571382311
0.003654297692967222,0.22631350113880147,2.5672017982855273,0.7500969825411137,0.5403432992494422,0.5828672889077235
0.003654297692967222,0.21415489333773682,5.512848775375321,1.0711911361253028,0.7429760068808368,0.9909100325209674
0.003654297692967222,0.20812777145537284,2.352781354793905,0.6678628423199688,0.45665736653174177,0.5099890067165626
0.003654297692967222,0.2521982172121878,5.4931693741633,0.9175630793688347,0.5201607709549148,0.946569616927054
0.003654297692967222,0.2266288807237565,4.945391339596563,0.7735215593073677,0.48499349910882117,0.8681247895338697
0.003654297692967222,0.21003135786880175,2.1233942557157177,0.7363628378118099,0.5386820442236148,0.5569404115633872
0.003654297692967222,0.22405830399289248,4.719811595930868,0.8530306229036355,0.49530096214540087,0.8933217376240059
0.003654297692967222,0.16606593294515623,3.802047769758583,0.7303206447963179,0.47514252685548675,0.6830624753286264
0.003654297692967222,0.21210696315066985,4.60294205916483,0.7638128913994962,0.4826252480156618,0.8150366755232601
0.003654297692967222,0.182404065623254,3.2023940249295575,0.7637431840770484,0.5472590262639399,0.5666877924465842
0.003654297692967222,0.21492095180047147,2.430650807059685,0.5212186070662735,0.3869601718327375,0.3967649404093046
0.003654297692967222,0.2088924030037484,4.760438468255265,0.9663502764010535,0.4728244190967422,1.0405287192241273
0.003654297692967222,0.1960662410641315,3.12411086556237,0.6842089923223359,0.5443413405322539,0.5310514944180478
0.003654297692967222,0.22405970288652058,4.02413171270732,1.0655361905828027,0.8201802980457286,0.9171309457546349
0.003654297692967222,0.20636334427415814,3.487790220029567,0.8862051792226553,0.613696669273094,0.7016378237693297
0.003654297692967222,0.18211903387528686,3.3546527799154244,0.8343776242707945,0.6309917654934816,0.6775783267658296
0.003654297692967222,0.1639398573020065,1.7737434800207286,0.6247823916551962,0.5241779246367877,0.4087684382183062
0.003654297692967222,0.17122524028745,3.834782642121175,0.786526064770942,0.4271837410214614,0.7448449574183029
0.003654297692967222,0.17771188498031343,2.204246943613489,0.576768577998823,0.33737109970622176,0.5365349186492464
0.003654297692967222,0.16088223059059523,6.062877677166354,0.9489775609213631,0.6374464522275125,1.008876449106316
0.003654297692967222,0.17816694074068157,2.3509978782396934,0.5952328837322051,0.45792496668469884,0.4614178316796388
0.003654297692967222,0.1865440355223502,4.548748001382832,1.285118507847458,1.1702022503077822,1.0196826544123367
0.003654297692967222,0.1651923732460214,2.6129749514985448,0.5166260483783446,0.32864644811672533,0.45310495532466305
0.003654297692967222,0.15391316883740758,5.226342792958237,1.2709495758405367,0.6722842334786825,1.3027337557728078
0.003654297692967222,0.1890275204403392,3.1780915648827177,0.6423998511714976,0.4498174704825808,0.569243147086525
0.003654297692967222,0.13731906514058595,8.301131302606388,1.3017920970617904,0.9265467694258872,1.2997102923515609
0.003654297692967222,0.21060996858225287,6.583468171190791,0.6048775606005223,0.36031275835465704,0.9359095069148485
0.003654297692967222,0.24323354788705412,6.204102153953382,1.2042253471519277,0.7801174382933782,1.1880596442928242
0.003654297692967222,0.23340452814467771,3.88648730941262,0.5823540012512706,0.4135783585816331,0.547140778261135
0.003654297692967222,0.23730412001605067,4.28691605284769,0.9179710245857747,0.6077893982904374,0.8085393857476435
0.003654297692967222,0.2185290355382721,1.5950802765653054,0.6113185224121547,0.5246475498307442,0.35272485033684947
0.003654297692967222,0.19946734451073644,3.7396333194821088,0.9308949990307201,0.7444948147222166,0.675463639521662
0.003654297692967222,0.24525080599716545,1.7634732348435556,0.5367337372723915,0.37832304397925176,0.3454493852141522
0.003654297692967222,0.23844822044103908,4.063327599170677,1.0672785763353756,0.8012033503735978,0.8881133052734637
0.003654297692967222,0.256755215523111,2.256972493254915,0.6292152764147321,0.45437081283064856,0.43245901680214677
0.003654297692967222,0.22709234305665615,6.69378627232838,0.9211039840464731,0.5394152826492383,1.0730292523779053
0.003654297692967222,0.29091875587198734,7.426844859930255,0.6994100991451703,0.39028265776732096,1.0379448929982324
0.003654297692967222,0.23915847627694908,6.078359926469153,0.9416747637427655,0.5012774776318093,1.0734388649779272
0.003654297692967222,0.26153605369153315,3.383684650561669,0.701590884263839,0.4685332163946865,0.6090252894516947
0.003654297692967222,0.2559914494568962,5.849842164344633,1.0648672638763084,0.7882287486276536,1.078330176693552
0.003654297692967222,0.26357021646589013,4.590590549596021,0.685256620437972,0.4248950031985779,0.7429685980129817
0.003654297692967222,0.23203805159755486,5.253255073726824,0.9982443225113815,0.6548207210842203,1.0271703387057725
0.003654297692967222,0.2685561738793009,5.31545184829164,0.7096495286531943,0.3991744172660481,0.8247135163694863
0.003654297692967222,0.2307795232453779,4.112491230745948,0.9493553223391115,0.6143853329134409,0.814505957002689
0.003654297692967222,0.29092752263207855,1.6111464550474595,0.6222318967072176,0.45623822835313965,0.360905305469961
0.003654297692967222,0.2603615420433754,3.2819254253606673,0.8344471007103901,0.6001274073705071,0.6013127269690606
0.003654297692967222,0.28226131168367796,1.3567128092552345,0.5550234837928214,0.4968111919513965,0.259562164973531
0.003654297692967222,0.25352550254654316,4.175471046912291,0.9127195672320673,0.7092245978858752,0.6843797833773322
0.003654297692967222,0.27673267746449876,1.593494283055098,0.6388352347262156,0.46273209732920095,0.3507936463901906
0.003654297692967222,0.2860562887457186,4.126683868887949,1.0591821735746694,0.7479025561681327,0.7982175962455531
0.003654297692967222,0.32227198068516383,1.6946617213390875,0.5902905364403129,0.4230571495319717,0.3516241348249429
0.003654297692967222,0.2587289581429963,7.007192850931926,1.5834413271894514,0.9897069936609467,1.5800092249989561
0.003654297692967222,0.3011695676349189,4.6927973996641965,0.8804047496700952,0.4817381093035371,0.9228837692457371
0.003654297692967222,0.2412639798292295,3.6677462967752135,0.9125649937566248,0.6364642251723632,0.7321690574761588
0.003654297692967222,0.29651669232294886,4.792053779024092,0.7171204456958112,0.4353027240255686,0.7346712203691473
0.003654297692967222,0.21982444729306022,3.2701685373120495,0.8175201726675447,0.5952390891327671,0.6380059569592785
0.003654297692967222,0.2850268863575502,3.0694273402342023,0.6246335029535149,0.47727017079652834,0.4734752871056224
0.003654297692967222,0.23770144359222847,3.2567079614350263,0.7089624967984478,0.4476950479670371,0.6401246392931131
0.003654297692967222,0.27364047390531904,3.171041309049934,0.7272036104116946,0.5231462551474138,0.5481832653463063
0.003654297692967222,0.23657916490377334,3.3709639395603563,0.6978802818931542,0.47374809367120757,0.5777348004501816
0.003654297692967222,0.21707325873045327,1.5071420204067945,0.536661513798606,0.39563694812943834,0.3049645033764491
0.003654297692967222,0.21671179721174824,5.313164038012209,0.9687554472314244,0.5494033408318534,0.9179045157537653
0.003654297692967222,0.2586207988906383,2.584628356701067,0.4655433291420711,0.34432502299628376,0.3471341670144454
0.003654297692967222,0.23375529837606743,5.149462676591711,1.0190388945073379,0.5562804138184045,1.0871911007466817
0.003654297692967222,0.24388774789644546,2.3940266682703615,0.5876429840137887,0.40060755052657787,0.4521741322302934
0.003654297692967222,0.22246875963922816,2.585127082523791,0.7765892643149858,0.6304030730792095,0.5797556683608809
0.003654297692967222,0.24007872039937755,2.0365555356606606,0.6041716296356975,0.45931733808939634,0.3883233913724381
0.003654297692967222,0.23959907338814257,1.827151613904383,0.6107247586453521,0.3817380122504128,0.4068026984432727
0.003654297692967222,0.21826653836602145,2.479464746787975,0.8312192128045295,0.526917769832311,0.6382991390901598
0.003654297692967222,0.21822536165902637,4.185019001338132,0.6066704209840297,0.42180248440496304,0.5986898323469976
0.003654297692967222,0.19027837056320374,3.1220186159216667,0.6681860436479028,0.5259042403293841,0.5012049964016202
0.003654297692967222,0.20729055581802625,2.008495604285309,0.6280797765657543,0.4441090636710411,0.43285654386359107
0.003654297692967222,0.17791005742932953,3.7479224772919886,0.6188289825336515,0.36237166486096845,0.6466483572126539
0.003654297692967222,0.19746203120435826,2.958735447794626,0.7198266342841697,0.3887176290159843,0.6402842285051843
0.003654297692967222,0.18565346148993414,2.7233350445745366,0.6977482220975856,0.5943065099516651,0.5260811965417889
0.003654297692967222,0.17634385642073216,1.7944742174617152,0.5783413650906134,0.4350255998567713,0.41562169160630785
0.003654297692967222,0.16046536493130525,3.5646056720551784,0.7062168706734445,0.4293830724833765,0.6847185457935454
0.003654297692967222,0.17157720008391283,2.3671294506268907,0.5594298879834567,0.40565427881892546,0.4376374933608857
0.003654297692967222,0.175514839870826,6.536451864424101,0.7763253849531899,0.5063850874363023,0.9268174789425152
0.003654297692967222,0.17054737455638808,4.239693564048078,0.5344688272514375,0.36726659141407225,0.5988953313018143
0.003654297692967222,0.17081023372365173,2.5310831200568638,0.6300208364103157,0.42232306973834377,0.47183637973136666
0.003654297692967222,0.1751857010482732,2.043637800046748,0.4918366240650531,0.3707525249585616,0.34955989487660244
0.003654297692967222,0.1734198403572654,1.820031515798142,0.5508910868037848,0.4483408534135328,0.41312489637345257
0.003654297692967222,0.17039479410772837,4.963986666651845,0.5789244130101742,0.3199432032050835,0.7521683932278618
0.003654297692967222,0.14550570354074788,2.328238208335439,0.5367513197802005,0.41095691469897755,0.44466709908109225
0.003654297692967222,0.15802511080465198,1.9702800866123815,0.6209717727685176,0.48666301911595666,0.4506581200841453
0.003654297692967222,0.14716505592915846,2.421477072294396,0.7122191399840694,0.4719434084266696,0.5525398263578677
0.003654297692967222,0.14347481365471218,1.6792120554284515,0.4681965294814657,0.338226811135442,0.3475695859366808
0.003654297692967222,0.15007079142525623,4.389124889028228,0.8733238092187952,0.6121761501966219,0.8279720609755372
0.003654297692967222,0.15473772284276752,0.9078713379917123,0.3168091685566123,0.2678488821591504,0.164350570004052
0.003654297692967222,0.15096459772011986,4.397040679125624,1.0020518278216706,0.5734056972958052,1.023790281691388
0.003654297692967222,0.15901655660917835,2.3367095867625833,0.4462769385982997,0.2572082770751932,0.43209316881743365
0.003654297692967222,0.12915139846703466,6.219355988842197,1.0597894169611966,0.5284578684235577,1.2164427643281368
0.003654297692967222,0.13429794000711717,7.83498663192683,0.6266366128056451,0.3327030600385761,1.088419242213966
0.003654297692967222,0.1369394089330862,3.134037785885768,0.812766524880568,0.39183341203214495,0.8139578014668717
0.003654297692967222,0.1502677937891846,2.999889367636409,0.513367724494341,0.2940930069175436,0.511528414720862
0.003654297692967222,0.16658473636838775,4.129207335678226,0.8097868081864036,0.5352202687792514,0.782597289237353
0.003654297692967222,0.13304535482432298,5.152634464770399,0.6277952345295915,0.33342854255409116,0.785672973004458
0.003654297692967222,0.14170884605722833,2.1152710731704025,0.691714712472207,0.4733378984636515,0.5604904691664289
0.003654297692967222,0.13940829133873564,3.6849343991770764,0.6082520590325324,0.31946512809945293,0.7288048613337137
0.003654297692967222,0.13335734373681815,3.5106564111203347,0.6321745583834166,0.3691192715813201,0.6558736466511925
0.003654297692967222,0.13588346657359482,3.9535618368511947,0.6108132424351594,0.34704123355078054,0.682274294701843
0.003654297692967222,0.1271885684109392,3.939054805799579,0.7187581595054843,0.4038838914259861,0.7825507953128752
0.003654297692967222,0.1252868816642299,2.431992336050847,0.5648784306336758,0.3235209049063233,0.5150875392219751
0.003654297692967222,0.11386231767597454,4.841566690015619,0.7955576128954691,0.42078242380011793,0.8910809487449101
0.003654297692967222,0.11882134321567993,4.54249691901261,0.41910902276503287,0.23275915940492087,0.6490403459389996
0.003654297692967222,0.10438055818486214,4.033744113886096,0.6996629012392895,0.4434916452338974,0.7613016300439014
0.003654297692967222,0.11081822883477949,1.9154780360954766,0.4003473266507728,0.22753005331021703,0.3680815285007281
0.003654297692967222,0.11058792779656058,4.109934660779075,0.8793472904269612,0.6580626872115803,0.8568577969873253
0.003654297692967222,0.1079817480426169,1.6636417991334336,0.35178853761657025,0.25538927855237015,0.30145392431533874
0.003654297692967222,0.09881407434902174,3.420956859567148,0.8192286452321516,0.5743127644744381,0.7805157712133797
0.003654297692967222,0.08783310933689158,1.4642450593990377,0.4580954865477138,0.290255853755516,0.37829372187469384
0.003654297692967222,0.08112617563750092,3.513704166838291,1.09579431850036,0.8374093056327495,0.9023286640160006
0.003654297692967222,0.09024411708465407,1.1176014893915935,0.2895255003255478,0.24035333728434088,0.22648852783647141
0.003654297692967222,0.06846775823881633,5.907045843512881,1.0447942890258075,0.5670302893998691,1.315942015954566
0.003654297692967222,0.08196937384560966,2.86782218991428,0.4236132903389928,0.2248313158748193,0.5123175756462361
0.003654297692967222,0.08098932766978437,4.974520082934358,1.0467619217190869,0.473444207930136,1.2137768484593232
0.003654297692967222,0.07940395083022336,3.7893391402468604,0.39699433692293545,0.22330150576896893,0.5732783848244903
0.003654297692967222,0.07525571249148104,5.413349954946714,1.0865799111996237,0.6148046970851383,1.2338426841291366
0.003654297692967222,0.07229874147855081,5.387099844727187,0.6431065966674875,0.2526553913744871,1.0288615350086625
0.003654297692967222,0.08063418140538334,5.856214436763773,0.888141603628133,0.517471984552587,1.0425085387578426
0.003654297692967222,0.0742964522583384,1.9625259012810075,0.37890719003519685,0.2071637996699482,0.43173091830567834
0.003654297692967222,0.058965265400303106,2.9995512244949896,0.9366871747623723,0.533843145511444,0.8672336586746494
0.003654297692967222,0.0690179924133587,1.992024450001965,0.561893138594072,0.32669392724695445,0.5196267498386046
0.003654297692967222,0.05406161134887623,4.8731183659715285,0.9338247221636269,0.4962648913371602,1.0124245049340856
0.003654297692967222,0.06385462467427959,4.395330475851979,0.519932490809179,0.2842265098990701,0.8113454740540023
0.003654297692967222,0.05020198639150918,2.836060155604789,0.6072037100344012,0.379094126360309,0.628837666670901
0.003654297692967222,0.06199083556734785,1.8134604902482419,0.359523740812637,0.21637482310590384,0.365580823371407
0.003654297692967222,0.056183724702756004,2.2648354809869726,0.6368521588383623,0.4139976314241399,0.609177263203286
0.003654297692967222,0.06128250689722696,2.0021034986998374,0.5413178283699693,0.33486619004655427,0.49486331035844466
0.003654297692967222,0.05572337769138545,6.445275783879407,0.6987803898443025,0.2842888256050349,1.0977094930668865
0.003654297692967222,0.056719665899269404,2.0793657546499684,0.3635781118896202,0.2522806070683048,0.3944212767831968
0.003654297692967222,0.05541730341590568,6.664936987155635,0.9538933325687455,0.5182957255570642,1.2241661288893122
0.003654297692967222,0.05158304854675575,7.491107433230466,0.4982519012960943,0.1727425647849717,1.0695585928153508
0.003654297692967222,0.04213232039488538,7.9232067585533255,0.9177867257125147,0.5863770127757781,1.2448750008969534
0.003654297692967222,0.04526185898000763,1.7591529214704584,0.43590685983164335,0.2595197641373384,0.46050177707305295
0.003654297692967222,0.032095387922132186,4.872708620330769,1.0966076730339458,0.71043243890023,1.1811541947477524
0.003654297692967222,0.05660397697668277,3.912195791710452,0.49866278223436034,0.25049850601321727,0.6539329116535821
0.003654297692967222,0.047558073647115,5.635322155960787,0.7330596721661946,0.2663126603529078,1.0366647490140153
0.003654297692967222,0.05329193484903805,3.216408124047542,0.41073039672695083,0.19364748233777201,0.5798344256288173
0.003654297692967222,0.06776325054219955,5.7564771919721,0.8047013595251282,0.5317434157179092,0.9186161541891821
0.003654297692967222,0.057774781639227384,6.0594659344597375,0.4917058146976857,0.16116265957020148,1.0366248618272649
0.003654297692967222,0.051325139041635284,5.843262668158344,0.7859746002420078,0.41616682172502173,1.047375422535746
0.003654297692967222,0.050780282110034526,7.480666922661784,0.47040048340178253,0.217323237416375,1.0667828185600685
0.003654297692967222,0.03811285118949805,3.62121564393568,0.7790178776538578,0.46313547173743375,0.8148383668411059
0.003654297692967222,0.04465089908000323,3.1810805997866503,0.3991102877090129,0.3014655956637105,0.48717661207592594
0.003654297692967222,0.041454293535043436,3.1031407668129494,0.6058631402746626,0.35768602396142457,0.7171834185281681
0.003654297692967222,0.04712946171238204,2.56478697909861,0.33459707322212734,0.13970358380721284,0.45987949458838817
0.003654297692967222,0.06426775192488349,3.1385448083879903,0.7162827428893601,0.39793266771167346,0.7878325251761412
0.003654297692967222,0.05480692707275949,1.3675867912008217,0.35494589202008464,0.23729173101940937,0.3222391817228739
0.003654297692967222,0.04785723689101022,3.909020144998822,0.9674840136856669,0.6493028931710264,0.9676473576708039
0.003654297692967222,0.054507281718113317,1.1268105030747377,0.2949749912474288,0.15181218343553993,0.2896562217287376
0.003654297692967222,0.057030344708421006,7.366003162805095,1.3145307119356175,1.0399845555257787,1.453173948008791
0.003654297692967222,0.05628401577184542,7.242811271363316,0.6481372911536181,0.23474811468918144,1.3331955446418358
0.003654297692967222,0.05798314461859009,2.9374023661663857,0.7075494224135659,0.4794180485143301,0.6826795978709915
0.003654297692967222,0.0402196589725952,3.2580816549544176,0.35664466666255323,0.20336458816415492,0.5050237997068507
0.003654297692967222,0.05831339075260855,3.25660938292938,0.6148535021561041,0.24211132812568387,0.8210640402801357
0.003654297692967222,0.06311258805668236,1.3792354118009464,0.40150944259885823,0.2992376188316005,0.35628331954946735
0.003654297692967222,0.07314039322230435,2.4398535844782834,0.5231886987526413,0.3230976029520656,0.5587534980359744
0.003654297692967222,0.05822724287155409,1.8293657392922895,0.38153268150993414,0.23604119538667567,0.41778087889088866
0.003654297692967222,0.0711241776908678,3.1333127916050807,0.569014052838793,0.32728971512328897,0.6782996099915584
0.003654297692967222,0.06738714385415286,2.224838689962464,0.5454626349501912,0.30825122176888586,0.49636348182615425
0.003654297692967222,0.06959128093676882,2.7337140530451576,0.5884749718309856,0.38598535987613836,0.5909337749155054
0.003654297692967222,0.06261058953780314,2.113378813431111,0.3746179814382783,0.1977025284197076,0.4548870052127677
0.003654297692967222,0.05964249941572054,2.4999123073958045,0.4869227689837269,0.3135185057743911,0.45085065392543155
0.003654297692967222,0.06140042037096659,1.2877724722298,0.2855553405441473,0.21773213899386845,0.26102043488858373
0.003654297692967222,0.06524880178247536,3.9047081238045562,0.7316296252181851,0.33656351366515164,0.8991530871689801
0.003654297692967222,0.06475631180860407,1.26546746464883,0.3196694896568019,0.2497933531857468,0.26749394139242016
0.003654297692967222,0.05544614370652976,4.6068231465063985,0.691444202943964,0.2713732573072938,0.8265809841227717
0.003654297692967222,0.06455104150823596,1.0106093415426556,0.2995979670511428,0.18065132437075998,0.2542051039991447
0.003654297692967222,0.06743774432305875,3.243683084710244,0.9326396539355075,0.8653234213826544,0.7655064138305585
0.003654297692967222,0.05437709107011345,2.036823424194697,0.29476397441505403,0.16092134495998922,0.3869571274795853
0.003654297692967222,0.06657077780680212,2.9379034844399876,0.9085881163883178,0.6790348360308534,0.7919528356009722
0.003654297692967222,0.07022899775583628,1.1107388708078783,0.29640915148754077,0.1826737561815215,0.26538064764901836
0.003654297692967222,0.05088584010873767,4.881563035950961,0.9263290522040409,0.5497378432812985,0.9789643849734317
0.003654297692967222,0.061721739707436774,2.999711344254554,0.4604754318886094,0.2996244933351528,0.5576607426484691
0.003654297692967222,0.06434316278424781,1.5597636238462553,0.46714642628181197,0.32734572492206726,0.372124458560868
0.003654297692967222,0.04599308991603194,1.0179543582188162,0.3345293451953663,0.24139068700788505,0.2638786598739812
0.003654297692967222,0.060370140892189346,2.2801481804132355,0.6120477209290986,0.3772289442051878,0.5903037613259092
0.003654297692967222,0.056107477651988966,1.5448202643800764,0.3091802011899324,0.19603865762712216,0.30581249111756414
0.003654297692967222,0.05595512025959056,2.9419836811243876,0.739362670840801,0.37874320328760536,0.794017094730017
0.003654297692967222,0.049248988713638635,2.2602470500052516,0.49381224925445794,0.2920461759464686,0.4752503515235397
0.003654297692967222,0.04966127649956889,2.2642114226279815,0.5297915969469232,0.32603107728044595,0.49726780937979326
0.003654297692967222,0.05574453799560753,3.6815261927003733,0.42386863374988726,0.2445807539956495,0.6586409863747339
0.003654297692967222,0.05147240202318335,3.065459801929101,0.4273470579846221,0.24301689130614068,0.5627471401233872
0.003654297692967222,0.04835016185142717,3.2422398877675747,0.54160562809832,0.3577682957203405,0.5920962436841782
0.003654297692967222,0.05293055771898813,3.0451279557234137,0.47130397143208624,0.23927832448341296,0.6561198708845751
0.003654297692967222,0.043254718987034285,3.590582701391697,0.5470673523787122,0.329291230139357,0.6884001048167836
0.003654297692967222,0.042431173127424594,5.480818314864808,0.5190094293195294,0.18211048439823838,0.9004096672401615
0.003654297692967222,0.045480893124293174,2.2687833501956325,0.47320714806075104,0.2676816960203129,0.5273263393263816
0.003654297692967222,0.043824029435650794,1.4897782193002433,0.40325049023904447,0.2714908723138709,0.3922456221288827
0.003654297692967222,0.03767771804487315,3.266846516352757,0.6686210052699607,0.44110249597860507,0.706174358256431
0.003654297692967222,0.04447266915039954,0.8529847065734503,0.23457424192320453,0.15235183354104398,0.21160405187886477
0.003654297692967222,0.03399964953548535,3.153631148610237,1.050579019876674,0.8932477209299843,0.8431911823334992
0.003654297692967222,0.04294789172909308,2.4655292028130744,0.3149246390632322,0.19533591798702502,0.40927160711637695
0.003654297692967222,0.03446345121016248,3.2375385967223056,0.7946716002400914,0.35994560345702875,0.8874027298257592
0.003654297692967222,0.039181031206207,1.8770207069822713,0.2992981258892261,0.15651299501384547,0.33480108729750035
0.003654297692967222,0.05111820033958425,2.3145965862374283,0.5393514243253149,0.3488934380395792,0.5392374960873724
0.003654297692967222,0.0453187049942589,1.4745224590527564,0.3393210583978451,0.16113135179555924,0.38071481905400706
0.003654297692967222,0.030666719785423815,2.7456550119459067,0.5286181538689766,0.3915613367757248,0.5287074216764197
0.003654297692967222,0.03397682207777372,1.1098724124140642,0.22576749163664772,0.11585636054096499,0.23421549700999184
0.003654297692967222,0.04512513254733482,3.5637409022169284,0.8799853178751822,0.548044963157428,0.8773887815336139
0.003654297692967222,0.045252632488063764,1.5827402582391785,0.3792661167033016,0.2628648851683858,0.34546968924230786
0.003654297692967222,0.04776374885774193,3.794024569430659,0.5786371309377418,0.30469374375734126,0.7593023373258414
0.003654297692967222,0.044002436101285305,3.758300013593159,0.45896968680616335,0.2346925210158297,0.6233008680039783
0.003654297692967222,0.04149550989437309,2.734232278984829,0.46135628806143136,0.28725267522319947,0.5015972532419278
0.003654297692967222,0.04509324076408272,1.5543205288661293,0.332425673747777,0.186226306845441,0.34713700889647786
0.003654297692967222,0.04021098974657028,2.4055369916277667,0.6033088675141858,0.4317761847305396,0.5354155694463362
0.003654297692967222,0.050932594286774685,0.8912713402521346,0.29173710342112896,0.24292494838708956,0.25070288643637145
0.003654297692967222,0.04953889086785246,4.317791107194328,0.8725358334920195,0.5970022022444208,0.88484542527658
0.003654297692967222,0.041145722865184954,3.046558605660601,0.4343308681350515,0.21708755907397304,0.6295563621094332
0.003654297692967222,0.04901751235577461,4.10803156292248,0.709563799632213,0.35577313010948347,0.7906103627606876
0.003654297692967222,0.04576534706412238,3.192620523806561,0.35773640274911245,0.2180565462588756,0.5039093675309159
0.003654297692967222,0.057192969449292204,3.114357045238281,0.6440784571015175,0.4541871240249998,0.6476937414616538
0.003654297692967222,0.0638058811170042,2.2199762655369604,0.3550101995488998,0.18510395268856392,0.41998508388217626
0.003654297692967222,0.05663653675453429,3.496616566289475,0.6794066166251309,0.3017434128267838,0.8297624336026562
0.003654297692967222,0.05299356222560505,2.0254459153184716,0.39660451779370504,0.2044826068279863,0.4415212687852006
0.003654297692967222,0.05142295121185327,3.7144188650539753,0.5807918481339353,0.3294135257220383,0.677070123960351
0.003654297692967222,0.05749709151130026,1.8419233520493306,0.2784155678552571,0.12660823602584179,0.35464676735094425
0.003654297692967222,0.06358418638597581,3.682979319308794,0.6121656450146333,0.3681065535942374,0.6427488853251809
0.003654297692967222,0.05989841679313993,1.0718032685532626,0.22257310672206998,0.1462857930611311,0.21054442373596824
0.003654297692967222,0.05195754531650016,2.0936193842704323,0.5992358636413606,0.4793481140832938,0.5370045850950983
0.003654297692967222,0.057040905882579755,0.8086896704074658,0.2601755518655797,0.21883495418504917,0.19558484194447137
0.003654297692967222,0.058613486468202025,4.913096955678619,0.8489113399906139,0.4254028270068829,1.0623168017442177
0.003654297692967222,0.05883284673751225,2.3647680813321035,0.31029723087136674,0.1662876834223211,0.43570547684382666
0.003654297692967222,0.058754275481081836,4.8583021406910705,0.5828556366778362,0.3217589970144351,0.808277805196463
0.003654297692967222,0.055774476866629945,1.1759090225630235,0.27015268344888665,0.17401260477281166,0.2613321116298426
0.003654297692967222,0.0631482399550461,2.701309161450424,0.6474636088985618,0.45560146512207594,0.6073923802430586
0.003654297692967222,0.06406132619535047,1.861903127241727,0.30519319286015867,0.1767274779319863,0.34193073489262765
0.003654297692967222,0.0629882017411616,4.633983975986696,0.6316914177025896,0.44172270305558453,0.7361344662970517
0.003654297692967222,0.06057277430005656,1.2055375241421815,0.2445701827410105,0.12988484143909768,0.23252972590875925
0.003654297692967222,0.05704979933535138,2.1116786743339495,0.7609809574593304,0.6834057300874067,0.6055457643569031
0.003654297692967222,0.05395979479636161,1.0782550730711353,0.22694491236782896,0.1558635998321964,0.21655094912566644
0.003654297692967222,0.042226291409156,3.3859691691625224,0.7154841827487146,0.40591594112328755,0.74666522099523
0.003654297692967222,0.05327730989500219,1.9284826921005667,0.32536504927334936,0.17800409323483418,0.3909169897143895
0.003654297692967222,0.05325032274164262,3.7427200556551177,0.7167040104911426,0.49109786200477923,0.7079234330274566
0.003654297692967222,0.0519256478491773,2.095919087244067,0.2816731053268478,0.10661205223812815,0.43391363144131345
0.003654297692967222,0.05461706604841592,4.204609738694138,0.5534406338493687,0.22404072121441443,0.7860264890332105
0.003654297692967222,0.04933688919871304,1.5565789211109635,0.34724837097141753,0.20738567226072574,0.3616355050740888
0.003654297692967222,0.04802628886358138,1.8986178354214527,0.4893248993430884,0.35863159036050585,0.4803274779737709
0.003654297692967222,0.04398099042080027,2.190139944027594,0.3681396064095055,0.25160967757708275,0.45100664471843244
0.003654297692967222,0.04845683451456546,2.1951675853110344,0.3999678127593321,0.25637325472811,0.44360801500806074
0.003654297692967222,0.04126984700074752,3.720901904750655,0.49126722903775627,0.25523871880630666,0.6324748030963964
0.003654297692967222,0.04539088050832863,1.8326345948416976,0.44571410621085883,0.27312560204338066,0.45068551295396636
0.003654297692967222,0.04157426386190958,1.629814762311839,0.335739032291793,0.16532993866808932,0.3964233708446045
0.003654297692967222,0.03749637280928677,3.2980122228007547,0.5526584776145297,0.2550370106348499,0.6998041632312559
0.003654297692967222,0.04257376906515118,3.6537060238432426,0.35043000411195563,0.14952747638168495,0.557522276407588
0.003654297692967222,0.038291613168596896,3.124915735369648,0.49880315887359766,0.26719481199413486,0.6527537943651476
0.003654297692967222,0.046421977306814334,1.7486136292487944,0.37627679749368603,0.19609170476022125,0.40517962097331334
0.003654297692967222,0.05019550030510647,2.893212698380746,0.5284174506446943,0.2841765202039671,0.5949139486039823
0.003654297692967222,0.03631988698902535,1.2238657321906816,0.24114219371188564,0.18360434764496594,0.25183648679376336
0.003654297692967222,0.034150323153355956,2.432237451202371,0.48403537672400854,0.26524578172190294,0.5573577135218734
0.003654297692967222,0.041077023065320774,2.3425687135286597,0.3535272962355084,0.21726189732233805,0.40811380861059954
0.003654297692967222,0.03648581961411843,1.707576148779267,0.5029169556011827,0.33830674723561593,0.44737394854768786
0.003654297692967222,0.03576853304003984,1.1340880408108043,0.3026797361918751,0.198716008786301,0.28342007813492937
0.003654297692967222,0.04169437500232432,2.098822013749125,0.5526854798796584,0.4012903029879783,0.539312827677595
0.003654297692967222,0.039299968096935096,2.362394519474222,0.34374302758414854,0.20075652175168615,0.41109972734289174
0.003654297692967222,0.03172379911319146,4.812437933306424,0.5723200964647922,0.24016815686223283,0.8690375771440864
0.003654297692967222,0.03565020738248405,2.699333119697314,0.35975659809067934,0.16007262107000006,0.5863143744493216
0.003654297692967222,0.03293379521025075,3.5543964383820628,0.7180772136221502,0.45890652109899377,0.855390817146753
0.003654297692967222,0.03585003099646623,3.0567207681270383,0.2769499610792674,0.13371472261266934,0.5145899737080398
0.003654297692967222,0.041974536247039444,3.4715909908066864,0.6487411840284328,0.2955713459355584,0.7507460766024292
0.003654297692967222,0.03619528621946487,1.91567927087444,0.2742746744571901,0.14515768848687502,0.36793711993337197
0.003654297692967222,0.02550857963394983,4.144955993436231,0.6415582166864867,0.2841172625256405,0.8450820218038596
0.003654297692967222,0.03873884387035114,2.2367560449696917,0.2734507489451373,0.16830742422656542,0.38034081102376394
0.003654297692967222,0.03559001871109408,2.107154861157211,0.5051489193298233,0.33219047681684655,0.5066706199895953
0.003654297692967222,0.02913305280666713,1.9068988312469866,0.25019297202807705,0.11886549071354584,0.33184306625924254
0.003654297692967222,0.025813368213430846,2.345907105531562,0.4862187508200905,0.2911533770139024,0.5366477599661279
0.003654297692967222,0.03304603911104617,3.2033674946037443,0.26650733237923463,0.10992649474168688,0.46867061329974496
0.003654297692967222,0.028321702538962417,1.6133174376934922,0.3536147896330854,0.17915657056214626,0.4127497859444192
0.003654297692967222,0.02909659082954566,1.462883393520563,0.3349857770775677,0.16990450945741348,0.4045984311082022
0.003654297692967222,0.020617735919777554,3.772533322287548,0.5000203964092581,0.2708504959918566,0.7074853792680422
0.003654297692967222,0.028415334067192082,1.1184040331624827,0.2387283698878858,0.14043198151970804,0.24432192553069434
0.003654297692967222,0.027224613882807707,3.5917661160949805,0.706552876527427,0.6298306631661976,0.6502846602888263
0.003654297692967222,0.024365304295432457,1.5870531801115901,0.2348508413894062,0.1052552552873626,0.32147709128939517
0.003654297692967222,0.036016810466143814,4.799125517359399,0.6594439122403596,0.3554611391488799,0.8084484561793487
0.003654297692967222,0.02785537004037884,5.850546454329975,0.3217508323821272,0.08384667546463659,0.8583036046280289
0.003654297692967222,0.02379159216971799,1.7896464284446867,0.42134000431841245,0.2494444968501272,0.4476503561721734
0.003654297692967222,0.022834666743322785,1.008613245627889,0.24460005469889462,0.1496423360312804,0.23199801897429456
0.003654297692967222,0.025265726019113567,1.6457062479739994,0.5482580952677699,0.43722050179491856,0.4303269764583678
0.003654297692967222,0.023707952549782006,1.477165137071435,0.2211108287338755,0.11704671293887818,0.2926634116981484
0.003654297692967222,0.029507241941686812,2.2239718486714373,0.3561082614301908,0.14574929014268778,0.5100875165909128
0.003654297692967222,0.02633180690069251,1.4770021925608083,0.36311045037578504,0.14786027514578004,0.37920631458407156
0.003654297692967222,0.024702727522107445,2.625085660588332,0.5008408723093857,0.45378591216471,0.4901817993898484
0.003654297692967222,0.026370008629076375,1.1532168243491583,0.20163778451392084,0.08194763927237483,0.24666741912006263
0.003654297692967222,0.022121563489430167,2.242265873661915,0.6799700662397893,0.44532131104353057,0.6622839794259062
0.003654297692967222,0.021658756812792158,1.4142459027188437,0.3034784933399143,0.20352724855240417,0.3414033484169975
0.003654297692967222,0.01941189822208817,3.264868120571499,0.39342385081822967,0.1913467657757688,0.5727130717572335
0.003654297692967222,0.024232001733719432,3.4554607204916192,0.32723626560344565,0.173257189292674,0.5141856322751411
0.003654297692967222,0.02386194985570175,1.1031060704656974,0.2609393823763627,0.19409329207914613,0.23478731354145177
0.003654297692967222,0.026629558360411486,1.2879180805059989,0.3166059073431603,0.18241363833631624,0.3173126938436559
0.003654297692967222,0.02647262741258113,1.433277817990631,0.29805729288908933,0.18868843573507516,0.3322809863437624
0.003654297692967222,0.023139736857469836,2.9804073917571827,0.35160488045154703,0.1538053145408682,0.5189178714059225
0.003654297692967222,0.025484330981432424,1.643144788636068,0.33767229558906936,0.20603983293747735,0.36356165209287605
0.003654297692967222,0.020427790764883078,2.0076211372124306,0.361484851211009,0.23075432083662578,0.4246512017951218
0.003654297692967222,0.024518983977656335,1.4766166424009948,0.25758819011329687,0.10662179150162795,0.30338287189488783
0.003654297692967222,0.01731821749497254,2.145067225301114,0.428033673553195,0.2527887502068018,0.49498821449912417
0.003654297692967222,0.025369786882695766,1.5353670764963967,0.22914690706785643,0.11981626500958983,0.27497568562294106
0.003654297692967222,0.021470681759549148,3.008322134637739,0.3789812605570437,0.16913461356757725,0.5739479483770574
0.003654297692967222,0.027309827736237132,1.1215984572163342,0.2793145654243821,0.14819142290688098,0.28033244079162933
0.003654297692967222,0.02214044157564358,3.803217928997908,0.5432706593262846,0.3040574216423794,0.6941141468044756
0.003654297692967222,0.02667226715034195,5.705320590060486,0.3535339197850982,0.08166481913852999,0.8605606713220968
0.003654297692967222,0.02377313971542384,1.7416565090091685,0.3910473396196379,0.19372733751544013,0.4104089619049534
0.003654297692967222,0.022948447037421455,4.811419989318496,0.36336591916488997,0.18331257031880482,0.6888539116753314
0.003654297692967222,0.029669720520684905,10.502691912150267,0.5094573010095563,0.20935307765623595,1.4525474609466023
0.003654297692967222,0.022975420342945,8.274347886949622,0.31647485758204535,0.10129032470426955,1.1470019164497083
0.003654297692967222,0.02205243485004047,1.326960951680052,0.38168923797427196,0.32455971576727705,0.3380217815749634
0.003654297692967222,0.019623014692352315,0.6246705463023244,0.14964822797994157,0.07537890894629204,0.1527920709629463
0.003654297692967222,0.01827987358468359,1.878406688557482,0.5663352744685937,0.32217125163754223,0.5226267766050803
0.003654297692967222,0.018833410950496475,1.6311087765070322,0.28211867085414627,0.18257232975459647,0.33052078358009845
0.003654297692967222,0.016486240266769304,1.913029167300437,0.4169287443981298,0.19426153082293585,0.48055268864876505
0.003654297692967222,0.015776465059086205,1.1231630543227775,0.2629546214267329,0.18623187020770912,0.25943110207204406
0.003654297692967222,0.022944506081076062,1.8268513953362953,0.2990507559916213,0.1812465537585558,0.33392875086576695
0.003654297692967222,0.018935544569112058,2.0569350415572702,0.23863705124509355,0.12632653709621047,0.32386523257447586
0.003654297692967222,0.01767748580276195,1.4115238067154021,0.23387905096575057,0.11338135143164162,0.2698064492815043
0.003654297692967222,0.017916825669732524,1.3214814751705144,0.2958434300392787,0.17740884724982742,0.33468943071476087
0.003654297692967222,0.017838534501745416,1.7051084146468578,0.3176530140335398,0.20700355210569174,0.335911405034911
0.003654297692967222,0.024795228073035448,1.5967125307146044,0.34283360654450673,0.22492449008215876,0.36650412745570277
0.003654297692967222,0.01628056369100306,0.9661926796588352,0.2993288149704466,0.23671419141606875,0.27035260344674117
0.003654297692967222,0.018119457542095135,2.691972380485875,0.4841962513983146,0.25837609936075595,0.6190935250771205
0.003654297692967222,0.013917448701122518,2.4334852682231536,0.32004458894808563,0.11927081987952819,0.4901110765672022
0.003654297692967222,0.016775355129681663,3.7734628218890496,0.5098977633904639,0.24040600261632827,0.673068833709605
0.003654297692967222,0.017489738596313222,2.0547704050664133,0.2979352358406527,0.13474665453211285,0.4035841041574472
0.003654297692967222,0.01158285873312856,2.4306930511497953,0.4066297100557581,0.27626510249594965,0.44973188173110357
0.003654297692967222,0.017423848240371714,3.3043351308807476,0.3480980183018574,0.2062513090547125,0.5347394567770571
0.003654297692967222,0.013172539831234703,3.0203644482639285,0.3528154505293367,0.11239261751940663,0.5188911523732626
0.003654297692967222,0.0130103094665518,1.6953195653642632,0.27728794348131497,0.1765638380443559,0.33486600413642215
0.003654297692967222,0.01654166035536413,0.8336079570017363,0.24170541557004693,0.15092844171488956,0.23783998363517975
0.003654297692967222,0.014635295816759934,3.2778522019108496,0.4889156746884142,0.2665364953790472,0.5866651806637048
0.003654297692967222,0.012561076011332079,0.8414891252603561,0.1897955599235826,0.14958743279641637,0.18335658691595003
0.003654297692967222,0.014984209438988674,1.529026389510141,0.4988474723986258,0.37918492272937077,0.4379273078567585
0.003654297692967222,0.01748813139722294,0.9359735221065448,0.18936215070827958,0.11240021815513565,0.2224423656934086
0.003654297692967222,0.01699158746781874,2.9613751293338084,0.5206423128196586,0.41170889566953717,0.5201663260972547
0.003654297692967222,0.017310192451045155,2.039839751945483,0.20363118427841514,0.11072828184822157,0.30915422495862477
0.003654297692967222,0.01561716924206938,2.3755333853182954,0.4474081404933857,0.3215689092186527,0.5095188081701197
0.003654297692967222,0.016156087234665585,1.1833031157922547,0.15428941428459603,0.07429827578225,0.24207264509493914
0.003654297692967222,0.012297936211267017,2.1682628191673134,0.4114657018506794,0.2648223056445702,0.45489082097562245
0.003654297692967222,0.017749065505938154,1.5054616659173181,0.19278991057468794,0.08343463188648982,0.28122295055603463
0.003654297692967222,0.017520019756850237,1.7049442806426796,0.3749354844241271,0.27500402907062177,0.3835896746643226
0.003654297692967222,0.012925369170502033,0.9653987179494604,0.18556814460610202,0.09281505954148128,0.20657779951944816
0.003654297692967222,0.015107172374107117,1.6105139389720975,0.29522025909315736,0.09467222237275888,0.3908598018411659
0.003654297692967222,0.013927003020203972,0.6825641823604611,0.16061164576221085,0.1094770748976315,0.14302405880026967
0.003654297692967222,0.024428611323419353,3.4586959785704225,0.3836328012430126,0.31843089221836196,0.49403111477666833
0.003654297692967222,0.0167950857097179,2.19154056251427,0.15401264708694506,0.058967550840597835,0.31836398526294707
0.003654297692967222,0.012062448255569977,2.024698135844815,0.3823236583497506,0.22105989030433723,0.4651498874922757
0.003654297692967222,0.015260387259001406,0.7642048036803633,0.13833234761682145,0.07616751236049027,0.157167666772051
0.003654297692967222,0.019383887344071683,3.5577203248535825,0.5123695840610095,0.31934356208398607,0.611066598292292
0.003654297692967222,0.017415720855251834,0.6983080583196077,0.1662517469909192,0.1155405334727592,0.14756410720738145
0.003654297692967222,0.015063369905924277,2.8934529895458305,0.5025848888706451,0.31505010711441317,0.6237299267569133
0.003654297692967222,0.01788032970533171,1.550521834306734,0.2706661507444083,0.09911163672441947,0.33284840369893387
0.003654297692967222,0.01197476222735376,4.5181842659262434,0.556834348469815,0.28362521326049583,0.7912811366739761
0.003654297692967222,0.01449719736515113,1.6397111036165295,0.2618188434940157,0.08115583213660008,0.41198415361066365
0.003654297692967222,0.017933176679092548,2.537237849896604,0.5054466225331934,0.27907703347570895,0.5612611307762407
0.003654297692967222,0.015244282371378284,1.4380555741260697,0.22354911454683296,0.12489907302885836,0.26925426243728484
0.003654297692967222,0.016824147129895977,3.0907201794879153,0.42722983025646477,0.21708524705029109,0.5999051661716603
0.003654297692967222,0.014487048289669527,0.9763236382971204,0.18020651803494125,0.12403414280715996,0.2042191138464435
0.003654297692967222,0.01711739510458501,3.044745926664037,0.429833731995032,0.2569043975290461,0.5833374674519343
0.003654297692967222,0.017741606917405957,3.2559539557537223,0.35381065293137015,0.21894410332284361,0.5054220411377586
0.003654297692967222,0.013108503272158647,1.9062126081295352,0.32552672010368866,0.15973185838259849,0.4108243615660394
0.003654297692967222,0.018172042822475386,1.0588812804048693,0.22917172185083864,0.10706579287504428,0.2642246277921474
0.003654297692967222,0.01861766152284465,1.9211849900668616,0.32628960783908467,0.16492655833542003,0.42447829358095623
0.003654297692967222,0.01719694659171654,1.7686305843339236,0.19873584756705218,0.08124546438982595,0.33978670544373235
0.003654297692967222,0.013816505264251946,1.8771423945437784,0.28004573591970383,0.13496299779751356,0.41473152503595434
0.003654297692967222,0.01774245667447313,1.2602174831614477,0.23390921401969386,0.20774974491249748,0.22384075503455458
0.003654297692967222,0.017291190146546773,1.1935206621167207,0.21538170178140742,0.12109065330486005,0.23778594901262698
0.003654297692967222,0.015542651303268137,1.2148008111288888,0.22369634179665102,0.14332208517382156,0.25503431327709086
0.003654297692967222,0.016665705858137238,0.9552778929555955,0.20806330392326763,0.11461447720372728,0.20990277958433226
0.003654297692967222,0.018803472125408227,1.7613394699452005,0.2634019609161969,0.12689059899335192,0.32664008993131716
0.003654297692967222,0.014202872353123936,1.0143253308760056,0.25129240388789253,0.16563776220430648,0.26702103987915493
0.003654297692967222,0.016261007037051182,1.9349204814369974,0.28943406457989884,0.10532508700316522,0.40669210299306907
0.003654297692967222,0.021256779128411618,1.403269574883791,0.26476736503572823,0.1501169035021585,0.2963658291817197
0.003654297692967222,0.0202526596664397,2.350291065930438,0.26558241211643113,0.10063531781087925,0.404649757310792
0.003654297692967222,0.020628277226939166,3.5439738628925856,0.27855755470835786,0.09820776766373458,0.5322801589974334
0.003654297692967222,0.01778306943676676,1.1884175929613472,0.25019859337368955,0.1358729998715087,0.2817968990586529
0.003654297692967222,0.0211939458860273,3.8494586461897358,0.26434726937017106,0.15068656363297145,0.5449659728720871
0.003654297692967222,0.024618551509115353,2.4033560962530878,0.2650551696992126,0.17290536976326648,0.35358888722166626
0.003654297692967222,0.0213616373917068,0.6703480679114563,0.147767339067888,0.07991393922416318,0.16163802181859313
0.003654297692967222,0.026927963826069726,1.5664219090023348,0.2994426297321795,0.16544773326588447,0.33017654324772644
0.003654297692967222,0.027842956488499607,0.662892214868169,0.13568247862104227,0.05686066478973511,0.14209632623913698
0.003654297692967222,0.021045201972420272,1.6626048079427624,0.35559042492626525,0.2360743071045306,0.3780315094933688
0.003654297692967222,0.02463168219983745,0.9882396110618143,0.17740710953193786,0.13971201254049284,0.16943417742351127
0.003654297692967222,0.024575268084734148,1.2896332930266525,0.23616740680128806,0.14665097828191642,0.26801119210823526
0.003654297692967222,0.02501943480854531,0.8279426434281464,0.17558863620688914,0.09627373710143144,0.19545930356756822
0.003654297692967222,0.023131783594409698,1.6279530241333449,0.420102697640386,0.25601483031199407,0.4210810745140703
0.003654297692967222,0.02244168595949504,0.576470516849299,0.1550047488274355,0.10355566415843243,0.15002784514839548
0.003654297692967222,0.02014472418874827,1.3381460312632931,0.3845284636279183,0.26573427187251786,0.3486253730911766
0.003654297692967222,0.021565697018805646,0.41558784117325426,0.1211309284269359,0.10697320170728736,0.09185560162893298
0.003654297692967222,0.0231443877317735,1.9995810026520486,0.4283339555645832,0.21330774020553922,0.5153621524122769
0.003654297692967222,0.02202908625006274,3.2083373556087276,0.21831974162985443,0.0915466193501716,0.4668590764785421
0.003654297692967222,0.02196653010624808,1.184590955788562,0.259392755129489,0.17393745347430623,0.26286769773779606
0.003654297692967222,0.021609119572048446,1.0374525857625776,0.15717634106694253,0.07815058156288213,0.18900480742309972
0.003654297692967222,0.018224132816686864,1.470513040900479,0.2550068563757453,0.16977065812127487,0.31408959063397046
0.003654297692967222,0.01902017165404734,1.0285110830846658,0.19950680712346844,0.11058833795623577,0.2401150032339759
0.003654297692967222,0.01637373264604668,1.8023784045943516,0.28881922139912514,0.1777531538592947,0.3359590359401045
0.003654297692967222,0.019807463815886748,1.2284436827210456,0.20106290580945452,0.1172045509050843,0.2627411314272809
0.003654297692967222,0.017206300449133627,1.676056621595627,0.27610158661673756,0.16892894112529205,0.30271873370902935
0.003654297692967222,0.020616897762429216,0.5059741044903442,0.13287009272921235,0.08654247658856365,0.12469175298403547
0.003654297692967222,0.013859091472120352,2.222416756567751,0.4222857588984453,0.31955337890721724,0.43870425880335534
0.003654297692967222,0.01890599814391812,1.1238860703059386,0.16963738529917805,0.07708492664264133,0.22939551410512352
0.003654297692967222,0.014250808719831896,1.1609259791055055,0.3446362702247361,0.22793268573671527,0.3417238033683872
0.003654297692967222,0.0192897823598013,1.964206879187011,0.2154417188132188,0.08146033650510448,0.31843143319388467
0.003654297692967222,0.01707100670399467,1.8083759719984749,0.24083870839248886,0.1677612951060164,0.3061671011172481
0.003654297692967222,0.019714602356374,1.7247352911607199,0.17819727154711365,0.06794618013559314,0.3281936992878775
0.003654297692967222,0.013509668281285508,1.3580595496313528,0.35315391948376507,0.28637334569947687,0.31004700410480274
0.003654297692967222,0.019619152859337623,0.6063269883254548,0.1305311219011036,0.08266434325944053,0.12655996412745144
0.003654297692967222,0.014906514407621765,1.3870748832103752,0.33177277141113265,0.2502256344089117,0.3058977608846274
0.003654297692967222,0.013120370564262357,1.008520847316617,0.16128156166714397,0.12571685388282083,0.18182335455378665
0.003654297692967222,0.012276490755870867,1.6133870022627668,0.255141679508853,0.09776333726658441,0.32227617478392695
0.003654297692967222,0.01233803094503245,0.8630703385095213,0.1245286342709201,0.06530574732728735,0.15836051317481817
0.003654297692967222,0.01556329141148619,1.526027860469601,0.3074517437566323,0.1042657552108605,0.3894600273225832
0.003654297692967222,0.011815953176298844,1.1939650497719403,0.17983448757129739,0.09335571329118403,0.22755932877686194
0.003654297692967222,0.011913784127844076,1.2893162997858034,0.23040570874880717,0.1322641402527151,0.2691644043867614
0.003654297692967222,0.01081288504761631,0.859687250039012,0.18557843549529096,0.1065390397457103,0.20594793548642717
0.003654297692967222,0.008324349983284384,0.7719865227620946,0.2006792638088934,0.08469013345802737,0.21605632349216256
0.003654297692967222,0.010046858211030374,1.0501725505471493,0.2501165477454167,0.17318396780897588,0.2620458490208786
0.003654297692967222,0.009893941651535136,1.0490567275662865,0.18250537324019533,0.08868003754698082,0.2270267851987617
0.003654297692967222,0.0074212866082512445,1.3453718182033634,0.36953665292231547,0.2365571123268766,0.38249862050911665
0.003654297692967222,0.009909240010130745,0.5983212034542247,0.12138788547878625,0.06256417542540141,0.12906440656270343
0.003654297692967222,0.00955360649975247,1.4242837385148905,0.3478000297566291,0.2089927049043672,0.4077159106066868
0.003654297692967222,0.010651247611114988,1.3262411564875385,0.18594831077392812,0.09942873666470249,0.23979021597922356
0.003654297692967222,0.011666166651594579,0.9837432946929318,0.21522728809268607,0.08221619989013845,0.24864987607487526
0.003654297692967222,0.010820013007135155,1.5741039825828922,0.231713223421278,0.1110631799290954,0.29454801508400785
0.003654297692967222,0.00994740347617802,0.7396014222461067,0.14631798597584658,0.08278755035466354,0.1706322263394385
0.003654297692967222,0.016695244609142727,2.639260368116025,0.34314025904933315,0.16982083724257788,0.47852365456131385
0.003654297692967222,0.010847790696765195,3.5464727975061527,0.19793243134476485,0.06433301325471266,0.5150805158805563
0.003654297692967222,0.013827091556011951,1.060194694455156,0.23969290089518597,0.1185647525569373,0.254413784154896
0.003654297692967222,0.0140666882475576,1.5595826976665772,0.19822193687525894,0.09304995277470643,0.2518050577923681
0.003654297692967222,0.015546884215434525,0.9213248125657505,0.2379092682792095,0.1445207220082923,0.24281697926752663
0.003654297692967222,0.01335675628267309,0.7883155132573683,0.20350898235885803,0.13168027495543766,0.1897640444937638
0.003654297692967222,0.012463299546295773,1.0675186705751065,0.2472927151779667,0.14230812534624643,0.2535479097432599
0.003654297692967222,0.010283716027779171,1.486900812736805,0.2714221865572957,0.1756149616472848,0.31008599117288305
0.003654297692967222,0.009061092489246624,0.5621419146031738,0.12134903144440598,0.06465919916262136,0.13567586073468751
0.003654297692967222,0.011875422968555514,1.1121174751818275,0.23609608952626818,0.10894901586414767,0.25724903986035835
0.003654297692967222,0.012549418405487624,0.6407017950165446,0.15565400455616205,0.10130279687373764,0.17295972224968395
0.003654297692967222,0.00974252715734186,0.9393715103418797,0.2115815460541169,0.11132771585912521,0.23782235658662293
0.003654297692967222,0.00804990335809665,0.9079370414561311,0.15163019892700938,0.07489064007768967,0.2013185605372058
0.003654297692967222,0.006758961127586142,1.1612802381467051,0.2608445077070338,0.16981054385670694,0.2821489254064155
0.003654297692967222,0.00941357341703075,0.5166885358270182,0.13670544350287442,0.09254295034091749,0.13916825150762235
0.003654297692967222,0.008343074734667102,0.8938541869169264,0.2822747133878526,0.1853628295475016,0.2429605952035305
0.003654297692967222,0.007942486086038598,0.570516529568823,0.15888314325625186,0.11337038590426209,0.14417362937491393
0.003654297692967222,0.007200841013203944,1.7293087392720108,0.2686079610345037,0.12301886774816428,0.3393559336699999
0.003654297692967222,0.008107856187327452,0.748240876180807,0.10621970328201885,0.04299536618033098,0.1293441244655682
0.003654297692967222,0.007406497723803756,1.70675356715011,0.3606051861780386,0.2065902055767178,0.3951196447920961
0.003654297692967222,0.009674145943443195,0.7832623916190166,0.14446213749867826,0.07399594108008925,0.17219040599229055
0.003654297692967222,0.005544820389304209,1.5840362928364797,0.36178505988503906,0.2859542242838089,0.37464998194403754
0.003654297692967222,0.006738775260469662,0.5278511576402986,0.12851162998521384,0.059885853293629984,0.14334461109817448
0.003654297692967222,0.01714720693279588,1.873268919138335,0.4278378631608774,0.2719148467070282,0.4616821706247168
0.003654297692967222,0.00849948768527074,0.8031033156245015,0.1673803705938712,0.07764612336678084,0.19922556528911292
0.003654297692967222,0.009310464646243008,1.8915023310214296,0.2885684451017212,0.20548433989370501,0.3252362172737602
0.003654297692967222,0.008257883489660042,0.5739627459194999,0.11073466621720797,0.05689782619570319,0.1245310343921633
0.003654297692967222,0.005727838569734639,2.1655185280388336,0.4128901366189182,0.24334162947586163,0.4417323250013864
0.003654297692967222,0.008286210344707204,1.311749748843983,0.15346169560059444,0.047370660786513384,0.2643696276372047
0.003654297692967222,0.011574963653391524,1.6096926647278824,0.28425249640335065,0.11541948354816116,0.36309582467318113
0.003654297692967222,0.008581100986244405,0.6921458267344222,0.10926366360114699,0.05466171406610745,0.1423048747131967
0.003654297692967222,0.01253793629503674,0.9741249378145838,0.27027560768667624,0.17649262799469476,0.2452520789798339
0.003654297692967222,0.007554775307217375,0.4232961018657823,0.11707744649757963,0.0879977554364847,0.1111318454369881
0.003654297692967222,0.00807099326306813,2.0749696323829814,0.3990719132225031,0.23454983149095274,0.41678137430145773
0.003654297692967222,0.007262611526730634,1.3669900587732349,0.20104071773544374,0.11681577664904352,0.25972966445706386
0.003654297692967222,0.010779130316815905,0.8375750877205944,0.2831748511713446,0.20805538074756452,0.23748502722794887
0.003654297692967222,0.006926566173660542,0.9266181776304607,0.14305837143888497,0.08595689501864062,0.18020898418104295
0.003654297692967222,0.00935699072756165,1.0371469545003096,0.18914982645809686,0.11486296416408973,0.20736383680266465
0.003654297692967222,0.009212606473139328,1.3263094188749394,0.20035578695766845,0.10482884175293075,0.2968175560831455
0.003654297692967222,0.006675552499846611,1.1506662398070702,0.17649623960293073,0.0807478151185038,0.2313695870067356
0.003654297692967222,0.009029447158853522,0.6845837986863316,0.12184111409473497,0.09841385429324315,0.12111243057311757
0.003654297692967222,0.00763776757728873,0.7660625092662104,0.18721416229288385,0.136991702919345,0.16914783465995772
0.003654297692967222,0.009121028739464108,0.7146968245376641,0.13199305021298582,0.06330092172175311,0.1612144131285128
0.003654297692967222,0.00927641736200367,0.9900542855366834,0.2439412950301579,0.12098619659160288,0.2531717936467968
0.003654297692967222,0.0076819649740171095,0.7080463333967094,0.19425399767002915,0.13132102990188868,0.19913134704352356
0.003654297692967222,0.0066432015802178265,1.3552260089701573,0.2974334506875268,0.1609113343193994,0.3363010773299684
0.003654297692967222,0.004853734231371906,1.294358150797074,0.16815239868440265,0.10389641644208317,0.24060200639196938
0.003654297692967222,0.007290718661416751,1.0172541959094017,0.1989313553233656,0.14633020084233758,0.19904404531043932
0.003654297692967222,0.006480707699710587,1.0738582084664696,0.1336445145968833,0.058952183959908915,0.19483010525828046
0.003654297692967222,0.006592454474005559,0.9741406775970196,0.15364102374628782,0.08699559617642891,0.20214488129143618
0.003654297692967222,0.005822658678618367,0.4825721836942768,0.16874253415157864,0.14967725448035196,0.14665717134166315
0.003654297692967222,0.006881031080017567,0.9469515975756168,0.22766660977476275,0.11195921590079096,0.26114359996787545
0.003654297692967222,0.008327157850049852,0.9119539213242126,0.1403164030490941,0.07612146603853127,0.1872697426828005
0.003654297692967222,0.006807740595786753,1.2044618656138808,0.20644332492765868,0.12488510694406395,0.23036600848124517
0.003654297692967222,0.005885776447448924,1.1508933291344312,0.1682327189477185,0.0765245263321816,0.25605284863847505
0.003654297692967222,0.0057538573053040245,0.7866230612907612,0.18617468893060185,0.10973324466837274,0.19995045521743662
0.003654297692967222,0.008640365909886767,0.6294767473607188,0.14755961213693677,0.06515612938142765,0.17620680786539455
0.003654297692967222,0.008590495643567921,0.9844199591797941,0.19443045106214668,0.11249178605107815,0.24495292754370315
0.003654297692967222,0.007208287974586527,0.7239107523990784,0.1279143656058609,0.08815667759566373,0.13941971244733423
0.003654297692967222,0.0073184170381998355,1.8301869585461865,0.17546045156319967,0.07570341197629255,0.29520289157124485
0.003654297692967222,0.009538350865100381,0.43062260135066055,0.10288569700693084,0.06546060931292538,0.1081223595970511
0.003654297692967222,0.009768287472066645,1.837814384623199,0.2717710863896146,0.17222886921450542,0.32272260851731394
0.003654297692967222,0.009272398838883674,1.724517459433935,0.10120863354788318,0.032447442032419976,0.24413649088480094
0.003654297692967222,0.011038781138530794,1.785793626108953,0.26374971949913434,0.14259796385197315,0.32800271015877047
0.003654297692967222,0.01009441123880021,1.0093679941028078,0.1262143339173959,0.048865908772879066,0.18347420623014898
0.003654297692967222,0.0066600073855663505,1.3948455712762782,0.2699636044107804,0.13126186936795398,0.331063418485517
0.003654297692967222,0.009508545020178366,1.493607002422698,0.16812942523270805,0.05636980674695924,0.30360626673747
0.003654297692967222,0.009252904897578122,0.5407773477626037,0.09906430645016596,0.04952899150381618,0.11693853478019149
0.003654297692967222,0.008415024409570149,0.5719439367755635,0.11634943132242472,0.08637708933274901,0.10838087486943862
0.003654297692967222,0.011261377102567076,1.09222393739945,0.2116659844610068,0.0998457631591887,0.2349230056571743
0.003654297692967222,0.007559023240855455,0.506072166210315,0.1228092760552569,0.077130461282917,0.13512215480299242
0.003654297692967222,0.009178041441870767,1.0349059090887038,0.27008727989388015,0.17264658405200575,0.29293720073041624
0.003654297692967222,0.007901755661601822,0.5017448910042623,0.09812311804030965,0.04344954582935756,0.1246196346736996
0.003654297692967222,0.009190255783852396,1.1381712583875023,0.21569212372051752,0.13559694547520396,0.25838350599799825
0.003654297692967222,0.00833073902456057,0.46686123140029007,0.0851900212677149,0.04907099783225354,0.09639362691509239
0.003654297692967222,0.008802445409128279,1.2685570592435558,0.19748442469939229,0.1280477158805235,0.23658095223934347
0.003654297692967222,0.00827791565254488,0.3593991159947766,0.07791151479764354,0.0349133605046386,0.09304183814021534
0.003654297692967222,0.008146315194473817,1.2757853037739293,0.22615688407431503,0.12430573955890789,0.2415119152219398
0.003654297692967222,0.007613292099732054,0.9185564695460662,0.10750271520464182,0.04349595779580237,0.1667102601047577
0.003654297692967222,0.006123954294972206,0.875176751847375,0.21120014595045716,0.11514273230323277,0.2461736036880546
0.003654297692967222,0.0064325173905414885,0.9084396369887503,0.11228203096175501,0.044987550542823135,0.18424776782878263
0.003654297692967222,0.005454216927191469,1.404700359449084,0.18507446523643575,0.09289964158105309,0.24843608904352088
0.003654297692967222,0.005818400386400991,1.5954352768265265,0.14091066663644466,0.0490645268491796,0.27191054174922485
0.003654297692967222,0.006347160199310589,0.5684879732385965,0.15025401091894386,0.10677231956262823,0.1472372092446476
0.003654297692967222,0.005842701299489983,2.9820426436670693,0.17925864781279055,0.0571095389989961,0.4297573530979397
0.003654297692967222,0.0076545256120206335,1.6774393067156972,0.1518977516639965,0.061738989731564956,0.2685889308336099
0.003654297692967222,0.008544263494550288,0.5742992783177152,0.12478789346436288,0.09913666338217549,0.1307931846286317
0.003654297692967222,0.006815657062912287,0.8712116364807574,0.15931708380525791,0.08154846808182745,0.1987699157550769
0.003654297692967222,0.007720864761453078,0.7305886484837983,0.09250867121446174,0.040242771106398095,0.12560320644626566
0.003654297692967222,0.01061623887875582,0.6836182092314117,0.1477757104847195,0.09089269322993734,0.17040763735685047
0.003654297692967222,0.008143507476937309,0.4923802549977142,0.09579386704450236,0.05377426115736999,0.10976562714144013
0.003654297692967222,0.0067131846210152024,1.006006837153196,0.1742992866585682,0.08671738787108822,0.2346274847199205
0.003654297692967222,0.007843432041365037,0.4746725066734351,0.10974990638950899,0.07556173397812138,0.11880774883204719
0.003654297692967222,0.008022018381895871,1.0423973130303124,0.18122479891943905,0.09839145139774877,0.21028701771402047
0.003654297692967222,0.00719600999036845,0.4376583522787976,0.09418598785975733,0.051044589794634866,0.10470562909870557
0.003654297692967222,0.005768899700583833,1.0251604366945974,0.15951953773822927,0.05183691359312745,0.22859553443107355
0.003654297692967222,0.005323319626622648,0.5204646372110643,0.11980288845483768,0.0528071845848439,0.141376865125454
0.003654297692967222,0.004211843489644601,1.008597583611593,0.1456767992386957,0.05997263694992268,0.18851124402971486
0.003654297692967222,0.006227652454904481,0.7150332326917908,0.14282247204200166,0.09404230289372667,0.14945124812001914
0.003654297692967222,0.005181852952646781,0.5086358047302463,0.12244180107751543,0.07155788057667326,0.13075462067891494
0.003654297692967222,0.006857098330664575,1.0760936427063532,0.17784791568418587,0.06325154698481064,0.2416666648798335
0.003654297692967222,0.004446417200101795,0.6085877357270857,0.12042318912549105,0.05275566995779281,0.15435303901243205
0.003654297692967222,0.006509810073602547,1.0462528632890076,0.22431820994134988,0.14691388907391267,0.24552378525979268
0.003654297692967222,0.005336410799611291,0.4652392894856793,0.08198469433758387,0.04544556382008111,0.09134818637429586
0.003654297692967222,0.00626983206269628,0.7825283804368605,0.16798182028291922,0.09001413586972942,0.19220585297924286
0.003654297692967222,0.003960581430866523,0.7788213310056226,0.1323075013994093,0.04847396726842971,0.17179655110374475
0.003654297692967222,0.005171621468169444,1.157940057004216,0.11869485963648195,0.07490082067147831,0.17294821719075418
0.003654297692967222,0.004317316160671327,0.7209393537066029,0.09805576593550665,0.04623594108840624,0.13688338462525676
0.002717960129595092,0.002717960129595092,0.5546933320613238,0.1025143007769406,0.05771263941264597,0.1368322806492501
0.002717960129595092,0.004296498630455071,0.6805144487404738,0.1112981465333843,0.0693994141687576,0.13295379493150988
0.002717960129595092,0.004145172075099621,0.6442940379230193,0.16204279868891155,0.11106124587836513,0.16807178249309251
0.002717960129595092,0.0034529236920579913,0.5129445016952578,0.15043614914750963,0.09400100680537316,0.13962827016455046
0.002717960129595092,0.0036985688005369667,0.559073316426303,0.1117877044656187,0.0652086511259457,0.13169064414305204
0.002717960129595092,0.003973289628186061,0.7892694242064322,0.1554155902371269,0.10406131535824503,0.17329716472434997
0.002717960129595092,0.0031262047667129362,0.5729326214601658,0.09932214001656092,0.036772450235792994,0.13858331266872065
0.002717960129595092,0.003689630568939419,1.379647312803681,0.14709584681100632,0.09195853983533919,0.21396282659862517
0.002717960129595092,0.004688656765549068,0.5033104052899678,0.06646834360733156,0.019500537224486234,0.11788490823813474
0.002717960129595092,0.004192186799270907,1.4937592634696488,0.19192906832912016,0.12809835319636637,0.2565282749275347
0.002717960129595092,0.0031675467212205397,0.8804573239183461,0.07088742384567309,0.036329659572736595,0.13011151099818583
0.002717960129595092,0.0036277371848073897,0.5513005465652699,0.11294004994612501,0.0526561735525613,0.14252859551498062
0.002717960129595092,0.004137787904868994,0.5590128292298658,0.09253731641622526,0.06302565912127386,0.09782997260812067
0.002717960129595092,0.004324586785111345,0.9029202610419563,0.1333547721933404,0.06156648016011388,0.17100654199083148
0.002717960129595092,0.003986294672402794,0.5226160090544077,0.08183488271797795,0.039594949862269496,0.10288848803130984
0.002717960129595092,0.002872471790043799,1.0778777072228027,0.17622533989353148,0.0916771150657841,0.2213350704082463
0.002717960129595092,0.0036474430331511765,0.5297867015823482,0.08480372927694363,0.0467969463956157,0.097997497016189
0.002717960129595092,0.004144496024463687,1.633323912423797,0.19546040960744077,0.09330522717136283,0.2913329009651989
0.002717960129595092,0.006009444804271608,0.7398692336790954,0.08839026767693121,0.033872563093013786,0.13453879105213531
0.002717960129595092,0.004678656027564004,0.9423573595097463,0.15304029937357952,0.082041214957202,0.19294513038613575
0.002717960129595092,0.005802213343955189,0.9873242329095263,0.10752406670326994,0.03277225810003036,0.1612749000198017
0.002717960129595092,0.0067190649520865705,0.6533882348575233,0.14397658525796977,0.07989847053416835,0.14724335986712309
0.002717960129595092,0.0050049286069734885,1.3867386298264148,0.07770434351218314,0.025731953518011746,0.19915587627575362
0.002717960129595092,0.004357740172445319,1.0229528642282049,0.1729909419771247,0.08544002914934995,0.23038843236156514
0.002717960129595092,0.006358149919660285,1.0078571795704965,0.09131401407389857,0.04938133778122219,0.15791859690046972
0.002717960129595092,0.0054771529722099565,0.8379642047837969,0.1392496174165028,0.10666255180302633,0.17053199476622896
0.002717960129595092,0.006464709465463624,0.46198596335516684,0.09413850476585559,0.056079895208799725,0.10439867439532147
0.002717960129595092,0.005080071457371701,0.8938466283990065,0.1322306271199483,0.09370856529290654,0.15652626035569564
0.002717960129595092,0.005398309430788691,0.38789809687297694,0.08025867861540323,0.050932506171569636,0.08861639247600417
0.002717960129595092,0.006425238730757077,0.7609149274177875,0.18425650748437708,0.12063399594589562,0.1962893663489298
0.002717960129595092,0.006331506654451828,0.6403845425755011,0.11942953141994163,0.06969435255139139,0.14167641973407483
0.002717960129595092,0.005316106129222042,0.5514703250198071,0.10024355014325775,0.0494430504456395,0.12813256053532174
0.002717960129595092,0.0069837839379196945,0.5937524754134261,0.12910702113640957,0.0697113201288253,0.15317528824424012
0.002717960129595092,0.004508033811452787,0.6182919144798886,0.12534348432375203,0.05023206750560287,0.14882794836249982
0.002717960129595092,0.004423936020262337,0.857158933761096,0.12921059021533374,0.08145646896891313,0.15104173893442047
0.002717960129595092,0.005864998739379991,0.23167261810999226,0.0662546138117077,0.05565185149036047,0.052969049575684386
0.002717960129595092,0.004168187835769044,1.0908610940293682,0.15622653823170057,0.07260108240684918,0.21923717466280168
0.002717960129595092,0.00538498819258991,0.9413356461072476,0.0802009597109108,0.03236044882292343,0.14803090340969327
0.002717960129595092,0.0044482041012390856,0.947511147135587,0.1623967756243123,0.10376925211409369,0.17913953585477518
0.002717960129595092,0.004688688191685901,0.9142072417791686,0.08707708023231825,0.03534563539879977,0.14186379580365588
0.002717960129595092,0.004603590801476052,0.7690891942953726,0.137637920186268,0.06799570728314554,0.15681280425604502
0.002717960129595092,0.004045303265846252,0.6118255323576234,0.0794996371987754,0.03721116280188737,0.10276062966937706
0.002717960129595092,0.0029234921257733403,0.5341037645369383,0.13773865803785335,0.07555869026405217,0.14813985358456477
0.002717960129595092,0.0038061919289868354,0.4061760880809853,0.08549362184836769,0.041159168387792405,0.10027512261976518
0.002717960129595092,0.003100123441620638,0.7389559342226062,0.17909721407550072,0.12526042343813815,0.17442195430976665
0.002717960129595092,0.003932644373756339,0.3942882363662018,0.07969829962848253,0.04944829972532412,0.09081609419517023
0.002717960129595092,0.005962391330392928,0.8412482456178952,0.19906403518470847,0.17716619477468887,0.19327095248718823
0.002717960129595092,0.004714715392746779,0.3233878632096998,0.07387547369900242,0.060652440029740476,0.0739544839552977
0.002717960129595092,0.003826793059678135,0.9652847395098533,0.1764942650028105,0.07831679483904117,0.21041754567482773
0.002717960129595092,0.00393038170475839,0.6937453248119206,0.13011858664159015,0.07137156101811196,0.15781345300313335
0.002717960129595092,0.004813849777531897,0.9391288328506041,0.15866034287150693,0.07710696790222807,0.19349631935721973
0.002717960129595092,0.00530765291534094,0.4920267550331131,0.11248181466936633,0.06922900693492388,0.1178452210824699
0.002717960129595092,0.0063221032332811435,0.5409717424250786,0.14397278651269796,0.09420361411631148,0.1448819447574719
0.002717960129595092,0.004684258956773657,1.144426538164831,0.10192525849832693,0.03514703443335961,0.1822534084242492
0.002717960129595092,0.004894240743832357,0.770674599088479,0.16048419733715813,0.08314828520958409,0.1943852824469649
0.002717960129595092,0.006013198506952076,0.9391855426536573,0.13054816248671483,0.06596309318885174,0.1815792487864976
0.002717960129595092,0.00562728120299032,0.6235099825188439,0.09840354905756607,0.054171550078261924,0.1235630677706621
0.002717960129595092,0.004547050384000424,0.46633941655305916,0.09847882206153263,0.0645952232925022,0.09344063330139361
0.002717960129595092,0.004461511621650222,0.4769661201382125,0.08994911969456315,0.04288505643255936,0.12767995694781423
0.002717960129595092,0.005985745691923886,0.44562748521228374,0.07526965531287101,0.044080837134591544,0.08626456555710778
0.002717960129595092,0.003821966987205768,0.47223762737858516,0.08328233064077376,0.05242600276926035,0.10487633610243755
0.002717960129595092,0.005672249040640016,0.44965211419510664,0.09161331405603837,0.050499932793017614,0.10484523870972184
0.002717960129595092,0.004990297614103115,0.3030861124627451,0.07795383268364803,0.06121477154248888,0.07321972145547717
0.002717960129595092,0.005276683535847025,0.5503826574576693,0.0983383635016256,0.0698754060364054,0.10967703472874095
0.002717960129595092,0.004897312862006811,0.3704273231886742,0.0817858503360572,0.04965808727137747,0.08221915543562011
0.002717960129595092,0.00551561047928295,1.0958342255082125,0.1663440372260239,0.09914615696713347,0.19620691651136335
0.002717960129595092,0.005404971420788185,0.7951125439974029,0.09705341215276786,0.03586284079800113,0.15632906262578866
0.002717960129595092,0.00417503835179219,1.5546803189128477,0.19037195463637033,0.12092453016134941,0.2490757006862243
0.002717960129595092,0.005143453562158687,0.47617489510440353,0.057026401392212704,0.03322733573521896,0.07511235841479667
0.002717960129595092,0.0033027372663758654,1.3755772034215497,0.17851636843251892,0.08621512882927068,0.2340187125861886
0.002717960129595092,0.004131908966285018,0.958380467857544,0.0674457007167183,0.021969646717708492,0.14477333557809713
0.002717960129595092,0.004475344872750569,1.0167363661661803,0.12825068465958228,0.06715685936793533,0.17872454760355924
0.002717960129595092,0.004065763934725842,0.4735708043423469,0.07933396150983153,0.05114529832508799,0.09132912967115703
0.0026607456081421195,0.0026607456081421195,0.689048801104302,0.09994109089752612,0.05480997991862305,0.12809305770407106
0.0026607456081421195,0.003933302382598665,0.49072467294111954,0.07399207509807623,0.030594221202281016,0.10095480219556645
0.0026607456081421195,0.003970768148349255,1.0398325281399516,0.13606382340490963,0.07110311974509112,0.1735003267244627
0.0026607456081421195,0.0040100489376119425,0.21265235016171782,0.05867876332647276,0.025627360161893625,0.06177449918952087
0.0026607456081421195,0.004955581418903908,1.2340668054903938,0.22963794445692526,0.15584637435636883,0.24456579885189408
0.0026607456081421195,0.004332388133278791,0.49492909132093543,0.07327748559585648,0.024825666750099756,0.10620123039712911
0.0026607456081421195,0.004327245442153749,0.6599062662843161,0.16752828929869296,0.1290479079609681,0.15191595768079397
0.0026607456081421195,0.004786811147061248,0.2936954182432221,0.051766959529744555,0.025978053280792016,0.06758122877735138
0.0026607456081421195,0.004270559644244718,1.0494668735384727,0.18097753778594172,0.09652007058995091,0.21635399659473242
0.0026607456081421195,0.004027282234528527,0.7345052087204451,0.07180364818942948,0.04274799995290747,0.11281504537968921
0.0026607456081421195,0.004640586549756018,1.1770406990178632,0.14460924693379434,0.04449795703176013,0.22361095618045324
0.0026607456081421195,0.004177324361908978,0.283502003899351,0.05797108551085005,0.032780425071662816,0.06155587634201701
0.0026607456081421195,0.010117615538966392,1.216838156282419,0.1980702612323352,0.10062540202821015,0.25012168954319786
0.0026607456081421195,0.0037071434069660954,1.15650015471714,0.12151341150269011,0.04048589833012382,0.23322926361403584
0.0026607456081421195,0.005285233652970526,0.6111265094467025,0.17113614308125208,0.10993592442507077,0.1636415238363161
0.0026607456081421195,0.003709618815798771,0.6151302035864038,0.1233102385932624,0.08187666269978368,0.13757357786295346
0.0026607456081421195,0.004512178331267766,0.7371810887321485,0.1002359178677826,0.04509040033310076,0.14999942131952065
0.0026607456081421195,0.004065660629321516,0.5654157205038229,0.1331168972852015,0.08989700531831242,0.1378898076939877
0.0026607456081421195,0.004892934116226568,0.8354235625620555,0.08248269485081108,0.037282301615973026,0.1366540097846343
0.0026607456081421195,0.00455681894944828,1.1937492812169566,0.08317251064625684,0.04077589972879116,0.1700495050440186
0.0026607456081421195,0.0045254535226716885,0.5978661753164012,0.07320189579513406,0.040484532074977125,0.10026988720871251
0.0026607456081421195,0.005604608219920538,0.9328515562548633,0.08285969379042644,0.04042794110931437,0.14028183645959746
0.0026607456081421195,0.005122831850497404,0.8119349425265898,0.09713237821079033,0.046573024486555856,0.14865477636082888
0.0026607456081421195,0.00502199352317405,0.22278989358074788,0.060961572143601914,0.03737529857905063,0.05996673548157372
0.0026607456081421195,0.00568130769907969,0.5567591348028834,0.1201658279509736,0.08432006190263641,0.1172579049125999
0.0026607456081421195,0.00587541246585674,0.3880806286487897,0.05986807354018655,0.02714799878022764,0.07788795547451145
0.0026607456081421195,0.005779385101211604,0.5660151237273362,0.10619649305048019,0.054951147172457734,0.11514243430089154
0.0026607456081421195,0.006745174784124141,0.3010441654648112,0.06447819140878215,0.0335570822280052,0.07419522056800543
0.0026607456081421195,0.004853904090058951,0.4495947540492634,0.10029822264794394,0.05023576376786698,0.12205155141674674
0.0026607456081421195,0.006267524975437876,0.32464554099077575,0.07049965466173022,0.04455785249259624,0.07912624659881262
0.0026607456081421195,0.005406693550574403,0.6324141522318208,0.09781593447223118,0.06735297790684622,0.1153991324430664
0.0026607456081421195,0.006074723111865641,0.2602344095566944,0.0376906151907991,0.027399783011638833,0.04243527133893022
0.0026607456081421195,0.007716557335738905,0.693504064731326,0.12037773254165368,0.07938569150142163,0.14500525060442207
0.0026607456081421195,0.006449741953793947,0.572779775945029,0.06334038660848872,0.03907908149267431,0.0936307776072072
0.0026607456081421195,0.007621796830392547,0.5210793207504669,0.11119979457427999,0.06214577356138528,0.11474941914905061
0.0026607456081421195,0.006454433198305271,0.3005627442105609,0.07365597665432094,0.043527030153069836,0.07896303117231836
0.0026607456081421195,0.008274453656797931,0.5678885841437212,0.08401460268858071,0.052546183047316744,0.10239897376109618
0.0026607456081421195,0.007764968128268737,0.2369946255719928,0.05174304958154693,0.034104721056076204,0.05255324527209159
0.0026607456081421195,0.00651069148543806,0.6942518798306708,0.14413155894528878,0.10131344724601593,0.135621924185153
0.0026607456081421195,0.0074683457097943825,0.6318714329484203,0.06301504811482415,0.02389303232663978,0.1015075278263123
0.0026607456081421195,0.008698866638945093,0.7849658510042703,0.13590291484468936,0.050196303851481355,0.1790594659089338
0.0026607456081421195,0.007061553511874822,0.4172518385467967,0.07985434584731704,0.047924810853147835,0.08689998038728039
0.0026607456081421195,0.007569528953163287,0.9940726245578491,0.14728630549705546,0.06938059514313313,0.20211837989780007
0.0026607456081421195,0.007828720188086667,0.4994799122321621,0.09285522874574563,0.04356113810516485,0.1202015288658418
0.0026607456081421195,0.008165607693250414,0.48490422209663625,0.10265811138479682,0.04474785601286816,0.11807636536494795
0.0026607456081421195,0.008776995142571763,0.3993511978658345,0.06325947037872812,0.030787449371897056,0.08757263016832052
0.0026607456081421195,0.007377309637440394,0.4073328334324698,0.10780482002420698,0.07369209168139608,0.10552908739224251
0.0026607456081421195,0.007441596581631229,0.3777436642464446,0.07051199729730222,0.04253577860972531,0.0730047531867898
0.0026607456081421195,0.006853294896570045,0.34989722322717476,0.08590868355908142,0.051965330905947696,0.0861975195585018
0.0026607456081421195,0.00866205563641179,0.5056629005197392,0.07947429085713777,0.04828509840612688,0.09231592401972585
0.0026607456081421195,0.006489187670477826,0.3594788229726971,0.0674379440567698,0.04768125931089183,0.06748232396924421
0.0026607456081421195,0.007190253667939689,0.4853015994734798,0.08481430002307672,0.052108194464481845,0.09749200233333795
0.0026607456081421195,0.006864999653560407,0.5055872102270842,0.07044338109916785,0.035204620480132086,0.08767535906177229
0.0026607456081421195,0.005538942037441543,0.3082401687110038,0.0692376152327207,0.04067766668311553,0.0700470257525783
0.0026607456081421195,0.005648625662355219,0.7992347130416718,0.09579772850762376,0.0525679086413626,0.12880241125246195
0.0026607456081421195,0.005757049229840787,0.9156951263442951,0.07390018068551618,0.02920136944215364,0.1367594638227356
0.0026607456081421195,0.00510243363464251,0.3681480368081292,0.08176106938911387,0.05330863719591769,0.0802237384356482
0.0026607456081421195,0.004406096836527298,0.3816621305004532,0.08540525703486766,0.053726534454024664,0.09574830435363736
0.0026607456081421195,0.0061353672177358095,0.3826066291875233,0.09246099085022337,0.051034884558691665,0.10002138136456926
0.0026607456081421195,0.004939443927699243,0.2568813995748274,0.07986365729779264,0.059654785249030055,0.06953435955452787
0.0026607456081421195,0.0053845299092354975,0.2019064519750429,0.045823901334145954,0.026302459846950427,0.046580604228679566
0.0026607456081421195,0.0042709698055264644,0.6085838227404078,0.09582173505810211,0.057535311649621626,0.11838142670457012
0.0026607456081421195,0.0052854042482897165,0.7404862204651438,0.059811430923197656,0.021041841388049157,0.10793268600789155
0.0026607456081421195,0.005606287969852148,0.3683267198277153,0.09189242079619973,0.07221374383907926,0.08149559356347488
0.0026607456081421195,0.004377718050132232,0.2506514451742323,0.05493213238343166,0.021387088361771542,0.06254009750343996
0.0026607456081421195,0.004496976123053087,0.6826248690402792,0.09988325926546576,0.0437858616937226,0.13078147903989137
0.0026607456081421195,0.005755165435646632,0.14966894867973574,0.04991718402340223,0.03424601486178823,0.04186413109342647
0.0026607456081421195,0.007767589662291557,1.0691526938980322,0.16487139819725707,0.07896273909106524,0.20296872521128442
0.0026607456081421195,0.005882602774781686,0.44272226870680326,0.05652336334289367,0.02482881037396409,0.07850631005010093
0.0026607456081421195,0.00745222322440732,0.9162811953265076,0.12273444948272708,0.048576452593897576,0.16917733361927337
0.0026607456081421195,0.00592996577584575,0.580182515769028,0.04591293220632558,0.0216356300000925,0.08432357096300602
0.0026607456081421195,0.005293410932847564,0.30782691758554076,0.06410369164674196,0.03493632391849204,0.06938218134691122
0.0026607456081421195,0.005096575013291439,0.2995895603913878,0.04290903948210574,0.02537716435176019,0.05121407437790901
0.0026607456081421195,0.004511408173376475,0.3623346838233778,0.07271338083050691,0.037122181489036385,0.08375890151077707
0.0026607456081421195,0.005155928793385716,0.24758628412762146,0.055908584009427026,0.0324605448862718,0.05823016796412097
0.0026607456081421195,0.005441245140103193,0.4667520844970247,0.0912341749834423,0.0523403769761451,0.10580457906000472
0.0026607456081421195,0.0053058916318016874,0.27224762466577546,0.05154602407618132,0.023652336515219738,0.06642707182146229
0.0026607456081421195,0.005522027597206453,0.9750812125510802,0.12784860124458527,0.04495715463155646,0.18866953045251159
0.0026607456081421195,0.0048329664766536586,0.6362989982574514,0.07531090855518471,0.02992525322379199,0.13116865102723255
0.0026607456081421195,0.004735600408456638,0.48399927559248684,0.07665239349918795,0.043152129699647004,0.09400696575653865
0.0026607456081421195,0.004142205847029419,0.1615795737044524,0.047007173151764094,0.03807931796469242,0.041769703351648986
0.0026607456081421195,0.005473106037902603,0.40705659225531954,0.08278702908184768,0.05110425182330722,0.08595162187918881
0.0026607456081421195,0.004825381180802004,0.1553728979392956,0.04545850374649884,0.02112533465832016,0.04914471498118151
0.0026607456081421195,0.0034701372110530347,0.6174505442810316,0.12768323495757555,0.07503889476064357,0.13360437890895824
0.0026607456081421195,0.003750572197958508,0.6545855443408409,0.06449461001389951,0.026968711560854692,0.12021524427640551
0.0026607456081421195,0.004217257354830701,0.4240011944746561,0.10920648653845841,0.08240806270143047,0.10614202255187125
0.0026607456081421195,0.0035923518073120862,0.33639952967346953,0.04352934859472386,0.021843773805503383,0.0669269650735737
0.0026607456081421195,0.0033256047443216462,0.3853513978621293,0.08740877401263125,0.04493561930415769,0.09958733504883763
0.0026607456081421195,0.003327828428852044,0.5071460414394047,0.056635796069040366,0.04063235714116978,0.07959337557742224
0.0026607456081421195,0.003385021814144524,0.35446158380669096,0.08560120440164205,0.0439110476484892,0.08925871495955616
0.0026607456081421195,0.0032655902021297744,0.7306601651199915,0.05865660371373393,0.021261046329719827,0.1106866180511155
0.0026607456081421195,0.003880438831627995,0.5681290561892305,0.10095620819663396,0.05512171252583739,0.11256742905407693
0.0026607456081421195,0.003148052010920274,0.3136004419671174,0.040821318790474626,0.02332131573007845,0.051374202869122594
0.0026607456081421195,0.0028956407009307875,0.6510894942266529,0.08932852917286203,0.034556965937191556,0.1228969658241475
0.0026607456081421195,0.0038076048083853717,0.4541329225966552,0.049218299807846685,0.021370452542787334,0.07635948261367365
0.0026607456081421195,0.003291344470713143,0.3465810316248409,0.0708300005148684,0.040209401675654746,0.07870363856366129
0.0026607456081421195,0.004306479744058052,0.3189848245185266,0.06529283950621725,0.03813363199946594,0.07702769611081162
0.0026607456081421195,0.0035443601701089992,0.371765633744583,0.07363840032144633,0.030727669233180273,0.0789991028112672
0.002604996784902604,0.002604996784902604,0.40020578582836275,0.05967550076470979,0.021845210277386853,0.08286380405825089
0.002604996784902604,0.0029549684167108907,0.39562229989473435,0.10055992695619212,0.06974020335866771,0.09421624486221687
0.002604996784902604,0.003010087089193704,0.18194680910399386,0.04080015452320776,0.02096239832288669,0.044905924111541116
0.002604996784902604,0.0026214623719990203,0.5319873945889062,0.10911945798049662,0.052373600116710356,0.12772927799406938
0.002604996784902604,0.002703426467598546,0.33760120080398365,0.0439884137043402,0.016395355831029516,0.05864861071052118
0.0022960371250920174,0.0022960371250920174,0.44728085026714093,0.07367305355497213,0.04042770134405971,0.08932886395855127
0.0022960371250920174,0.0030040470786168076,0.36791731811524087,0.04521424682272475,0.020777932087994017,0.06470435493019874
0.0022960371250920174,0.002455809725090623,0.5166452814668231,0.08234811783677348,0.0452799884451003,0.094020716717033
0.0022960371250920174,0.0035892115924558757,0.19833014655575076,0.035726302718467204,0.017920437578967115,0.04225416236562664
0.0021452886409115248,0.0021452886409115248,0.2881955787473942,0.08077271672534858,0.053000192360115356,0.07921563061266748
0.0021452886409115248,0.0033074677200349936,0.14322642798940657,0.042558286165610276,0.023865943717912428,0.042087340110749875
0.0021452886409115248,0.0032922877592730807,0.47214546481848774,0.10241087797400474,0.0481610144356518,0.11105062260434395
0.0021452886409115248,0.003629246273739475,0.1586197986866771,0.03981385142207879,0.030474421142300784,0.040434304556700544
0.0021452886409115248,0.002336664676947069,0.43761195423455923,0.10232921719359213,0.06400109560968821,0.10186607705841501
0.0021452886409115248,0.004246939450069018,0.1517944293466175,0.029402974709958337,0.01669532872505842,0.03472903939224424
0.0021452886409115248,0.002888488003523095,0.4409449024950188,0.09513186359472359,0.05449851312990192,0.09724730460851046
0.0021452886409115248,0.0032012645252819396,0.4411168811535447,0.05127093405573612,0.01979903646678216,0.0711679367046881
0.0021452886409115248,0.0022997303613809307,0.5081084549639585,0.0897865207721988,0.04852016793283814,0.10877836808561032
0.0021452886409115248,0.0036160885123125643,0.2213213583573894,0.034086257132961185,0.016580445228369815,0.04228898617852015
0.0021452886409115248,0.0035122088022463394,1.0201110169652288,0.10680014520138657,0.044747795373342295,0.15899538632042018
0.0021452886409115248,0.0034579212203313396,0.14396293421761874,0.03619762327206716,0.020203775689691773,0.03681544490315738
0.0021452886409115248,0.002991317569693005,0.505598193388136,0.14506562561851666,0.09262428145940346,0.1465855950450621
0.0021452886409115248,0.003768204596163544,0.5236235045648615,0.0566967480669762,0.03555815804177,0.08959755662294892
0.0021452886409115248,0.0037530831763810638,0.3084884912461421,0.07721902968207972,0.04080683516348667,0.08513413332744274
0.0021452886409115248,0.002454262142836051,0.24918135691526494,0.05939028819703055,0.040574964291368074,0.05670808201129335
0.0021452886409115248,0.0031955543268275635,0.3523001225641471,0.06398648910196267,0.029775849515520935,0.0718952593266468
0.0021452886409115248,0.0033296677868001694,0.29110116668937586,0.04601608185590386,0.02051177050978647,0.06276681267574076
0.0021452886409115248,0.003534191717070284,0.3925937979425448,0.05728713979187007,0.027522135509647928,0.07184742777335026
0.0021452886409115248,0.003563031441379937,0.4786122411237632,0.050748400872524975,0.02712841532788199,0.0733044188060767
0.0021452886409115248,0.0029346979935289397,0.7255681328081517,0.051970081069394686,0.022954486761391404,0.10564678641638754
0.0021452886409115248,0.0033553824220780527,0.5681532035012186,0.05218768043354276,0.02134897180700382,0.08863654886950907
0.0021452886409115248,0.003857983952816642,0.2569488876079855,0.05772898020803507,0.03774841474734811,0.061107425828210715
0.0021452886409115248,0.00307264448723758,0.5224150757507701,0.07693628261271551,0.04287820483186501,0.10479694634884834
0.0021452886409115248,0.0029006480065774387,0.5577670067129548,0.05477775378406526,0.022310802719282912,0.0898875532946874
0.0021452886409115248,0.0029357024875428963,0.5000215622934614,0.07261657601726834,0.04038488484926071,0.09573191813719706
0.0021452886409115248,0.003245586278229571,0.3556254622912689,0.05059288498885435,0.027556813668542048,0.06564623208496403
0.0021452886409115248,0.0031433744839123325,0.3896709091692742,0.08145571273076005,0.03243736491094535,0.10011343753499966
0.0021452886409115248,0.0033364651906015092,0.2846505387953294,0.05827993231091806,0.03069609657857335,0.07531552625830155
0.0021452886409115248,0.0033967746195621815,0.41353395871885407,0.07389295760392285,0.039286427330547,0.0853351886267402
0.0021452886409115248,0.0029812420575102997,0.18442969194640824,0.03857726077731931,0.02398510574697993,0.04221352371971577
0.0021452886409115248,0.003048578785269596,0.7179644151548774,0.07679136277550552,0.04122912737847187,0.1108531263584112
0.0021452886409115248,0.0030616920906615364,0.20353168496418617,0.0388627872408999,0.02466772405514535,0.04570035123629936
0.0021452886409115248,0.0032385580173035808,0.4351789801869653,0.07425477375384096,0.028338724502343763,0.10461064551365826
0.0021452886409115248,0.0032498004485408166,0.5147972933028473,0.05451509691872073,0.03173382201995322,0.07990650020209046
0.0021452886409115248,0.002760565496301644,0.31369392668665624,0.06164654705870456,0.026418071638756074,0.07559842532587535
0.0021452886409115248,0.0027199547677342452,0.961793262164775,0.07447708827073914,0.036395625425903355,0.14008228361719674
0.0021452886409115248,0.003169638853182036,1.0059315092538292,0.06498127549563225,0.028906609012229714,0.14235851004940747
0.0021452886409115248,0.002611274568737684,0.3478236186697299,0.04282625930262257,0.020878177971590854,0.058124287892578536
0.0021452886409115248,0.0025973856278186606,0.6673465558392533,0.055637158649553584,0.02379971303163745,0.10331626116891013
0.0021452886409115248,0.0024888174388138884,0.6763350857903507,0.06501289627339375,0.04016739736457649,0.10156149678555275
0.0021452886409115248,0.0029284840528162395,0.14616889858484192,0.030446800143056833,0.016288025985854555,0.032435454225003324
0.0021452886409115248,0.002634642748246598,0.6161023071375085,0.09369494880528195,0.07862968745374942,0.10670035475870655
0.0021452886409115248,0.0029166142172965272,0.646506739817632,0.037089261562532984,0.011200673088469976,0.09077106856160704
0.0021452886409115248,0.003136356947121756,0.29860565793310967,0.08583896055967478,0.06327443946252484,0.0818993748993745
0.0021452886409115248,0.0026248221481959583,0.31313237177544573,0.047782808112141896,0.017643777453998425,0.06096910778473442
0.002059970375789013,0.002059970375789013,0.3042303714344629,0.061124695629560105,0.03662213054627311,0.06887586912724443
0.002059970375789013,0.002237874687748052,0.28558496260973165,0.04509614875623675,0.019020575679159976,0.05665879504922534
0.002059970375789013,0.00260665554465932,0.34739277560190035,0.05732687197866154,0.04042134668243637,0.0626878876889226
0.002059970375789013,0.0032940966427728795,0.158017728819673,0.04495211065000707,0.0329172337175821,0.042568092633964744
0.002059970375789013,0.003301422353674838,0.6157837023116214,0.08619648119129623,0.046800496697584446,0.10640617412241918
0.002059970375789013,0.002329963542714632,0.3304317039117416,0.04275610950593697,0.012255372131668196,0.07232391718488822
0.002059970375789013,0.0020749874446515867,0.2131012549095534,0.054039459363702365,0.03792495503126794,0.054044087826871826
0.002059970375789013,0.002579496430667814,0.21728858669360765,0.033804873672630784,0.0177757456024892,0.042217498338386825
0.002059970375789013,0.0026744041565354942,0.29104011253690726,0.049010397561544565,0.024244814286808213,0.059766492710215766
0.002059970375789013,0.003579548841784195,0.15009818462474087,0.024914344220618917,0.016245661191776724,0.028537169466527693
0.002059970375789013,0.0024764190748429553,0.21098756040401903,0.05033991517678512,0.03220096299785982,0.05638401755832655
0.002059970375789013,0.0027766907727810523,0.11128439244236855,0.03535570236607437,0.018905054399102728,0.03360975428174692
0.002059970375789013,0.0028186758579909765,0.3348212909568583,0.0692861107077617,0.052894429737759596,0.07091443821006883
0.002059970375789013,0.002929572189744328,0.25027630650885985,0.04376704509498133,0.02428918460224508,0.053162083023673604
0.002059970375789013,0.002829195138477448,0.4071410587880098,0.0824646453483855,0.03678230761797399,0.09472068683400986
0.002059970375789013,0.0037046214106651112,0.35827119306770694,0.044882361284462144,0.025087306875551094,0.06135434845082334
0.002059970375789013,0.0034727423837504615,0.29759387694295436,0.06930598845781294,0.035892536517708636,0.07772710647470595
0.002059970375789013,0.003913160643497125,0.14352187988634277,0.039184364609103926,0.028400631228468462,0.03831911791159277
0.002059970375789013,0.003433163021299921,0.3473316387764551,0.07586528917558305,0.03694374010154983,0.0843987201204549
0.002059970375789013,0.0035598345627113575,0.15018141096115228,0.04225507905266499,0.020861400713686983,0.043705172453103056
0.002059970375789013,0.004262310186841964,0.3303550259106998,0.08552750295425626,0.06361272845047702,0.08003054905259491
0.002059970375789013,0.0037361834485379877,0.34408772015918787,0.036378973872298694,0.01739737116264776,0.054864565386117364
0.002059970375789013,0.0033884889479176357,0.40998738912298643,0.07974386604472547,0.05733415765540974,0.08197655059073364
0.002059970375789013,0.003606380232988887,0.21804942944589087,0.04040483636348452,0.029774871570036353,0.04402424650082063
0.002059970375789013,0.003079279177004479,0.41667997223387937,0.06762989922183907,0.04653984066359958,0.07870518660398292
0.002059970375789013,0.0033824298331110443,0.3029183662421552,0.04763851448544368,0.02930073370580518,0.05415655141882476
0.002059970375789013,0.0035376475451000065,0.42059878197795747,0.05180301951051826,0.02283993692011474,0.07315385101066618
0.002059970375789013,0.003340196684408153,0.27065261845422384,0.03609875865054432,0.01951408529284037,0.05541847241586551
0.002059970375789013,0.0021162161629533485,0.3904632536872764,0.04661978596429283,0.015382693040186357,0.07235365214719314
0.002059970375789013,0.0029435962197889138,0.2844776826120809,0.03802792095978341,0.022673533702843005,0.04866750383705327
0.002059970375789013,0.002770481690146987,0.5310072099315641,0.06789579774570757,0.04093123334425519,0.08867013302654189
0.002059970375789013,0.0028230704928932397,0.26537755194444457,0.029447701135055723,0.008637032367157026,0.04927082517058138
0.002059970375789013,0.00223615172646554,0.3474163950528538,0.0741021364916359,0.03649758032955741,0.08354177237442934
0.002059970375789013,0.0023802438794298217,0.1861672872597432,0.028123011086381752,0.016234718727058915,0.03658972435727051
0.002059970375789013,0.0021197194869467207,0.37352161690869123,0.09129784356297067,0.07687863796677824,0.0824914349131191
0.002059970375789013,0.002433538640944769,0.10572999611838317,0.024282474043174313,0.010862220575869299,0.027086070409118836
0.002059970375789013,0.0031628267931240028,0.3570185954213569,0.08551211617746313,0.05814429000442166,0.08340653982627017
0.002059970375789013,0.002609219877258741,0.2394209341394004,0.024143304296579005,0.012868636015240999,0.037088459937671125
0.002059970375789013,0.002581863019645571,0.49429347382310324,0.0573327370991574,0.028620768757441826,0.08273625723152765
0.002059970375789013,0.002344088028015015,0.1023154242775973,0.022836823797515657,0.016156624068325708,0.02223916702229684
0.002059970375789013,0.002476106179657717,0.26284825322819594,0.054027205625442665,0.04697873748480508,0.05393819422953696
0.002059970375789013,0.0024893924789638777,0.1424303856099197,0.030340547429886962,0.01664530752286763,0.033818779593689056
0.002059970375789013,0.002563607779010778,0.3088951018563672,0.05527050040764253,0.03288243642199418,0.05989152099764435
0.002059970375789013,0.0023584106984540333,0.13982215319067495,0.021002613546635383,0.010547250738427508,0.026813070508114066
0.0018138788540116503,0.0018138788540116503,0.3248862384963027,0.059741816496091,0.01784512923498871,0.07980751761297533
0.0018138788540116503,0.002018471986419839,0.3272124016106,0.0354987703491654,0.014288752886987229,0.05831689352757479
0.0018138788540116503,0.002459191996479599,0.24304040689372786,0.03916129221611915,0.02159832297926219,0.04735369889946133
0.0018138788540116503,0.001931016919321504,0.19440767517595955,0.03136487042172853,0.01632312662960742,0.03976670204440788
0.0018138788540116503,0.0018907015286506747,0.3488653180667766,0.04949480816450205,0.018834825090482947,0.06985290944488427
0.0018138788540116503,0.0018692098151676098,0.4929265584519423,0.04046392998730813,0.016937680970653245,0.07850708140345279
0.0018138788540116503,0.0019508805456045623,0.21764740849006098,0.056691798838812056,0.03363845146422237,0.05471349945985269
0.0015194579064330964,0.0015194579064330964,0.23417303814605936,0.02689814530868405,0.01100624172244646,0.04178070594977189
0.0015194579064330964,0.0019816759871194903,0.17645951222370682,0.0464050300157768,0.03346205229521612,0.04441586247369052
0.001290899168913077,0.001290899168913077,0.17233255024776942,0.03133825484958363,0.014596199978352407,0.04050512851405578
0.001290899168913077,0.0019600426981713263,0.2224436008081735,0.0471315652845952,0.02247909773717239,0.05230298060717547
0.001290899168913077,0.0015991508186104903,0.11540549077586532,0.023398558267187033,0.012329341235769571,0.025733142791948115
0.0010175459115277254,0.0010175459115277254,0.34952255993653336,0.08025091121623841,0.06291759173668805,0.08491653766678794
0.0010175459115277254,0.0016303423375789625,0.15528569202218512,0.029667701242996416,0.014558547091096436,0.03525885634650845
0.0010175459115277254,0.0011307710384794807,0.5388799171846418,0.07195010934439376,0.04450573858481112,0.09343692572071627
0.0010175459115277254,0.0017460291363857038,0.23278281148752922,0.023016398524102973,0.011002662984017909,0.03695591003685718
0.0010175459115277254,0.0012952260527013867,0.45377615390168585,0.06414723862179474,0.041961491687772266,0.08071117996613394
0.0010175459115277254,0.0016839987998721968,0.41394203921820505,0.028255698893556433,0.006186352281493802,0.06396212899008472
0.0010175459115277254,0.0014597335748044436,0.39687863783516275,0.07345112366616824,0.04789737490521022,0.07946155499955546
0.0010175459115277254,0.0016698475473617188,0.23159482041877827,0.028735949218823453,0.014084632880964745,0.040764911983822615
0.0010175459115277254,0.0011294933624465871,0.4926200491704103,0.06289284946160847,0.030114662664333366,0.08788095685965588
0.0010175459115277254,0.001386847038812678,0.7802271625441297,0.035425864862033,0.009472732517639113,0.11008421824580754
0.0010175459115277254,0.0014489972893360775,0.27039283713036466,0.04527883009150338,0.02402271689036997,0.0573221448842502
0.0010175459115277254,0.0015659017031425268,0.791267235449945,0.04223098997561395,0.016878050260859076,0.1108876517627813
0.0010175459115277254,0.0014323940552710389,1.0246494147012088,0.04680136039812039,0.011879534066384721,0.14385544570195183
0.0010175459115277254,0.0015699049910003185,0.23738962944737738,0.038240760819904206,0.02045311421569924,0.048681747136613676
0.0010175459115277254,0.0019005017280260793,0.26301960512747746,0.03661346147861295,0.01177007902787363,0.04669758783669132
0.0010175459115277254,0.0012010593537219421,0.17529944694414426,0.035675445906872875,0.0164250421519972,0.04015123328509383
0.0010175459115277254,0.0014041871777878737,0.27971286472539325,0.03555273556183648,0.013432384436285652,0.050295638171400765
0.0010175459115277254,0.0014134747038150664,0.23699985537139945,0.0304656929359413,0.012721326339284501,0.04067971882701015
0.0010175459115277254,0.0014923470252255473,0.24902024523350935,0.054462405651674616,0.027837455908315285,0.06410980012850055
0.0010175459115277254,0.001434661920144292,0.12991094670323367,0.022174541230898313,0.010937966378291324,0.02497710703524554
0.0010175459115277254,0.002129597013628244,0.41510874089332933,0.07711310277614579,0.03991305618298449,0.08537582158546317
0.0010175459115277254,0.0015151330770738936,0.11391795478527794,0.025627779637552202,0.01696505414358824,0.02670000010843129
0.0010175459115277254,0.0014499382090862284,0.6631099711403992,0.07489294323329738,0.0346731444459379,0.11389513175214268
0.0010175459115277254,0.0019513563106199933,0.6338326717584971,0.03680013915590454,0.01062925219700222,0.09241317994813014
0.0010175459115277254,0.0017286052769019953,0.24598106694298127,0.0522994084986569,0.024288578971131035,0.06473087600479031
0.0010175459115277254,0.0015806141350829157,0.6368880799611772,0.03257677449822541,0.012012640726544958,0.0916519928109684
0.0010175459115277254,0.0018220754919877637,0.2587426259342265,0.04391782730781516,0.02910844319805997,0.04967980585518267
0.0010175459115277254,0.0016573895532016841,0.5830341204696061,0.03115872399269556,0.012423002370643367,0.08168759458208713
0.0010175459115277254,0.001833500970664715,0.29829548174221676,0.03750298330346593,0.011281466997247731,0.059823506315909554
0.0010175459115277254,0.0014537078051493296,0.14228773185546595,0.026926582702057465,0.014830366917748975,0.03255400319550531
0.0010175459115277254,0.001985073632226263,0.23723459140243663,0.04496479813930318,0.02858357332508672,0.05181943414724253
0.0010175459115277254,0.0012812203306697583,0.11030619768440618,0.02113125349659338,0.010988188503885495,0.024073130994134474
0.0010175459115277254,0.002122756981596962,0.25820983504681294,0.05358996249095523,0.03603572974035056,0.055764350837006954
0.0010175459115277254,0.0014669269069868367,0.10129933908732065,0.01719354302836694,0.008438170507469683,0.021451157292047284
0.0010175459115277254,0.0015250148882818826,0.4580650311068835,0.057150130309961945,0.029937034975647786,0.07291829920681928
0.0010175459115277254,0.0014506025235132372,0.1526639895032188,0.02305440356121664,0.008266436179784478,0.032253399285746095
0.0010175459115277254,0.0015800317226506433,0.2427273647103983,0.04996203673409463,0.031160569100494112,0.05312076995065924
0.0010175459115277254,0.0012507846493024365,0.09482382659859731,0.021696797493643224,0.008956134341455816,0.02588574853255634
0.0010175459115277254,0.0014926209488574976,0.6038404354869887,0.07649402694831337,0.04012945712115938,0.09796042519205904
0.0010175459115277254,0.0015390929797683668,0.7881852741468535,0.031741857803933377,0.0065436934155900855,0.1114853822967403
0.0010175459115277254,0.0020659610759686505,0.18459147453166846,0.05242529793812979,0.02820607027587471,0.05172865689481289
0.0010175459115277254,0.0014913686424135445,0.4508807822113174,0.03235428233315199,0.00894887196354835,0.06951382180896185
0.0010175459115277254,0.001177639048416708,0.5541089006322615,0.04228341172376865,0.01722291893509598,0.08201345751492152
0.0010175459115277254,0.0015514334077670199,0.1734061864751376,0.03222616879686239,0.016612574006682278,0.035712046644905175
0.0010175459115277254,0.0016452763501586182,0.31738444457303727,0.04400205908528818,0.026023078402045617,0.05580568581393329
0.0010175459115277254,0.001533825406161367,0.12354152924070816,0.024667014174653293,0.015682060389815018,0.02703573709411461
0.0008493817047468468,0.0008493817047468468,0.3602511337488873,0.05767545152105228,0.03367457502611327,0.06778833206042392
0.0008493817047468468,0.0011637429731128149,0.11457136569593836,0.02116620478493024,0.009280354336782426,0.026355390328131858
0.0008493817047468468,0.0014902191322366566,0.41552843611676804,0.049067177901570024,0.01781311488908037,0.06884993616073169
0.0008493817047468468,0.0013379454960572492,0.19117179950922483,0.03172307639753399,0.014899713306781921,0.04375632299964099
0.0008493817047468468,0.0011431808507490853,0.2831042623274006,0.0337331147712429,0.017533919876145384,0.04689464702393769
0.0008493817047468468,0.0011688381901554922,0.5729455839096461,0.03922576567234156,0.014381171050234051,0.08544339902000238
0.0008493817047468468,0.0011477121793700125,0.19900226761270753,0.03438513904007154,0.013003713365969163,0.04531111587921999
0.0008493817047468468,0.0012996241208220786,0.141219104326221,0.024445508149303942,0.011099194238295532,0.030121397975268097
0.000641652340879167,0.000641652340879167,0.2900055684635774,0.03357771250345709,0.015472093673273412,0.054109710322695515
0.000641652340879167,0.0010302875137249276,0.16573249036019408,0.031487723835239734,0.015970235574453553,0.03587579294604734
0.000641652340879167,0.0011252648995422035,0.14918109073500707,0.03037124165932628,0.015731297564970242,0.033551609989762796
0.000641652340879167,0.0012401527467254753,0.23229717098387437,0.0242417571534153,0.013862356615114566,0.036142787001705125
0.000641652340879167,0.0011379233086345984,0.2052873433341525,0.030684155989530205,0.018570776150216364,0.036673114105480575
0.000641652340879167,0.0009072100707691925,0.1339590815505224,0.018900707233141256,0.009097629853352853,0.026870253389433926
0.000641652340879167,0.0011442150369331706,0.22477419245411653,0.03630610590162594,0.020252742044133035,0.04504632591342215
0.000641652340879167,0.0009537307934819069,0.09701155368230933,0.02242018758359331,0.014818773465810677,0.023877431132194767
0.000641652340879167,0.0011599064227269403,0.33303984681284987,0.04014420882050437,0.022254745959592696,0.055307839918401075
0.000641652340879167,0.0013299544567846318,0.38166640456658035,0.02096038970700139,0.00632412207148895,0.05423036832402375
0.000641652340879167,0.000852665566635494,0.27718575576387805,0.050224845668983914,0.031269884505359544,0.05770934277108819
0.000641652340879167,0.001380249842969325,0.16107922293741933,0.028133905349017326,0.011946494742338894,0.04070125960790725
0.000641652340879167,0.0009335140871862663,0.26089402260395367,0.041745201701841844,0.026866431199446747,0.04712272166542798
0.000641652340879167,0.0009048870051620245,0.12179474176813493,0.029578106035962403,0.013451279588078045,0.03440086822773153
0.000641652340879167,0.0006680560780672429,0.18320328883844444,0.047347350908090224,0.03501702810635894,0.05011721528571336
0.000641652340879167,0.0007961739356296771,0.1314640100835832,0.021138949082762704,0.013426174733448846,0.026037634332382674
0.0006241194052798828,0.0006241194052798828,0.1758529352111145,0.03283872126361161,0.01946386066965197,0.036032608954482355
0.0006241194052798828,0.0007822345165804364,0.1293071275831711,0.02069008687158056,0.007814779058789755,0.03174986427187766
0.0006241194052798828,0.0011367862442165145,0.2111748101034983,0.03458488575952003,0.023875225495294722,0.03891381587363375
0.0006241194052798828,0.0007754674986465568,0.21243195414340166,0.024577964637223705,0.01140739907286123,0.0359124855493214
0.0006241194052798828,0.0007295118059049496,0.16336333728129515,0.034173220086688744,0.023715898244524733,0.034627295756659536
0.0006241194052798828,0.0006809219175123055,0.13897481139320947,0.02207409510007796,0.012376168010315347,0.02637089966699998
0.0006241194052798828,0.0006880999797498585,0.24327630880257212,0.04204750750442843,0.027334163817123062,0.045701097978249276
0.0006241194052798828,0.0006499183118441733,0.13371850822440604,0.02053244029807879,0.008853758869316263,0.026188763371872148
0.0006241194052798828,0.0008012577599921281,0.15805503010704156,0.036641734871535776,0.023918965917168578,0.04169853425842531
0.0006241194052798828,0.0007106893368059701,0.10798254573288203,0.021754909848235117,0.013045605379525411,0.027430525257079664
0.000567583476445742,0.000567583476445742,0.26043227549507225,0.04142484571867201,0.02160191564428093,0.04916854000335963
0.0005251426180876407,0.0005251426180876407,0.1288939153597056,0.013511601884910377,0.008332930362253112,0.020353986412393093
0.0005251426180876407,0.0006666881726247376,0.21145612677729456,0.04207913547464912,0.023882928777913582,0.048168026276295434
0.00040556108880206214,0.00040556108880206214,0.17949383240952171,0.018192269067644616,0.007943938659359391,0.027474500903819813
0.00040556108880206214,0.00047161003070230975,0.32835319775191707,0.03516222971263384,0.028155740595512107,0.05194300581344992
0.00040556108880206214,0.0004645896807329445,0.10272197710556381,0.014978808049152527,0.004908465402367296,0.02026577167688727
0.00040556108880206214,0.00045234702476550337,0.16561554374298612,0.030062812497394367,0.01356283216321516,0.03664716719427508
0.00040556108880206214,0.0006660196337991915,0.084975585963217,0.023977106703407136,0.012855261034773764,0.025087181520546155
0.00037662298267847094,0.00037662298267847094,0.22279392843556955,0.04296906002146177,0.030946903457421404,0.0520646943039874
0.00037662298267847094,0.0004440166876336888,0.1605177304331194,0.014615661241104368,0.004167075962145144,0.028135851141024522
0.00037662298267847094,0.0008642566666011926,0.170771995946437,0.04335430769295021,0.022314176751410862,0.04713554854581201
0.0003345337139610176,0.0003345337139610176,0.04524168539329644,0.010895585033860795,0.0068911687058239805,0.011773807278303888
0.0003345337139610176,0.0006426729594166808,0.20055454985341153,0.04873372606736508,0.027663692506385736,0.05414419195589117
0.0003345337139610176,0.0003404264645638869,0.09897204711766905,0.020514463148514267,0.0102137779742228,0.02509462204351909
0.0003179907256088498,0.0003179907256088498,0.25173469548699123,0.04208545196926719,0.021581517675921074,0.05489427366353828
0.0003179907256088498,0.0005322422339686151,0.07887280156223854,0.013798364490905579,0.006283998792043759,0.016959875080658757
0.0003179907256088498,0.000549750746458153,0.28426410620552617,0.04715704231800827,0.02840360744935192,0.05219700289831346
0.0003179907256088498,0.0004152511074461051,0.08396289233783043,0.017490916539641063,0.008260190007118206,0.02149004521251455
0.0003179907256088498,0.0005667707940431998,0.18520178068349463,0.050182130008608467,0.03257378518643106,0.04876650851989567
0.0003179907256088498,0.0005510065610655991,0.11995288994783718,0.021412198384890897,0.011570149734902273,0.02661207636132055
0.0003179907256088498,0.00037625450252920897,0.2496221080090209,0.0448532479612373,0.024172624823976446,0.056988393297234714
0.0003179907256088498,0.0006376078794221697,0.16418194400243094,0.023940187010633496,0.0118802262899627,0.029584630567043187
0.00023505760847318665,0.00023505760847318665,0.2029549211101483,0.03200622220217176,0.019609038037835008,0.038958428823633255
0.00023505760847318665,0.0004357245823417917,0.29796402898363417,0.025855750730997697,0.014180252370094222,0.04488037912956198
0.00023505760847318665,0.0005413163115161047,0.31025695168392836,0.025894083434870728,0.011605500063054774,0.047875954631014975
0.00023505760847318665,0.0005296692156073653,0.22337104267318028,0.026076939491701787,0.013086395704089017,0.03765796753064502
0.00023505760847318665,0.000561316126242182,0.14707031427683387,0.02916153916203639,0.012721543943170582,0.034841347166284176
0.00023505760847318665,0.0004969284124547339,0.16353184171094806,0.022815949438978578,0.01377182427931124,0.029495980280121285
0.00023505760847318665,0.00038977012423919543,0.20768047865778752,0.02892297640023123,0.015625570646136754,0.037887948574110764
0.00023505760847318665,0.00040968121550201316,0.09509888253524552,0.019095619950161725,0.009474505052624083,0.023446454745916164
0.00023505760847318665,0.0006118628572468922,0.09631361196386855,0.02367688069183004,0.017706956481966143,0.023209960607464532
0.00023505760847318665,0.0004816089763958307,0.10558365154095338,0.02102189378678243,0.0072694600799820125,0.025026586847918537
0.00023505760847318665,0.0007960922738695433,0.17792592219990444,0.03418893949748169,0.01881766329320668,0.04430984576323329
0.00023505760847318665,0.0006969276805480643,0.20775180333406718,0.02946753115133785,0.016264418634018132,0.04004204943717055
0.00023505760847318665,0.0006527281958543374,0.1457876733728446,0.021151341812677336,0.006035829325229021,0.030348163112074177
0.00023505760847318665,0.0005204097639097549,0.18784573771351915,0.029492369387537857,0.015533466774638434,0.038879997151856055
0.00023505760847318665,0.0006370152100313258,0.0857642407748391,0.015035478832638983,0.005782011901865861,0.018254534026861467
0.00023505760847318665,0.0007108881512803344,0.1178340734434313,0.02814542801782868,0.01683569022619954,0.029095051762172534
0.00023505760847318665,0.0006131339315663012,0.08644714863503697,0.017056805505956923,0.009747193648999845,0.018879710059039368
0.00023505760847318665,0.0007971281946588638,0.10947807372273559,0.020081169487342673,0.009256587782984587,0.02708044739174404
0.00023505760847318665,0.0006322276932182817,0.09025011551352066,0.017806982718835962,0.007001501427508077,0.021910857556454395
0.00023505760847318665,0.0009573300659960229,0.09701468371003086,0.026758594082175197,0.020151672951684987,0.02421972596924455
0.00023505760847318665,0.0007890926869161373,0.08630228833349719,0.018400776901865236,0.011397309632069676,0.01998617530707321
0.00023505760847318665,0.0009254823273842354,0.08901299884527983,0.025817405059665254,0.021402607885449166,0.024118519574947397
0.00023505760847318665,0.0008372695887851285,0.13825374198593185,0.020913739509917442,0.010754233130780064,0.02664257089579595
0.00023505760847318665,0.001004951934070438,0.12149590816440352,0.02307683314879415,0.012894380666698445,0.02589131531016795
0.00023505760847318665,0.0008082380463256178,0.11388983081655477,0.02190209237426346,0.009935811281070538,0.02598336549709661
0.00023505760847318665,0.0007649998050689264,0.0745342854170742,0.021321485258278643,0.011290769278404885,0.02296968107631043
0.00023505760847318665,0.0009066444926135592,0.15341800301071706,0.03483422057932235,0.016527599891953286,0.0409795066626739
0.00023505760847318665,0.0008806888189646048,0.0758361644297838,0.017345673785877442,0.009992381850061322,0.018878848931536595
0.00023505760847318665,0.0007072739584434897,0.27250132910009345,0.04507967650432612,0.03366569047010334,0.05095922542327374
0.00023505760847318665,0.0007814490817499008,0.1715767720403692,0.015479518748592212,0.004551975811668701,0.029443152343135378
0.00023505760847318665,0.0007045776130353678,0.16726039749034083,0.03445886353318969,0.01872616964436906,0.040645158041148786
0.00023505760847318665,0.0009323303523728222,0.2533546699049101,0.02199987276965549,0.007922033793337838,0.04073300099615406
0.00023505760847318665,0.0008336022589303831,0.17449871968595954,0.027743404389603876,0.010176214529229802,0.034260184726515555
0.00023505760847318665,0.0006616406472135586,0.27745224388705264,0.023480542533385634,0.008491286812740747,0.04684281617631832
0.00023505760847318665,0.0005988438906768204,0.1319862595340263,0.021468188911632238,0.010211252586021773,0.024732771486785488
0.00023505760847318665,0.000571190769151746,0.14737078156400882,0.02165844373366577,0.009189648347797752,0.028802103298318116
0.00023505760847318665,0.0006674078977681533,0.15568917629830265,0.022874092727605513,0.011439709053791861,0.02990477585129449
0.00023505760847318665,0.0006219237044987306,0.12166882009177911,0.019105229905622266,0.00667424551242567,0.02523364750901469
0.00023505760847318665,0.0004213644079786071,0.11535875024920644,0.02367820240405721,0.011180597777944484,0.027269513738163623
0.00023505760847318665,0.0005501804252498202,0.11109680199246129,0.02047449103491204,0.00971290444537106,0.026423650687669244
0.00023505760847318665,0.00045152740593459276,0.19112905569957045,0.02858935701720998,0.01080724099965772,0.03642536556688303
0.00023505760847318665,0.0005200346519527775,0.1073212828999289,0.017691040802863246,0.005567764736459586,0.022952643232306787
0.00023505760847318665,0.0004009341132749491,0.13439006416592214,0.027367881478340895,0.01657201895373516,0.02705598074285934
0.00023505760847318665,0.0005354773099749124,0.05836256460983391,0.013987496173027504,0.0073422894207862705,0.016138102598352057
0.00023505760847318665,0.0003005618874717514,0.17875831260785163,0.03001054788896416,0.013507689810071971,0.03995803663663343
0.00023505760847318665,0.00035889393667121774,0.09864347444544332,0.019091150946449045,0.008955668309781891,0.024041647165923215
0.00023505760847318665,0.0004110804137016521,0.16581596695567055,0.026295282483930225,0.01148841753806365,0.032682004728951455
0.00023505760847318665,0.0003873466985277013,0.13443791823169723,0.01774958608388755,0.012526422676630615,0.02391736160553902
0.00023505760847318665,0.0007398509376028557,0.1772443921295554,0.025774086526487668,0.01134330035071375,0.037237667646875465
0.00023505760847318665,0.00036185844477215205,0.10106379401861695,0.016077165003607945,0.007920151959055129,0.021351520141267795
0.00023505760847318665,0.0003514027941617034,0.1738696373813072,0.0218469097650849,0.00955529587383662,0.031003128492658277
0.00023505760847318665,0.00030931935171525405,0.15502762842563944,0.019525497748245527,0.008784116911194274,0.027283877746005235
0.00021777388562928097,0.00021777388562928097,0.0921119961805746,0.02231530624268625,0.014350915602717326,0.022423268123793492
0.00021777388562928097,0.0003452108581300072,0.08444412202122717,0.01791349007835206,0.009830691598538721,0.021791335921450338
0.00021777388562928097,0.00041677922985443853,0.18240238419245622,0.02884349177747775,0.013388831931877867,0.035292397666845825
0.00021777388562928097,0.00024194663405886243,0.10027220990046487,0.014089979648158306,0.005904854456657295,0.019684641055273906
0.00021777388562928097,0.0003800280986237935,0.15795105448829466,0.027945839546696178,0.013872556503644856,0.03860688876552639
0.00021777388562928097,0.0004178453995772606,0.11528157881565593,0.015299753506803465,0.006117211271766147,0.022071501041747616
0.00021777388562928097,0.0002490559320593772,0.26985522368773823,0.03051937902287465,0.018418101205095194,0.046065661719501286
0.00021777388562928097,0.0003803140824225896,0.539783801828781,0.02098777600588037,0.005676176595787993,0.07493963044257587
0.00021777388562928097,0.00044273559733118775,0.16330480303596184,0.024949019419220807,0.012284068955627855,0.032109351585842286
0.00021777388562928097,0.00035910077617914206,0.053465735684328976,0.012172440738841644,0.006722333142677017,0.014627046843783631
0.00021777388562928097,0.0006067822653065976,0.1483555198525708,0.03139825935310264,0.0170743341442599,0.03411763940826092
0.00021777388562928097,0.00038266714066695633,0.06802339297740988,0.012190244042852494,0.006657078521441652,0.015623587662268911
0.00021777388562928097,0.000491814900852871,0.17712569340003192,0.032908799712330065,0.0150465648541433,0.04037878508884971
0.00021777388562928097,0.00043881930085525495,0.08382751174785391,0.011283893691537865,0.002901438578407478,0.017291156482522392
0.00021777388562928097,0.0006531533242643163,0.18189897731951665,0.024223871367365014,0.014762781777064006,0.03091163684030724
0.00021777388562928097,0.0004928393348762211,0.08013494357854438,0.013014349267810296,0.004035318722130728,0.018799617055781478
0.00021777388562928097,0.0008031466413986176,0.08788636085314691,0.02691142891794202,0.017234220610733694,0.026690001004806417
0.00021777388562928097,0.0006282316863536192,0.15432006478217758,0.021649235413009876,0.01469304460138186,0.026523669931517613
0.00021777388562928097,0.0006364402746732124,0.0613319530143268,0.01757549115480114,0.010822266126024712,0.01748293682837282
0.00021777388562928097,0.0006586482624305873,0.2628644270409291,0.029474729372257848,0.00938270160325514,0.04522856460722736
0.00021777388562928097,0.0009753414494026459,0.09509479500473811,0.015788702855897955,0.005794884443408899,0.02239177960821436
0.00021777388562928097,0.0009680891796849799,0.17568196272214706,0.024997165362430594,0.01215516017757749,0.03527110867331596
0.00021777388562928097,0.0007885092507687578,0.15184088971860174,0.012072747914633766,0.004193092347047197,0.02486130168181648
0.00021777388562928097,0.0006262132014019162,0.10945305157377933,0.02422062832087263,0.016010014653576023,0.025090362279395102
0.00021777388562928097,0.0008328812815044233,0.059437490810544454,0.01486302010363827,0.009471890317515497,0.014734935791826923
0.00021777388562928097,0.000921936258470206,0.1222238052211717,0.03012755365028214,0.020089564470771176,0.03121063062980316
0.00021777388562928097,0.0006472942735489654,0.08370578513691866,0.012978806564274841,0.00531938924901138,0.017047201256169278
0.00021777388562928097,0.00045473120774978335,0.0758407580227923,0.019785706391746337,0.012707994424949662,0.02029201707734256
0.00021777388562928097,0.0005682296940024017,0.07805414249839625,0.0153456150181009,0.008023601493559534,0.018229723572033365
0.00021777388562928097,0.0003462798451257173,0.0824069854106959,0.02037044361421865,0.014034798478332436,0.021111652271251675
0.00021777388562928097,0.0005704588583129998,0.11569604375843119,0.018682911251459385,0.009517982720301955,0.02424467081587148
0.00021777388562928097,0.0004933347932896015,0.12685907376916278,0.018482033720425388,0.01324057895927535,0.02214713447891831
0.00021777388562928097,0.0004911516411305568,0.1239112779933468,0.01581030653555952,0.004901857602943958,0.0264493162554333
0.00021777388562928097,0.0006661475462948821,0.07813133273046202,0.017526673965284834,0.013302657101975254,0.01825006934681496
0.00021777388562928097,0.0004352412595120935,0.09111221261730709,0.02200210665788909,0.011922778853128087,0.024015431607720076
0.00021777388562928097,0.0004997948464411822,0.08096920487877889,0.01697699866576418,0.010969197981347958,0.01943427045437238
0.00021777388562928097,0.00037195395109290854,0.11072026280305239,0.021727104942983026,0.010670286577886563,0.023212094743187573
0.00021777388562928097,0.00028104881839649857,0.13578043516083219,0.019183598117824184,0.008147581898541412,0.024715725952796457
0.00021777388562928097,0.0003386866768872883,0.1006903149190371,0.017143984912485418,0.010431333408489799,0.02054831023450704
0.00021777388562928097,0.0004114523402564409,0.12194685571617798,0.0196319637313396,0.009079936121891737,0.026395614384807264
0.00021777388562928097,0.0003346440831884751,0.09511461698115405,0.015895806552319803,0.011554040451000138,0.017187461366145036
0.00021777388562928097,0.0003554665663256486,0.06340393476127994,0.012341025371644155,0.007693507153644778,0.013231224463018918
0.00021777388562928097,0.00041738939676788515,0.13242833641164548,0.02534270802063008,0.013718751188164121,0.030311458083868738
0.00021777388562928097,0.00042926595488827556,0.15935684019246224,0.015433519072578651,0.005742200288353833,0.026336628398675607
0.00021777388562928097,0.000536833751412651,0.13828161858823465,0.018145967112208096,0.0069927561968106886,0.02696280552089954
0.00021777388562928097,0.0004165638176571343,0.0909514732515228,0.018258810578073437,0.011277427856993153,0.020414944969910098
0.00021777388562928097,0.00035006370459615243,0.09052371270248874,0.018303285541304507,0.00891052208025276,0.022485220041898693
0.00021777388562928097,0.00038271262959191637,0.11562150396119945,0.0189572288215877,0.0063880297144919525,0.02652953902525886
0.00021777388562928097,0.0004328833742508273,0.13899342205291895,0.018798162067667913,0.007662520525026298,0.02890171930121274
0.00021777388562928097,0.0003443415953466676,0.06033360594784089,0.01692607042532528,0.010654836182654007,0.016847013030805623
0.00021777388562928097,0.000583809913016725,0.12274969772030624,0.020998775166830817,0.010443726916986302,0.02798577903652453
0.00021777388562928097,0.0006222965215338739,0.08363853917280259,0.015396562025558148,0.007261752906408181,0.017568083374550885
0.00021777388562928097,0.0004152022805609161,0.11848147092516012,0.018410646943978162,0.006792625692174618,0.024502329296422584
0.00021777388562928097,0.00045204328045755026,0.10738953895665693,0.01628319028102486,0.00907253626989025,0.020443422162210043
0.00021777388562928097,0.0006686971321511658,0.09543618689346867,0.014987260242602257,0.008074214801868002,0.018025338720086468
0.00021777388562928097,0.0005987496895776365,0.08840151553881195,0.016144288604372968,0.010814393786423782,0.01823614062045224
0.00021777388562928097,0.0006711994047850539,0.09544486395847089,0.01088527673404083,0.005024516797000741,0.0161363930167384
0.00021777388562928097,0.0007096791273146638,0.1502572060856015,0.017518471623679265,0.011807278950417444,0.023053614332325795
0.00021777388562928097,0.0005827149274180371,0.0999467787227029,0.013431871164848987,0.008609308623617948,0.017666110770041616
0.00021777388562928097,0.0005982548592041769,0.09464775619013983,0.02061568825604971,0.012353023192344265,0.02362919224019127
0.00021777388562928097,0.00044746907272288043,0.029308162503397395,0.008261064485181392,0.005265370264452827,0.008091737419723417
0.00021777388562928097,0.000531036198470423,0.1367299151448901,0.03105874115168707,0.021075107466512116,0.03297782331290924
0.00021777388562928097,0.0005022255420167653,0.059433114429762096,0.010269111335277088,0.0046188540541853675,0.013479776070444828
0.00021777388562928097,0.0003690299842696092,0.16188128276272007,0.02962944107657414,0.012148240208468681,0.039829450461826565
0.00021777388562928097,0.00037857417003914803,0.2015498819401649,0.01817225449714248,0.00687522444546603,0.03578458360459934
0.00021777388562928097,0.00041621303244868075,0.1608838632355952,0.01936084787393396,0.00649059639071644,0.03046781421811455
0.00021777388562928097,0.0004128239137217451,0.20974122509214027,0.021108166464466404,0.010723254561866832,0.03642490065918676
0.00021777388562928097,0.0004987003078231418,0.24909621657830255,0.015081951654391799,0.004053686987458938,0.03669733821994347
0.00021777388562928097,0.00037489352217996767,0.09072319210510386,0.017736667871021045,0.009394299085382307,0.01968017005279327
0.00021777388562928097,0.00031418948324714324,0.0861378164566971,0.014884561312069684,0.005456266553656035,0.020967168912876533
0.00021777388562928097,0.00038931341447910134,0.10450276638557963,0.021947012878966547,0.011819308232092075,0.024631325551924294
0.00021777388562928097,0.00042580067163343273,0.1734201693146466,0.013380108866738986,0.005168887216009663,0.027023621547270678
0.00021777388562928097,0.00037899652843395235,0.05794770187270073,0.016758468049622596,0.01175331316757628,0.016046949940338843
0.00021777388562928097,0.0002842576969480094,0.11062562496957054,0.01526805828551406,0.008515535293401275,0.020626036561341134
0.00021777388562928097,0.00037894308268972006,0.07355751960309971,0.012365748203319631,0.0054651663780060054,0.016669565048739995
0.00021777388562928097,0.000527006495034708,0.08328181184440565,0.021120545560394107,0.01407519363088761,0.020779225833686778
0.00021777388562928097,0.0005798206467331429,0.07528476093814525,0.013688399451930698,0.004973623684332627,0.01789178262202975
0.00021777388562928097,0.00033959379455283706,0.11789083975142128,0.02198447912065685,0.009908446859933322,0.025350172646321483
0.00021777388562928097,0.0005488924076415429,0.08473495052455991,0.015157407404536352,0.00794982390340953,0.018710826507871856
0.00021777388562928097,0.0004631584453223463,0.15251623522764052,0.023822364407769688,0.008449074118230347,0.035408638940769545
0.00021777388562928097,0.00047819014854568224,0.15173181221013962,0.019285580421214338,0.00951555009237937,0.025619352903511288
0.00021777388562928097,0.0004872935219422955,0.07814709687006414,0.011116582109528768,0.004515578815886649,0.01518096258262593
0.00021777388562928097,0.00044561798177895554,0.0940086981702726,0.019421889554198123,0.00838687924926786,0.022846169014774192
0.00021777388562928097,0.0004054683749627607,0.06576472429903547,0.01140458365031634,0.00548455641119994,0.014215627887969923
0.00021777388562928097,0.0005379464448866507,0.08490661593697107,0.017922907164499437,0.011099273741892807,0.0195130657799528
0.00021777388562928097,0.0004775670071392166,0.05268080626822119,0.01143479212784879,0.007699010990367402,0.012157417217736593
0.00021777388562928097,0.0005163737002295726,0.09201096442520346,0.019039753060079524,0.010138286897025988,0.022259401310294406
0.00021777388562928097,0.0004341228751750418,0.058778647498931844,0.00870916791346382,0.004566829563077324,0.010873282398182579
0.00021777388562928097,0.0004200064476078579,0.10705467506255596,0.02380441365806756,0.016676053523178483,0.025030039983930042
0.00021777388562928097,0.0003352692519660711,0.09748182000151119,0.008720576903921891,0.0023742517554650386,0.015955004561120135
0.00021777388562928097,0.0003127140319418544,0.11457688674301303,0.01636683447783046,0.006504534948202419,0.022444319043050494
0.00021777388562928097,0.00041844035293506216,0.06467268256957917,0.008765766803142675,0.004689185292311065,0.012156422233820947
0.00021777388562928097,0.00031135267210624656,0.0736110084856686,0.017012531230701324,0.010965086643982623,0.0181227456192039
0.00021777388562928097,0.0003969907199251503,0.09820317669326893,0.009941037982282137,0.005324072335493009,0.015542725040814047
0.00021777388562928097,0.0004518685481699732,0.055631118492555545,0.011793557836655815,0.007149943871178359,0.012410083258188693
0.00021777388562928097,0.0003802450816930512,0.06524977217960638,0.013346110566972652,0.007851658970538985,0.015066985767613754
0.00021777388562928097,0.00036338515151775226,0.06548858654194657,0.015280351958432876,0.009411446581656793,0.01693124854125112
0.00021777388562928097,0.00041524373775895157,0.08459982251766444,0.01783374544494485,0.011354777926514553,0.02009481931247478
0.00021777388562928097,0.00038125793622776125,0.049084175119115066,0.007817902777416461,0.004104688307351672,0.009279874392328587
0.00021777388562928097,0.0003126110553882574,0.1280426162918917,0.013331395399019019,0.006864087230376511,0.02022396337342889
0.00021777388562928097,0.00033909526835796744,0.03707583626212641,0.008035946979337022,0.0038546768190232845,0.009057520621348729
0.00021191210763150898,0.00021191210763150898,0.11257048876822287,0.021814220793695258,0.012453988238709482,0.02507937204853846
0.00021191210763150898,0.0003423095126160996,0.05020210755583982,0.009377992772771248,0.004733292155140039,0.011776832107243725
0.00021191210763150898,0.0005258535642876094,0.13679242999458718,0.02602260425744195,0.013229806485230231,0.03086044315574692
0.00021191210763150898,0.0003530508356956773,0.04965052708987737,0.006608971813372781,0.0022295771319864157,0.010306670695337826
0.00021191210763150898,0.000434332155916863,0.15471608379898097,0.02084255429412853,0.00895489981076841,0.029057007949958736
0.00021191210763150898,0.0003636292137344382,0.29070305249379863,0.017672734824182704,0.004550456528811535,0.04379692573892828
0.00021191210763150898,0.0003552471946570648,0.10025576438489489,0.018202290276569878,0.010338843749495357,0.022770894134081784
0.00021191210763150898,0.0002673787228403366,0.14155783971469757,0.014309593212784785,0.005032401633062155,0.026278154471384686
0.00021191210763150898,0.00026588718820236875,0.04432490723657312,0.01024959455576452,0.004544724527261525,0.012297353620874031
0.00021191210763150898,0.0002471347900267461,0.07459977027317785,0.013066022029366076,0.005207669465553534,0.01625229280922703
0.00021191210763150898,0.00033300335868893826,0.2263812519958728,0.013596675881144715,0.004548145580185818,0.03193209849806983
0.00021191210763150898,0.00033082553992306565,0.1398471456263637,0.014159180696855456,0.004656574717919075,0.022525232629868077
0.00021191210763150898,0.00038007645337345973,0.03621316365602521,0.00805735348636299,0.0037626643924748874,0.009973582086410582
0.00021191210763150898,0.00026566899522914887,0.14167683796116312,0.01651398459533104,0.00841577228556198,0.025334181554783234
0.00021191210763150898,0.0003535481111806067,0.04896362041308956,0.00822445532208407,0.004202021277309601,0.010654611986968786
0.00021191210763150898,0.0004147679348535393,0.06080698597454157,0.014508242579256949,0.008310708363668524,0.015437520534093991
0.00021191210763150898,0.00031962045611821064,0.05586677200873603,0.007853291212650115,0.004004316168950544,0.01098812163661918
0.00021191210763150898,0.0003145041775596974,0.15882214370178155,0.015447921258168275,0.00763777730873225,0.0250157831444523
0.00021191210763150898,0.00028098028295098654,0.0798902497615328,0.005495703095753528,0.002002048927589163,0.011639339741136153
0.00021191210763150898,0.00028110949197842033,0.08298429950012548,0.012455835403605654,0.00841228778126621,0.014272296681073415
0.00021191210763150898,0.000311791637992147,0.03619661013052233,0.006353953547569295,0.0027036804136060665,0.007630254730940133
0.00021191210763150898,0.00031150127977614696,0.17082214475800442,0.018819480657641136,0.01218171161041804,0.027547322041396934
0.00021191210763150898,0.00022853704065547775,0.2664283523854973,0.012287620809999131,0.003266469919627731,0.03772871530348497
0.00021191210763150898,0.0002708618021165952,0.0878001269394419,0.0148802138619092,0.007219252976314953,0.01869452350673794
0.00021191210763150898,0.00029755129378415907,0.18017648415414855,0.012116464438532846,0.004942415769279393,0.026394257508068775
0.00021191210763150898,0.00021960729544683697,0.42664153817932055,0.021508283827953313,0.005656825969746363,0.061443979735554
0.00021191210763150898,0.0002419520701634943,0.11880665272190873,0.011934752183231638,0.002411999073039354,0.024109601632477662
0.00021191210763150898,0.00028267865128345736,0.044050006923361196,0.010988102952747802,0.004199277485009621,0.012876885789678195
0.00021191210763150898,0.00024371537586681996,0.0833225673942697,0.010591203441577306,0.004084465622695028,0.016808505330965545
0.00021191210763150898,0.0002893975226242564,0.047204252137869745,0.010351875307729273,0.006469251018841698,0.01141243314522386
0.00021191210763150898,0.00030435608202624694,0.07501260941480926,0.012537630752317428,0.006143475998271837,0.016374194221933914
0.00021191210763150898,0.00030495045976701224,0.07787814421222208,0.01025941941000163,0.004827589468629691,0.013741002706568337
0.00021191210763150898,0.0003468606516442192,0.05557922798435303,0.009930995098460526,0.004501057873724699,0.012473295376362865
0.00021191210763150898,0.0002588771985915455,0.06760027271465459,0.011498123057950425,0.0052477633908708686,0.015006447812313946
0.00021191210763150898,0.00023570654147322641,0.06946981402169959,0.0115112237998433,0.005804090302433161,0.01486978743781781
0.00021191210763150898,0.00023054563257650205,0.10049431403050742,0.013637627874980386,0.006124645455273673,0.01773220579516842
0.00021191210763150898,0.0002632528137996424,0.08588085498849929,0.009613292682197839,0.00487998579702686,0.013881658468720953
0.00021191210763150898,0.00029339247478077303,0.05651921682355,0.008541353801721729,0.004035746407399059,0.011217658877959816
0.00019960144852131873,0.00019960144852131873,0.08056909227665551,0.013017243433595121,0.00674674938158448,0.01645026582677236
0.00019960144852131873,0.00020132221980839263,0.053895047645530644,0.009863705082110808,0.005090870288872132,0.01285615571682553
0.00019960144852131873,0.0002408374458895556,0.07084440899079536,0.014522521636733619,0.00981011771920582,0.015187842650274787
0.00019960144852131873,0.00022855773084978377,0.07569878626531562,0.012767114181411512,0.0063685217046077405,0.017516109629299198
0.00019960144852131873,0.00028522719823138957,0.0931208458850062,0.01566014093841016,0.008544222623578637,0.01934295942845519
0.00019960144852131873,0.00037315541172854147,0.12735120082890553,0.012131051517708196,0.00510344596958012,0.020143649446414277
0.00016201122617890047,0.00016201122617890047,0.056791801086517005,0.010055202861914825,0.006898782555161253,0.011142398316347592
0.00016201122617890047,0.00021361996868012465,0.0618950191028517,0.009879349865245803,0.004171185093656757,0.014028059276592416
0.00016201122617890047,0.00017629119492061727,0.059488080558593275,0.01240840848610345,0.007239963855672332,0.013533085200488945
0.00015558022554423108,0.00015558022554423108,0.06476010556329918,0.012439374804557654,0.0033539293167780095,0.017458988977878894
0.00015558022554423108,0.00043126909680660485,0.14142784058457658,0.019028742043499466,0.007988424656898934,0.0257487586844877
0.00015558022554423108,0.00022065777211740338,0.04094372684280927,0.008064991019472582,0.0029253859147337653,0.010814573055824466
7.814062056470751e-05,7.814062056470751e-05,0.14366529607523978,0.02107891506432596,0.00837125628335076,0.027395541767469285
7.814062056470751e-05,0.00015201330267101986,0.06314354485596224,0.0074294982314565125,0.002847467365565033,0.011270382303045728
7.814062056470751e-05,0.0003991008936868698,0.08720572991720356,0.019847738990246885,0.01218404115949849,0.021808870369533405
7.814062056470751e-05,9.881514201510528e-05,0.07719060893105154,0.007638133911937949,0.003197398193509192,0.013379163497232512
7.161097167988908e-05,7.161097167988908e-05,0.07766177164203877,0.013839402875329114,0.008373745797778916,0.015750735089791773
7.161097167988908e-05,9.017573911122503e-05,0.04665970888308527,0.008888608947622317,0.005775128184354045,0.010097668606742471
4.4935418460695785e-05,4.4935418460695785e-05,0.04104766307870076,0.009525047327978948,0.005441744010168331,0.010671716063579485
1.7653177085443872e-05,1.7653177085443872e-05,0.04987849552556458,0.010434367835596753,0.005832835100442512,0.012391522183056839
1.7653177085443872e-05,4.2615970642703296e-05,0.04904175122343233,0.008939610898235738,0.004439425970998071,0.011044020199392945
1.7653177085443872e-05,5.442015838744767e-05,0.07060139572346172,0.014729352545205134,0.009871553073024935,0.016577293357081066
1.7653177085443872e-05,4.028446404002562e-05,0.04137563890794058,0.007894494607688367,0.004321147680671617,0.008891988172337599
1.4122760411528816e-05,1.4122760411528816e-05,0.10046716525632246,0.019921267579738028,0.0077532331186222925,0.024930726681801615
1.4122760411528816e-05,2.6836489257574225e-05,0.06547175405548834,0.007990501412324151,0.004577668560196521,0.010389397758996844
1.4122760411528816e-05,4.410065526372829e-05,0.08348225870652749,0.014435733267480258,0.006875176153878442,0.01977979080104091
1.4122760411528816e-05,5.021558328572996e-05,0.051437949568182956,0.010733355377267448,0.007166316431046171,0.01243478960144732
1.4122760411528816e-05,4.954422208579062e-05,0.11754647581534118,0.014872034760232203,0.005167887180761168,0.022594303620835834
1.4122760411528816e-05,7.01854947235581e-05,0.0682084865729133,0.010035510838391657,0.005449892525014803,0.012840361221767828
1.4122760411528816e-05,7.705666234402437e-05,0.0440007626006514,0.012088789537391335,0.006602428895912508,0.012840752136885425
1.4122760411528816e-05,3.0592728420644286e-05,0.09222400659350698,0.012817745488760319,0.009071714096446125,0.01615485917626804
1.4122760411528816e-05,5.5387974235384474e-05,0.08132425888438154,0.009921576884371926,0.0025231540196347167,0.01635749621025003
1.4122760411528816e-05,4.333766757848336e-05,0.10724924488370383,0.014275680672084696,0.007992753970736031,0.020446320607250087
1.4122760411528816e-05,4.514983302289369e-05,0.11689673112914345,0.012268543586162618,0.005010720108207783,0.023013643083821395
1.4122760411528816e-05,2.8773700482937216e-05,0.08179907657710551,0.00833543044426728,0.002653015145885356,0.015026799948852532
1.4122760411528816e-05,8.021005025504488e-05,0.05395966763200371,0.008013893122670123,0.0029662416381193643,0.011501742600350081
1.4122760411528816e-05,6.627835653799243e-05,0.04999458954136828,0.009414512334090233,0.005782793186087781,0.011209436171524208
1.4122760411528816e-05,0.0001415657614070214,0.08252329438051305,0.009597261645895742,0.005551137397628551,0.013275665597217788
1.4122760411528816e-05,0.00013163741186490783,0.05605433729139702,0.009081069149017832,0.005169281787030794,0.010202157427367955
1.4122760411528816e-05,6.561981433513025e-05,0.13456495459318624,0.008819725771089932,0.003960424198520289,0.019711179934715755
1.4122760411528816e-05,0.0001403233507550966,0.28628077980412775,0.012070499505368036,0.003790729783823726,0.03977323886902952
1.4122760411528816e-05,0.00013995852246248233,0.14542750688572142,0.010578551323005085,0.004119551189874848,0.021266163345350735
1.4122760411528816e-05,0.00011051283810902344,0.03472593007134677,0.0074401041610644356,0.0030894997375481947,0.009166009922863162
1.4122760411528816e-05,3.49695376725639e-05,0.09718992892010153,0.01230335135117778,0.006756762840244702,0.01665722893236354
1.4122760411528816e-05,8.13812786439537e-05,0.024201557828772053,0.006937927001742503,0.004885657517581129,0.006278357143296915
1.4122760411528816e-05,8.763040599130923e-05,0.07224165695466984,0.015822549213727152,0.008131338715475167,0.016979020332554426
1.4122760411528816e-05,0.00010749076360417788,0.09182181463406021,0.007369351436543643,0.0018227346885728675,0.016446965132717224
1.4122760411528816e-05,5.7410372015564846e-05,0.09777681201333219,0.01264981811637625,0.00798360089901573,0.016341734324191597
1.4122760411528816e-05,0.0001073089380530832,0.11640623122211517,0.007126755447008725,0.002488564831168057,0.017188832243223685
1.4122760411528816e-05,0.00010069388409180949,0.06156664177993236,0.011052759292951152,0.0043526976447762385,0.015190635149523995
1.4122760411528816e-05,0.00018055903296411216,0.05873280028797257,0.011740445813679824,0.006058808534490926,0.014230654581807502
1.4122760411528816e-05,0.00026252928100473777,0.07310542997578344,0.010214171798318303,0.005219671973620353,0.01296938057163033
1.4122760411528816e-05,0.0001301948146477959,0.050072406200185916,0.008221026800515688,0.004638697255700958,0.010979805296586938
1.4122760411528816e-05,0.00020950157233681714,0.11651503355669131,0.010067692059054008,0.004608221180741334,0.017486153471183343
1.4122760411528816e-05,0.00016068424715251866,0.038352627996153126,0.0054535974574466605,0.002170325327339287,0.007449481825259987
1.4122760411528816e-05,0.00016648034221586293,0.08943694266830877,0.01327047528364688,0.006575133738913055,0.018602319875062927
1.4122760411528816e-05,0.00014988314346074222,0.037926799069235614,0.005296190570987323,0.002001347540255877,0.007777401479502532
1.4122760411528816e-05,8.903532918842862e-05,0.13468522996448376,0.0217063206697899,0.007571977127675445,0.028209535738999477
1.4122760411528816e-05,0.00010211057441953141,0.18764515662750295,0.009613896756442275,0.0030689334648983614,0.027093069125962512
1.4122760411528816e-05,0.0002359183578912685,0.11146691019268061,0.01774482222415727,0.007636648040212994,0.02221258491484713
1.4122760411528816e-05,0.00017667600284035183,0.11638043172998402,0.007588100275971762,0.0021734667775232695,0.017098631706267773
1.4122760411528816e-05,0.00010647677149380457,0.09130715361052448,0.011432254513505649,0.004047307145688789,0.019088355028465624
1.4122760411528816e-05,9.298586515076077e-05,0.05270552220687259,0.007183192489599528,0.003228872531029707,0.010834041276269078
1.4122760411528816e-05,0.00011085128488296842,0.04992891760739542,0.008329146801456685,0.004445981179897947,0.009709896772136581
1.4122760411528816e-05,8.094533137258592e-05,0.036875609879386456,0.005679975933839303,0.0019849863797163775,0.008045853040202266
1.4122760411528816e-05,6.646486150386057e-05,0.03589606872739567,0.007464630775251196,0.0035386015650687884,0.009444054808898168
1.4122760411528816e-05,0.00011324145992547713,0.03918372197398174,0.007925038163944235,0.006034648472849678,0.009402901341598742
1.4122760411528816e-05,0.00011494932849871975,0.039782236876823994,0.009006607826668463,0.006284317484390399,0.008426574153597361
1.4122760411528816e-05,8.420880282286441e-05,0.035326229476889265,0.006059949528514713,0.0023706760549396426,0.007959869803400587
1.4122760411528816e-05,6.837231921407202e-05,0.08369905937928944,0.007943725270989372,0.005371615448470101,0.012555646819072341
1.4122760411528816e-05,5.410725379655278e-05,0.039534552636311254,0.007627888717301674,0.0035944561546326055,0.00961378844746877
1.4122760411528816e-05,5.121304382616363e-05,0.032771422089352145,0.007865934445539046,0.0038779578645400663,0.008708220369929461
1.4122760411528816e-05,6.227871331316113e-05,0.029878571096371487,0.00578472065679747,0.0028087306401401195,0.006358249174809742
1.4122760411528816e-05,1.8380102762928402e-05,0.040596159939254285,0.009249467842967719,0.004919840226660359,0.01025721171449241
1.4122760411528816e-05,4.2205169042188653e-05,0.02520143788460162,0.006746266439223027,0.0032254773140974434,0.007273437738519666
1.4122760411528816e-05,5.207772452929033e-05,0.05189247823795992,0.006986633650796999,0.0038450025305271137,0.009768869547213524
1.4122760411528816e-05,3.1214692902271384e-05,0.06386886595576277,0.007748638748290807,0.00484125601533885,0.011056034924039209
1.4122760411528816e-05,4.616031367969114e-05,0.03945212124314354,0.006361635886502522,0.003619084798182625,0.0077948601236155915
1.4122760411528816e-05,5.368385143911375e-05,0.034287673080881174,0.007892547884164672,0.0035646468622225983,0.009212336932447749
1.4122760411528816e-05,4.2346116646955364e-05,0.04261238639712553,0.009454111419935187,0.005556283159691021,0.010625370873257668
1.4122760411528816e-05,6.226722850836455e-05,0.02608105305451755,0.006739809672960348,0.005753735047722519,0.006066168804481388
1.4122760411528816e-05,5.889818877076366e-05,0.06441450212155966,0.008151446770338322,0.004151939029533573,0.011572269763446792
1.4122760411528816e-05,6.647191175080625e-05,0.03999105662756174,0.0059133164641683176,0.00248579551545823,0.008028237527742526
1.4122760411528816e-05,4.173770886117708e-05,0.04360566469733294,0.00944558559768448,0.00639140675594518,0.009682433632511122
1.4122760411528816e-05,4.655198067188671e-05,0.033728628919220585,0.004918138203942207,0.0014205317799980525,0.00720834314737089
1.4122760411528816e-05,3.8808885234812643e-05,0.0487252404175903,0.007654696307327172,0.0035018970077628684,0.009448324250138335
1.4122760411528816e-05,3.697327576709353e-05,0.05764522217884626,0.008734401824769368,0.0039546173497221416,0.01124597649276245
4.565360728420306e-06,4.565360728420306e-06,0.03272660955881039,0.008014606277497414,0.0048417498218483734,0.008979593070083659
4.565360728420306e-06,2.546596871352054e-05,0.07683248394850721,0.01144933502499521,0.003997124843310636,0.016609259895976097
4.565360728420306e-06,2.2855316534349534e-05,0.08407230876903042,0.007123398703325507,0.0022528072120605123,0.014156577397323905
4.565360728420306e-06,2.3351365143708673e-05,0.04325436932751642,0.00855245964870412,0.003954370843247965,0.009862040280502558
4.565360728420306e-06,2.0448880469464117e-05,0.06338668231142015,0.005534503136534707,0.0020687739131436183,0.010405107603624873
4.565360728420306e-06,2.0125877092982436e-05,0.04376036000326563,0.007826310896551366,0.003273960185720067,0.010108131373440597
4.565360728420306e-06,2.2784326696576588e-05,0.02748492517422657,0.007003850439646742,0.005013861606150891,0.0073566382495238785
4.565360728420306e-06,8.951321507195515e-06,0.07641742355249846,0.010935878509141808,0.006975008159712973,0.014284240108268542
4.565360728420306e-06,1.052012272470651e-05,0.043852691460177715,0.006024151182697323,0.0025717261566653876,0.008449111018425834
4.565360728420306e-06,2.0600253652402982e-05,0.0489225941134337,0.009502311244730539,0.005960089181783311,0.011154945802711981
4.565360728420306e-06,3.201296197740844e-05,0.03597549631505237,0.008737319974786599,0.00591627556187784,0.009249966179044982
4.565360728420306e-06,1.1572371494429859e-05,0.05341717148848623,0.00911598663204993,0.005064266680739905,0.010861629501564014
4.565360728420306e-06,3.10475116468407e-05,0.051893398165905665,0.005264554595801337,0.0014124451577070063,0.00979715967924652
4.565360728420306e-06,6.319980913259757e-05,0.0382484262671856,0.007842513163606023,0.005802694260729007,0.008719277691075689
4.565360728420306e-06,4.767658406952594e-05,0.05436825143931786,0.005117174923968269,0.002438299443526303,0.008875875176829754
4.565360728420306e-06,7.148605385201803e-05,0.021784666572156258,0.005646200791716717,0.0038687697393771994,0.005578652612863106
4.565360728420306e-06,2.5163033334705665e-05,0.0786688188571782,0.01005294171214714,0.004410986583511979,0.013084253287689866
4.565360728420306e-06,3.957385442251176e-05,0.03542701222862261,0.005390975804555818,0.0029157917057510397,0.006884316672494775
4.565360728420306e-06,3.1751527266660076e-05,0.06615497680056859,0.008379172465626665,0.003837222656210754,0.01172360741219703
4.565360728420306e-06,2.4208043504161278e-05,0.11979575309888775,0.005198961924376035,0.0014195571947117095,0.016694945412008638
4.565360728420306e-06,0.0002212258681702904,0.033952838229074175,0.007790851743157998,0.004306274998092913,0.008303895393823988
4.565360728420306e-06,4.719184425036723e-05,0.07254202770701326,0.006725549324713842,0.0036549850005546908,0.011327707527279369
4.565360728420306e-06,2.621124014056102e-05,0.08773461602866497,0.006017596206329337,0.001775997150315512,0.014027335269210057
4.565360728420306e-06,2.6991073946943756e-05,0.047342628712616255,0.005772514989668552,0.003009499188627893,0.008556838913584589
4.565360728420306e-06,5.150542687978916e-05,0.06517262725023282,0.00698679642729884,0.003873110181037227,0.010281468485115785
4.565360728420306e-06,4.176028374401244e-05,0.04027335297411926,0.006299912143777346,0.0031445290990658667,0.008573952831964783
4.565360728420306e-06,5.285429329541754e-05,0.023744909660344735,0.0051505868596967395,0.002122499465617136,0.006183755021925419
4.565360728420306e-06,4.995027979786941e-05,0.03680152155775783,0.007518864892498086,0.0041550838084369246,0.00811208424966
4.565360728420306e-06,5.193367273871418e-05,0.020346520096165225,0.004574656736547539,0.0028711843916493737,0.005018265772558086
4.565360728420306e-06,2.9605754690440626e-05,0.03928341402084216,0.010685115636858944,0.006210022043967438,0.011568727253642629
4.565360728420306e-06,1.554334646836435e-05,0.06013500616992709,0.007830744500663005,0.003598843779176465,0.010982848490897819
4.565360728420306e-06,6.481904647692043e-05,0.06987531174204765,0.007995341151081454,0.0033188128825315123,0.011860287705752107
4.565360728420306e-06,1.056469550936922e-05,0.03356382563355452,0.00560131521769359,0.0025625616840438954,0.007647150006940111
4.565360728420306e-06,2.3336878022474837e-05,0.046783844584429635,0.008957580546566635,0.006198335335135892,0.009217171689513365
4.565360728420306e-06,1.6565802574545872e-05,0.04776028705040195,0.007503055102755051,0.0030510059324309205,0.010613132242235456
4.565360728420306e-06,3.65402772315249e-05,0.037457899746054714,0.007610148689907292,0.004100131956778307,0.008828485907175112
4.565360728420306e-06,2.994707656315243e-05,0.03529330675843278,0.00814448785181153,0.003936168057748889,0.009802056331250305
4.565360728420306e-06,6.105976625896716e-06,0.06602444388740944,0.0091844409295811,0.005186248204913694,0.014507644455643023
1.5119022042869672e-06,1.5119022042869672e-06,0.039300720802572756,0.007979059657684784,0.002907107880249963,0.01017761612832423
1.5119022042869672e-06,1.8909289949799427e-06,0.05548370904039325,0.0063011400490259,0.0036426606422772785,0.009347484454872993
1.5119022042869672e-06,5.828744198937945e-06,0.04315269237775446,0.005676897043851568,0.0030879827431411636,0.007964869425651975
1.5119022042869672e-06,1.6230874594994692e-06,0.05533789951816464,0.005549831848784598,0.002674191913072342,0.008851352984693304
1.5119022042869672e-06,3.066487108612645e-06,0.02690785850764788,0.003879403075810052,0.00232060155318208,0.004879006459596582
8.585626641847272e-07,8.585626641847272e-07,0.045085915230630894,0.007134183308545308,0.005130372231442257,0.008105892123534119
8.585626641847272e-07,9.351427748655901e-07,0.01792003109933693,0.0035564529234443994,0.002316760728053915,0.004098003734142813
5.892056333538451e-07,5.892056333538451e-07,0.036894353147261506,0.006707245061823085,0.0037416084827181996,0.008147632843034446
5.892056333538451e-07,3.6553689290013434e-05,0.01792801596856156,0.0040393771330220025,0.002095772432871109,0.004518950404041203
5.892056333538451e-07,3.2266277643445384e-06,0.044816119665334705,0.007916263307629066,0.0028999228792611275,0.010433612030165079
5.892056333538451e-07,2.3798869919855916e-05,0.0142659738016253,0.00343110199345146,0.0023569264662630755,0.003596290492987637
5.892056333538451e-07,1.2363714181951505e-06,0.04035211544144296,0.011145602774943577,0.00803271852035293,0.010260976238766638
5.892056333538451e-07,8.79745621721448e-06,0.018138513386250447,0.002558489821435524,0.0016392011031673222,0.0033771009277575367
5.892056333538451e-07,2.7803204490087645e-06,0.05473716932275162,0.0119175863029058,0.006879115438395006,0.013448605018886109
5.892056333538451e-07,1.194863910830661e-05,0.045514872262581135,0.005747675526328813,0.003177581016435286,0.008619603170443213
5.892056333538451e-07,7.343031246016538e-06,0.03565141908973843,0.007628952934384264,0.004516373689171569,0.008449410497673216
5.892056333538451e-07,7.907555691702298e-07,0.03433954336805777,0.006705755780410564,0.003982504160026271,0.008049996486113119
5.892056333538451e-07,5.7717983457608674e-06,0.04163181103114027,0.0070246071518733424,0.004200959802553761,0.008988082890498534
5.892056333538451e-07,2.995440893949424e-05,0.025591445489980064,0.004517273431540797,0.002660595853908378,0.004979461891967279
5.892056333538451e-07,9.73643783711657e-06,0.02019009769783719,0.004360092721551077,0.0021936202452623858,0.0051059664845180515
5.892056333538451e-07,1.6684809362098108e-06,0.026627816470412045,0.006430504196901589,0.004375955648186646,0.006387793441518659
3.274171332964101e-07,3.274171332964101e-07,0.04337042970881739,0.007137148397009399,0.003596764891216267,0.010147291636701816
3.274171332964101e-07,8.970813900873333e-07,0.0463753978053159,0.007908583238291092,0.0039186258859975325,0.010651942235184234
3.274171332964101e-07,3.354949279584749e-05,0.04988627800774493,0.009018009615488192,0.005991472073513958,0.009634151570982847
3.274171332964101e-07,1.51461356246875e-06,0.034142971715804514,0.005367066519298402,0.0031890047784267845,0.006589032206620248
3.274171332964101e-07,2.020407766516934e-06,0.0493211261497947,0.006049126053202109,0.002689572961823647,0.009227809677374127
3.274171332964101e-07,2.516608716237463e-05,0.028399319283175156,0.007035268344536221,0.0047944286643155105,0.007251858348105584
3.274171332964101e-07,9.096215171413524e-06,0.038263277579003475,0.007220843198601693,0.0039535000139604235,0.008705982825901407
3.274171332964101e-07,7.091874471857762e-07,0.036752192651666966,0.004292383250802632,0.0017925595253776956,0.006951908719295304
3.274171332964101e-07,1.7693313479159766e-06,0.042273357542408234,0.005196916335745884,0.002785288580746172,0.00742172305449961
2.5251447448397314e-07,2.5251447448397314e-07,0.027339023745321288,0.003799321583168896,0.0017579962935520101,0.005008482204087221
2.5251447448397314e-07,2.9052538376832453e-06,0.06531970756082055,0.005614649568198444,0.003330824515241385,0.009881529310302681
2.5251447448397314e-07,1.615781858817273e-05,0.029473006534955586,0.002970647144219094,0.0010012479222082488,0.004918661082459988
2.5251447448397314e-07,8.535379252362449e-06,0.04125197868210005,0.0065214006080085585,0.004383588631386005,0.007355579217665022
2.5251447448397314e-07,2.1134405298964975e-06,0.01522868069787054,0.0038378668297777007,0.002014725409301002,0.004231154215949748
2.5251447448397314e-07,1.914819753138311e-05,0.06602447872355077,0.007135883310442752,0.0034474266603358224,0.010591858296452504
2.5251447448397314e-07,8.284174292787177e-06,0.04991350731887322,0.0028695945870791674,0.0007126631913857869,0.00746465946886895
2.5251447448397314e-07,1.4501975053031599e-05,0.058464070786147584,0.005611068070844562,0.0022921172894944364,0.009195946002786674
2.5251447448397314e-07,2.5694902493896278e-06,0.040300924934811175,0.0031335707094769915,0.0008429650730789212,0.006028367861421622
2.5251447448397314e-07,5.179855966430811e-06,0.09247526277994944,0.008245728340830092,0.003710473804053902,0.014735429863391093
2.5251447448397314e-07,5.719966067850052e-07,0.07147543939913072,0.004831762423601558,0.0016648741661456122,0.010505993992312687
2.5251447448397314e-07,7.462533398520546e-06,0.045229229034628615,0.007379743973460952,0.00392930261494682,0.008624157645337175
2.5251447448397314e-07,4.391562215983987e-06,0.027557693891537092,0.003957504304824194,0.0016115637811670194,0.005548812872923781
2.5251447448397314e-07,2.011229191215947e-05,0.03008804528753718,0.006789338693969912,0.005122730634384066,0.006321251811710112
2.5251447448397314e-07,4.097598472556191e-06,0.025523223041745827,0.0036118585796068746,0.0017039869838655912,0.005750555885482924
2.5251447448397314e-07,3.9610276882291226e-05,0.03669828614141386,0.006547675434915349,0.003278321585479066,0.00856011206600895
2.5251447448397314e-07,3.377607761963368e-06,0.03421367465065274,0.004795295888091125,0.0029838141133085,0.006167652842246813
2.5251447448397314e-07,1.3767330004978717e-05,0.03195485521724212,0.00617428315705556,0.003162599498816092,0.007833909907078327
2.5251447448397314e-07,1.2601208227431774e-05,0.039629293910027334,0.0037591021580079655,0.0015528737785111416,0.0068631467673428695
2.5251447448397314e-07,1.3401819712331625e-05,0.03373089429297585,0.006123079770552073,0.0015891862893457308,0.008278625494438226
2.5251447448397314e-07,1.2651796794564325e-05,0.034558247764803415,0.006253150386810371,0.002822897564056169,0.00789222206755591
2.5251447448397314e-07,3.1994922543000426e-05,0.06109167705519943,0.007289870995284958,0.0027090712827755404,0.01150240095600568
2.5251447448397314e-07,1.8774785144137185e-05,0.041004043802954374,0.004862884312350089,0.00280149023343874,0.006332374702299558
2.5251447448397314e-07,5.244658893905334e-06,0.023751673626711618,0.004975741983618846,0.0019253732073942257,0.006610539601862748
2.5251447448397314e-07,1.8604142434387746e-06,0.02594808238166596,0.00487129795669529,0.002448271542195614,0.005729106409869997
2.5251447448397314e-07,7.5412359630693805e-06,0.028270341371764464,0.003923931316597261,0.001862707712612015,0.005149642095896967
2.5251447448397314e-07,4.1454540732187795e-07,0.028744060634408798,0.006317695537100274,0.0030732807075068824,0.007036492616428096
2.5251447448397314e-07,2.0707934480055626e-06,0.028212103618957166,0.0047231524382415,0.0023897929464474985,0.006054482955289706
2.5251447448397314e-07,2.135523846703218e-06,0.03846951393753915,0.006338849268354049,0.004303614726643194,0.008305822798650652
2.5251447448397314e-07,5.3335391750015636e-05,0.038341530775099754,0.005573504716986101,0.003185751036268318,0.007094145534579858
2.5251447448397314e-07,3.222998861587781e-05,0.04079963527574679,0.006139081425267981,0.004090925130082783,0.008601594392186853
2.5251447448397314e-07,1.4084843385708406e-05,0.03558480141343938,0.005048984329000306,0.0017870914985272084,0.007772845759672588
2.5251447448397314e-07,5.405470783726172e-06,0.07226874767939767,0.004696671322597992,0.001704620490092042,0.010320803475155002
2.5251447448397314e-07,5.357438847702728e-06,0.04369510871037012,0.005867240829178467,0.001955734803241983,0.009131863501296288
2.5251447448397314e-07,1.1978250608056533e-05,0.021127066960797924,0.0040223483040754985,0.0018812078782620369,0.004785934090082049
2.5251447448397314e-07,2.015911151799374e-05,0.04399838992304186,0.00576674737026091,0.0030029328710753853,0.008576366317941776
2.5251447448397314e-07,1.309306147060202e-05,0.035918208846418505,0.004832163478043606,0.002065343867107108,0.0075446308087347095
2.5251447448397314e-07,4.629362844943146e-06,0.05681540052498059,0.007230158852372683,0.0023289371678790497,0.011241873398567522
2.5251447448397314e-07,9.718323925820926e-06,0.030355965346645856,0.005169210043712643,0.0014409702245966175,0.006855102723875084
2.5251447448397314e-07,1.3475738720203085e-05,0.04917824952718412,0.00653178331762632,0.002391921201410744,0.009600261239602711
2.5251447448397314e-07,1.8325396979015268e-05,0.052293333724393334,0.005090325278377051,0.0017625855065167254,0.009336872893240589
2.5251447448397314e-07,2.7025125373689815e-06,0.03703018920213642,0.00510626992836552,0.0026733508500724496,0.007011329253079435
2.5251447448397314e-07,8.967703608092688e-06,0.02578260537264094,0.0034341540511394248,0.001384627990541573,0.004874253894340176
2.5251447448397314e-07,4.464041538523084e-06,0.02548399828585702,0.005084344529525017,0.0028143231200022864,0.005940893511020567
2.5251447448397314e-07,1.0891968873991738e-05,0.02399632031811726,0.004147086110049374,0.0027292009286007043,0.004592474176645844
2.5251447448397314e-07,8.518938405717968e-06,0.017235149664937346,0.0027831350353993657,0.0012242333021122993,0.0036913812309315192
2.5251447448397314e-07,6.713815245102878e-05,0.019707860901426896,0.005262494776785229,0.0030387918562013267,0.005374998639676765
2.5251447448397314e-07,3.19200766308169e-05,0.029335894062735398,0.003904889278346727,0.0017602533909133423,0.006147709982754865
2.5251447448397314e-07,7.765899608712884e-06,0.018210660218279346,0.0038745039750112927,0.002167340063810536,0.004588230785611672
2.5251447448397314e-07,1.3506093865788674e-06,0.04941430960335931,0.00562582405431626,0.002080858810078496,0.009706591219651048
2.5251447448397314e-07,5.653188420238962e-07,0.04113144677944654,0.00575079495271752,0.002829937190143304,0.007884245691606413
2.5251447448397314e-07,4.297887167303367e-05,0.01888315482493455,0.0031363735214239184,0.0016390073377037088,0.003962100349496186
2.5251447448397314e-07,2.1885800218837e-05,0.035304182597512265,0.0074989013616416,0.004458768529620944,0.008413537264117378
2.5251447448397314e-07,5.424378968289667e-06,0.0220630928750686,0.004261648733832445,0.0027210994359319965,0.004601705190449734
2.5251447448397314e-07,5.133139300535683e-06,0.02848379019470826,0.007113417354598306,0.0043518842202683915,0.0074207541442255194
2.5251447448397314e-07,6.420066753929839e-06,0.022194693342795727,0.003659438668048241,0.0013589405182646485,0.005192146581904186
2.4910538195223127e-08,2.4910538195223127e-08,0.030589661005909145,0.006113129015314489,0.003503150110165089,0.006631350890754763
2.4910538195223127e-08,1.5612244252072946e-05,0.02071098970101195,0.003794333940864777,0.0016180401356671813,0.004623531978632567
2.4910538195223127e-08,4.432854155528939e-06,0.03437311169638303,0.004841842895596458,0.002617482553124346,0.005921701630477593
2.4910538195223127e-08,1.0297479100720776e-05,0.012277699409704686,0.0022937618612679104,0.001161090415673363,0.00278830218905955
2.4910538195223127e-08,2.8051435097791908e-05,0.034178774821296436,0.005437518751194343,0.003657053162135055,0.006750269636780979
2.4910538195223127e-08,9.049445479990046e-06,0.02789371388641908,0.0025718582669648276,0.001208542092922646,0.004584880538351551
2.4910538195223127e-08,9.538639571436301e-06,0.022048993698521615,0.004825289295113936,0.0016820763826384962,0.006368938887672046
2.4910538195223127e-08,6.612964924787443e-06,0.01904445062709579,0.0037735198999920634,0.0018768580927721193,0.004758814421868531
2.4910538195223127e-08,5.407208460042458e-06,0.047615478841693384,0.006059332832326108,0.002924632835996416,0.009951191225756521
2.4910538195223127e-08,3.94928488115209e-05,0.018836476592893576,0.0023515202161235992,0.0014901768819716283,0.003236107727520175
2.4910538195223127e-08,1.1046210978281904e-05,0.029681068915735402,0.005547761178236631,0.0032360112663127423,0.006505269568220758
2.4910538195223127e-08,8.949605609571447e-06,0.014513625796732585,0.002728857217039071,0.0010171924896680696,0.0036326322049641813
2.4910538195223127e-08,6.425314922261448e-06,0.03169628454120709,0.005760474315753788,0.00355744006631131,0.006392073944391869
2.4910538195223127e-08,8.361019861569143e-06,0.030027856210264624,0.003230233635236632,0.001033191326399347,0.005081344040525933
2.4910538195223127e-08,1.7872058068903707e-06,0.02305278732706403,0.0035633387612131052,0.0011056001067445993,0.005400751311593605
2.4910538195223127e-08,7.650449519295545e-06,0.01276789293920057,0.0031080098935025798,0.0020171358543357885,0.0032851966964501694
2.4910538195223127e-08,8.245195366692001e-06,0.05068225073781884,0.006892556925366384,0.0034357026760600505,0.009913198317263524
2.4910538195223127e-08,1.4867940383585458e-05,0.038211341207428126,0.003829648502832739,0.0016751575593981572,0.006398061229033459
2.4910538195223127e-08,3.520497631909649e-06,0.02395956981705529,0.0041449305738356,0.0018519630629139107,0.0048893920109850065
2.4910538195223127e-08,7.324974990313905e-06,0.03888152728088975,0.0034660879768133113,0.0019076112289963358,0.006133313596835157
2.4910538195223127e-08,3.1560942847559208e-06,0.02969358163827144,0.004833031924269564,0.002841076347073906,0.006227956175204076
2.4910538195223127e-08,4.0263057108445135e-06,0.04062191218725874,0.00248924453939637,0.0008460849510000095,0.005864407737857665
2.4910538195223127e-08,2.980544114708209e-05,0.018016790006822613,0.003850974338852775,0.0024449223585809353,0.004110048720941218
2.4910538195223127e-08,4.339480114107191e-06,0.014418035299465153,0.002406767439896366,0.0010126880886459982,0.003315734537236714
2.4910538195223127e-08,4.618641671396777e-06,0.019075307449631658,0.005036101589478033,0.0038587914577814203,0.0044496778827733206
2.4910538195223127e-08,3.327097771527739e-06,0.01495565538231692,0.0021944945147642707,0.001067632573112408,0.0029013417176934936
2.4910538195223127e-08,1.34265027061084e-06,0.026896325234961233,0.00376261400223244,0.0019375954973598424,0.005567585735131079
2.4910538195223127e-08,8.369111872703517e-06,0.02565018855664645,0.0026592761566614056,0.0015538299535660602,0.003998248847488626
2.4910538195223127e-08,6.281634003267098e-05,0.030190826651608157,0.003794277491648764,0.0015315244510450822,0.005991614426723921
2.4910538195223127e-08,1.0700052610517782e-05,0.015134985631279817,0.0029596003412861115,0.0015399015410632847,0.0036521255395604345
2.4910538195223127e-08,1.153082670334839e-05,0.0217624365447052,0.0037191753589279316,0.002013885279820515,0.0050823917547063975
2.4910538195223127e-08,3.401615578818455e-05,0.01313981101800085,0.0027676545112419702,0.0009995319420757448,0.0033040383411382214
2.4910538195223127e-08,4.571001517764069e-05,0.019731610434781922,0.00523149019603653,0.0028826300910068225,0.005564402601696448
2.4910538195223127e-08,2.781643766765145e-05,0.024869831976441763,0.003908448019084802,0.0019173133347723712,0.004897921154405864
2.4910538195223127e-08,2.7951620907204745e-05,0.019881966208275353,0.0035398390007971526,0.002000867530839618,0.004497942639567783
2.4910538195223127e-08,1.6974993482300035e-05,0.026691253855604398,0.003994838183281201,0.0023320074113401187,0.005244557095592866
2.4910538195223127e-08,3.1718229972142326e-05,0.019231654962789117,0.00336437141357328,0.0024507937028358942,0.0038051011640098152
2.4910538195223127e-08,2.2437289301127212e-05,0.02940182685877774,0.004177134956348382,0.001973622860006026,0.006082532982483307
2.4910538195223127e-08,2.1346736581933734e-05,0.019796285528768363,0.003546837084909464,0.0022028865269329264,0.004270055294418315
2.4910538195223127e-08,3.157588899706293e-05,0.01949376055600334,0.003990342542504562,0.002403750112430708,0.004694057422260662
2.4910538195223127e-08,4.940169172113372e-05,0.01670764225304561,0.00360578700201035,0.0020682158968364514,0.004025703111986802
2.4910538195223127e-08,2.2824336653766334e-05,0.03069404842698989,0.004094899720438957,0.0020221723116791448,0.005684939749282948
2.4910538195223127e-08,3.6567595908915634e-05,0.0184568321903467,0.003449818413493209,0.002601794873600089,0.0034877613402652407
2.4910538195223127e-08,5.68966659173468e-05,0.02321066413344329,0.0029036945394929864,0.0013857419720040708,0.0040019599895066245
2.4910538195223127e-08,4.901535957383292e-05,0.01246290563588129,0.002732264962233424,0.002035700081903461,0.0031168853250258728
2.4910538195223127e-08,7.161917783310543e-05,0.024333593956874743,0.003522188797575035,0.0016002936063690674,0.0051105245141452775
2.4910538195223127e-08,0.00010025133892156697,0.021347263246466557,0.0029263565098210926,0.001571516863824272,0.0038594513034288435
2.4910538195223127e-08,4.132786842019776e-05,0.033846521367558266,0.004358691522548722,0.0016380282075668664,0.006801578613335272
2.4910538195223127e-08,0.00011177006012192306,0.020068158719280166,0.003274876076569554,0.001804145649265737,0.00399480262332501
2.4910538195223127e-08,7.756147123642212e-05,0.01883394391403928,0.0040064042300079405,0.002093184652362556,0.004344045571460336
2.4910538195223127e-08,8.044135176067606e-05,0.01782794951936379,0.0032294193874407395,0.001284309085387958,0.004160188569467189
2.4910538195223127e-08,5.2681443183406036e-05,0.03247442295848888,0.005548533033041819,0.0038876450189868506,0.006352840225256912
2.4910538195223127e-08,7.460302179731346e-05,0.0192710167120349,0.0037346317449330874,0.0014534523427891478,0.005082869436913383
2.4910538195223127e-08,8.444535146135508e-05,0.02481407012347762,0.004595135976838112,0.0017842120379911166,0.0064516995732191666
2.4910538195223127e-08,0.00010130270762566137,0.024856957541664174,0.003977640627959656,0.002482844259468611,0.004575420004084641
2.4910538195223127e-08,8.470589263708686e-05,0.028061774021541554,0.0035885440444084044,0.001901102838941668,0.004830203761109017
2.4910538195223127e-08,8.458920811918321e-05,0.025687985707960083,0.004168417415035972,0.003063689187077167,0.004946157381301764
2.4910538195223127e-08,9.072453970071315e-05,0.015952840131141486,0.0030583953866861304,0.0015253125313052064,0.003808114129043207
2.4910538195223127e-08,0.00011817945111107733,0.02386491186280199,0.00447371320101513,0.00317562231504545,0.004827484073369094
2.4910538195223127e-08,0.00011677867185413191,0.013931252409988461,0.0030801825914087088,0.0018369935780961498,0.003255293771378283
2.4910538195223127e-08,7.616206130392443e-05,0.02097608877804084,0.0036382125852248808,0.0017314170997760018,0.004509357796078718
2.4910538195223127e-08,0.00012038761547831295,0.018111875530798297,0.0037428207940933818,0.0016582375962884578,0.004562930593209173
2.4910538195223127e-08,9.702215243367359e-05,0.019974938370787305,0.004203879716390096,0.0019489278184626243,0.004824768916117686
2.4910538195223127e-08,9.796664024005383e-05,0.02756374088260462,0.004153546557627541,0.001679096499269,0.005915888011093261
2.4910538195223127e-08,0.0001148553281734565,0.03717261973071198,0.004889273155095941,0.001630384686749775,0.0075242646780216025
2.4910538195223127e-08,7.979229663287101e-05,0.021017592787319246,0.0032349853175568707,0.0011192313440068782,0.004355382470387678
2.4910538195223127e-08,4.626524312821806e-05,0.03479574224493617,0.0038001912306840423,0.001676457064781855,0.00613078478490603
2.4910538195223127e-08,4.310131550400686e-05,0.018417161008773268,0.0034958193174541093,0.002282755672737865,0.0038809418234351336
2.4910538195223127e-08,6.527110225086353e-05,0.015389135885790769,0.003361992425021498,0.001876677379305287,0.003804488209278987
2.4910538195223127e-08,9.758275960003046e-05,0.021202279818768557,0.004296522176656383,0.0018020613959875732,0.005300696331223576
2.4910538195223127e-08,6.588382288924696e-05,0.01701608453232262,0.0023182989179332627,0.0011729476494508955,0.003050239877307332
2.4910538195223127e-08,5.473455668983223e-05,0.015308281980116356,0.004610097192949622,0.003011975775632947,0.004531643897501193
2.4910538195223127e-08,8.181539475204461e-05,0.014254716289646198,0.0029823226413201614,0.001531166738012608,0.003493871110432694
2.4910538195223127e-08,8.179647327771547e-05,0.018713830935268728,0.0040877266835340955,0.003158119622067922,0.004163946032531312
2.4910538195223127e-08,7.677016920020604e-05,0.024736773473629115,0.0034072386503601515,0.0019865471214045604,0.004262701381977299
2.4910538195223127e-08,6.235862902310583e-05,0.019916919268952414,0.0036324497214119565,0.0016848387508421134,0.004548988302424509
2.4910538195223127e-08,5.183296137140063e-05,0.014448934530639706,0.003029184493948513,0.0015625211358139368,0.003314202635407701
2.4910538195223127e-08,8.433084979680945e-05,0.02030964254817922,0.0033520017088603054,0.0015396345663902672,0.004258462559151506
2.4910538195223127e-08,6.225026166781851e-05,0.013401305680941349,0.002443650938062698,0.0008954456683058995,0.003131970574526847
2.4910538195223127e-08,4.250887108338301e-05,0.026530090369669572,0.00357255337011476,0.0018764401900600437,0.0048676476932137825
2.4910538195223127e-08,4.8851935549488956e-05,0.02924406474655624,0.0027736788555095338,0.001465201925678199,0.004486573680727341
2.4910538195223127e-08,5.3523591563032374e-05,0.012653425928778559,0.0019848298372487877,0.0012619384840261592,0.0024578594277702903
2.4910538195223127e-08,4.0263706882864936e-05,0.017176930338648172,0.0033268452233510028,0.002186318965596197,0.003467364392517863
2.4910538195223127e-08,5.45059004898799e-05,0.00952317741840081,0.00213991996373068,0.0011098424831144892,0.0023479592688659626
2.4910538195223127e-08,5.189173138002417e-05,0.03413335736186265,0.003850794759665429,0.001924184337046071,0.005766697134874287
2.4910538195223127e-08,5.8750045894987116e-05,0.027474037731467428,0.002376375871099468,0.000659305399703455,0.0045942333940821485
2.4910538195223127e-08,6.646047968433853e-05,0.021421226571920266,0.0034803951611468114,0.002196095288669443,0.004015982696753394
2.4910538195223127e-08,8.356004359914829e-05,0.0329859615684365,0.002337215488991956,0.0008108140946123448,0.004984140544744685
2.4910538195223127e-08,6.879904386589311e-05,0.011948651053164224,0.001947258490875955,0.0009863901680840258,0.0023051118628239406
2.4910538195223127e-08,0.00010281175267736583,0.020021915398495693,0.002449628661491405,0.0006901077455752842,0.004019270464111364
2.4910538195223127e-08,6.708243401744166e-05,0.009668649275022857,0.0022985228478024753,0.0017371968246640205,0.002307207187122298
2.4910538195223127e-08,0.00012313790717655715,0.019439873110795806,0.0036054407005485694,0.0017116886542787634,0.004499442422747723
2.4910538195223127e-08,9.760441661816504e-05,0.019395051988180867,0.002892159814853034,0.0011811190203141714,0.004289214643382831
2.4910538195223127e-08,0.00010538908700893562,0.021064638072273958,0.003538032504958443,0.0016969137624364473,0.004476287519368844
2.4910538195223127e-08,0.00010279950917105833,0.02009279047611494,0.002713388347658094,0.0007614094180023629,0.004174648931770434
2.4910538195223127e-08,0.00011382096815853028,0.017355032543720224,0.002856930910443863,0.0013781989177249025,0.003715847566153794
2.4910538195223127e-08,9.113883305238857e-05,0.011401554891261236,0.00262358771328608,0.0014654549927117222,0.002960719167767639
2.4910538195223127e-08,9.156597096547692e-05,0.017888168462268723,0.0038785212497865645,0.002934944476422883,0.004053431555319782
2.4910538195223127e-08,9.111797164744631e-05,0.014083637167338911,0.003490860153012548,0.002196367448672738,0.0034292063510468393
2.4910538195223127e-08,6.822556526848724e-05,0.027646828709971982,0.004240401495633389,0.001992415417093338,0.005834923533773162
2.4910538195223127e-08,7.281274321103157e-05,0.023663162017441633,0.0033411366045446723,0.0012279154301795723,0.005009988275232482
2.4910538195223127e-08,5.513076541825794e-05,0.0157862884120583,0.0027198924803207196,0.0016733503155412117,0.003393931931654549
2.4910538195223127e-08,7.893666275956493e-05,0.013597203867276668,0.0027435528163809787,0.0011645059701376427,0.003290108183865622
2.4910538195223127e-08,8.204531017709494e-05,0.018680417483008478,0.0035591431543281066,0.0025432764889662413,0.004020244425347233
2.4910538195223127e-08,9.023505755181147e-05,0.02533327744791963,0.002679317170200239,0.0014210628038548352,0.004801142939151431
2.4910538195223127e-08,7.752692631358378e-05,0.033549496508031885,0.003610676378850429,0.0015602358895812692,0.005511904809319335
2.4910538195223127e-08,7.986095243517203e-05,0.0121049049902938,0.0022608954131838753,0.00124776587691966,0.0025957504957221
2.4910538195223127e-08,7.364632008872581e-05,0.029669010247331994,0.002641053721466231,0.0009389305266334202,0.004918608263794933
2.4910538195223127e-08,6.840500937519109e-05,0.013436533987774066,0.0031434863535365672,0.0023298352624288488,0.0032801887607562074
2.4910538195223127e-08,5.2670513265530564e-05,0.010169697174659707,0.002183112416341313,0.001325873056522741,0.0024917558663192633
2.4910538195223127e-08,5.085655984262227e-05,0.018152148721881554,0.003463407901291081,0.0020810935359822733,0.0036357478261395335
2.4910538195223127e-08,4.931625473227314e-05,0.012760606260700877,0.0022666366465774286,0.0008716688115149279,0.0029642034601600757
2.4910538195223127e-08,5.3392271394891965e-05,0.016049802197487865,0.004007659643172064,0.0027095798844601754,0.003965630656091165
2.4910538195223127e-08,4.841909239052244e-05,0.007370347393858105,0.001500214728894268,0.0008754706294960089,0.0015895038891243474
2.4910538195223127e-08,2.3110249026854365e-05,0.01999992763604163,0.0042939663449964,0.0024287186919515367,0.004746244609270631
2.4910538195223127e-08,5.134962800951027e-05,0.010104252422653089,0.0011494294886987837,0.000615505523451812,0.001644390233176744
2.4910538195223127e-08,5.378221537513916e-05,0.016126363036941413,0.003490359074374426,0.0029693098129744957,0.00333479438600529
2.4910538195223127e-08,6.0638559556287106e-05,0.01480610657091664,0.0020868158744297106,0.0012847528257899812,0.002467335135744002
2.4910538195223127e-08,5.014495379530526e-05,0.020079416965948383,0.002502506855440633,0.0009810437232836624,0.004037260769480872
2.4910538195223127e-08,5.637753583530518e-05,0.01896002229074665,0.0024402965126501933,0.0007451761216535344,0.003622241324768022
2.4910538195223127e-08,5.723339816628782e-05,0.010751940524593459,0.002390414555541805,0.0013752181455263803,0.002427319201173017
2.4910538195223127e-08,4.136552012356511e-05,0.01462423467259028,0.0023318724023286184,0.0014538147949322029,0.002832148207548942
2.4910538195223127e-08,4.950291280341141e-05,0.01519652841598072,0.0025038936222829848,0.0010442382399375254,0.003379294084373333
2.4910538195223127e-08,5.9155729691233135e-05,0.014971561567237142,0.002694432991347568,0.0010102839240965702,0.0035290585251496493
2.4910538195223127e-08,6.9807928691295e-05,0.013187528277798826,0.002650876401454203,0.0019653827244616472,0.002893423224928003
2.4910538195223127e-08,6.812340834962221e-05,0.012320623539254977,0.0023418222666218196,0.0011713772286756716,0.0025472251311994512
2.4910538195223127e-08,6.456010270951231e-05,0.011109677863280112,0.0021820850444541407,0.000977224461172146,0.002511995812476324
2.4910538195223127e-08,3.659591323589274e-05,0.016681262971078973,0.0022617003444079854,0.0006318844918464246,0.003521443279530107
2.4910538195223127e-08,7.009074934955612e-05,0.01410852928908721,0.002426919442962375,0.0009744677303961853,0.0028086993724146794
2.4910538195223127e-08,5.908240517792952e-05,0.021400063944909665,0.0021712979916474876,0.000800043480815548,0.0035636013319523584
2.4910538195223127e-08,4.935047873929444e-05,0.012233356511300383,0.0027847502750477705,0.0014972823139879875,0.003085177910565062
2.4910538195223127e-08,3.587820872555362e-05,0.024098172611902505,0.0022017651662820962,0.0005380611631038458,0.00405231077664486
2.4910538195223127e-08,6.994656543880408e-05,0.022314418523801498,0.0026102887891182158,0.0010253295006368859,0.004167455841480762
2.4910538195223127e-08,3.482582305059932e-05,0.018573202573801774,0.002083402136789074,0.0007588327746492489,0.0033723180744665827
2.4910538195223127e-08,4.696099318805049e-05,0.008167696020105248,0.0021483391760289627,0.0010782912264791999,0.002271011500355563
2.4910538195223127e-08,6.363853130021144e-05,0.016107311863340804,0.002349188565165562,0.0011983754978335923,0.002931996721515981
2.4910538195223127e-08,4.022663863250185e-05,0.011054478868913092,0.002228202091556285,0.0008858815295952851,0.0027869225762048814
2.4910538195223127e-08,7.047743173209479e-05,0.01437275149897382,0.0028850908304707485,0.00196147889760965,0.0035298719161494033
2.4910538195223127e-08,5.323736044009602e-05,0.011973395660823687,0.00216568511189706,0.0009153383929622215,0.0028711151281985638
2.4910538195223127e-08,6.92042351442074e-05,0.017110412393350503,0.0023882883940625006,0.0018458371599577232,0.0029162456660024494
2.4910538195223127e-08,6.213134248380793e-05,0.031242123352654996,0.002012577941634182,0.0010984644880866013,0.00438711101403409
2.4910538195223127e-08,4.736871038714113e-05,0.00968267789098022,0.001968729478361761,0.0013050544671251224,0.0021176397897539443
2.4910538195223127e-08,4.3667573521507365e-05,0.007719258462602027,0.0020239427640829995,0.001160459289882269,0.0021369811616633234
2.4910538195223127e-08,4.027371648604758e-05,0.016527270612422224,0.0029616324030649404,0.0017009136875258944,0.0035534291663906568
2.4910538195223127e-08,4.0271011206189034e-05,0.010763371838235456,0.002183374756837563,0.001155940558214448,0.002521114520640038
2.4910538195223127e-08,3.212739948433183e-05,0.01770347673563225,0.003001920918460008,0.0012227701112775353,0.0035681332654124865
2.4910538195223127e-08,3.3679625148354606e-05,0.024623204886527413,0.001643045551359071,0.0008444892975599907,0.003569036709875926
2.4910538195223127e-08,5.27317836147353e-05,0.010914039161890404,0.00266610117052425,0.001818022409801392,0.002814857253123994
2.4910538195223127e-08,4.180131160868517e-05,0.026915583741387278,0.003377169921919421,0.0014495622850828722,0.004721754331952344
2.4910538195223127e-08,4.571759146225646e-05,0.01417316631392202,0.00243647778638724,0.0007493423458968607,0.00326286229574485
2.4910538195223127e-08,3.827379318068497e-05,0.017623168967622997,0.003666312594691325,0.0014495965809169374,0.0044831612384553
2.4910538195223127e-08,2.1852025471075383e-05,0.01159671842260826,0.0021422223212229983,0.0009110321581834644,0.0027435351087240732
2.4910538195223127e-08,5.366706053340363e-05,0.022373588718109964,0.0036268962654966447,0.0011676260964194212,0.005376639569083237
2.4910538195223127e-08,4.020072831088572e-05,0.021438812186005594,0.002941472931590517,0.001234324141717103,0.004871000730504581
2.4910538195223127e-08,6.082233653579411e-05,0.017424438915384713,0.002363278008810942,0.0007761658275143156,0.0038601183835899507
2.4910538195223127e-08,5.263523457983404e-05,0.019200892362946392,0.0036865629860979876,0.002332913426705284,0.004180205463234586
2.4910538195223127e-08,5.3849735285774506e-05,0.016519787631059362,0.002229858184147964,0.0008400874743691259,0.00310882103674313
2.4910538195223127e-08,4.5507817245366036e-05,0.023341542761448477,0.0029409752248560107,0.002333281651970656,0.003647257966305547
2.4910538195223127e-08,3.867592790917393e-05,0.006196122286385189,0.001242046673843409,0.0007263587984348552,0.001347687498737521
2.4910538195223127e-08,1.7176423316164612e-05,0.022534307788513536,0.0037923486307435113,0.0026353426857395434,0.004447941157784438
2.4910538195223127e-08,2.578537964777102e-05,0.024291738664285707,0.0017691235356395913,0.0007591903592885793,0.0035199970801088575
2.4910538195223127e-08,2.6055128096988095e-05,0.009389403612165175,0.0018689703760339012,0.0011355752943764362,0.0020604414972941543
2.4910538195223127e-08,2.4287966829386373e-05,0.026955248505507318,0.0030291048011490762,0.0014844177944477017,0.0045251952118060415
2.4910538195223127e-08,2.624726063256403e-05,0.054808406097730154,0.0021414781743377244,0.0006759378785958796,0.007610131841339516
2.4910538195223127e-08,2.339248719519495e-05,0.016550234210248278,0.002781977805456444,0.0008616257662746132,0.003929875843698327
2.4910538195223127e-08,3.388267782940153e-05,0.015328221253905582,0.0017873326213046522,0.0006860760094338552,0.0026309661615960883
2.4910538195223127e-08,3.0219018812674583e-05,0.016772775244208084,0.002296690175440804,0.0014611121430989325,0.0028112454173338684
2.4910538195223127e-08,3.1450552470003304e-05,0.015256937879824382,0.0016881733447173463,0.0005411801871101825,0.0029970455073198648
2.4910538195223127e-08,2.3738998150747838e-05,0.007992670147518356,0.0018931108820164258,0.0010244825610405649,0.002118633717089519
2.4910538195223127e-08,3.8224350206869606e-05,0.015768465494447687,0.0025124443317235323,0.0009535795458148165,0.003053267907815831
2.4910538195223127e-08,2.8602038473384172e-05,0.011311099865229936,0.002104151342116413,0.0011735264550877859,0.002568724979350703
2.4910538195223127e-08,2.677576641241216e-05,0.022715383098237105,0.0029522790901113432,0.0018577585917331756,0.004175445499904545
2.4910538195223127e-08,3.2270783452546796e-05,0.015382916488352383,0.0020660697707897257,0.0010041613759159277,0.0031934484358536897
2.4910538195223127e-08,3.710295621794751e-05,0.010119441326273078,0.00252577910924294,0.0015099912298441641,0.0023770475081751003
2.4910538195223127e-08,2.5816063361836795e-05,0.012135377248837169,0.0017497453499235897,0.0009390237687438524,0.0023040884427215705
2.4910538195223127e-08,3.481226789951662e-05,0.010969865461277727,0.0017108418684142646,0.0006377126788207278,0.0024773444402643803
2.4910538195223127e-08,4.6013836417907884e-05,0.01779260853864248,0.0022949487887393132,0.0012987725419450497,0.0031049034108889357
2.4910538195223127e-08,2.6000748263857178e-05,0.008926966548587649,0.0014780697581156836,0.0009330353264460161,0.0018725887932821883
2.4910538195223127e-08,3.0393182146545183e-05,0.022166758696833325,0.002985450371746036,0.0013421576388379232,0.004109651415286147
2.4910538195223127e-08,2.5618261711268655e-05,0.007889302422635306,0.001554037967471416,0.0007237886009177649,0.0019723116119404723
2.4910538195223127e-08,3.1347721277338206e-05,0.014857108658346762,0.0024268248141236185,0.000887708200605068,0.003442373082700037
2.4910538195223127e-08,2.3088551975003353e-05,0.017255913580730146,0.0017614399614547154,0.0010590662523668275,0.0026949272681856366
2.4910538195223127e-08,1.008290701685584e-05,0.01644088309598143,0.0021669037173092064,0.0006788503802063581,0.0032891968886389167
2.4910538195223127e-08,1.66951632260055e-05,0.02625394795589964,0.0028830319053065323,0.0013160915008759288,0.005012338400669751
2.4910538195223127e-08,1.3986215860863199e-05,0.007549703809858751,0.001399583227432102,0.0008004162474376465,0.001758122380030393
2.4910538195223127e-08,1.5672363722106346e-05,0.02386857265187224,0.0032119782567795814,0.0014167202737899363,0.004547137722512482
2.4910538195223127e-08,8.20714151970953e-06,0.020938321259011863,0.002092254347727635,0.0006260284939940111,0.003915383534604404
2.4910538195223127e-08,4.781858634596307e-06,0.012129981280199736,0.0019311153120421395,0.0011866596531097447,0.0022646611139980717
2.4910538195223127e-08,8.14561152146397e-06,0.0087420633299489,0.0015929672642768886,0.0007577329540843507,0.0020796398359755404
2.4910538195223127e-08,1.5603861854497352e-05,0.008853978207429222,0.0023835806761454367,0.0014128235592464696,0.002545784740323502
2.4910538195223127e-08,5.0444544837657355e-06,0.00851218485686554,0.0018013893066548534,0.0010428695723011775,0.0020997869028912593
2.4910538195223127e-08,1.089748960959881e-05,0.011479017678581812,0.0020804965229968128,0.0008196749532325071,0.002824436903185856
2.4910538195223127e-08,6.004110151599904e-06,0.017556518670733007,0.0019614752070824817,0.00048511336139972483,0.003428227424858706
2.4910538195223127e-08,1.1812963694620394e-05,0.022708767412947105,0.0024803180854474425,0.0006923097088909332,0.004265834287609337
2.4910538195223127e-08,1.2643963819141545e-05,0.018172133807583136,0.0021225931517834425,0.0007282022903768344,0.00352153264981616
2.4910538195223127e-08,1.1525625345902017e-05,0.014137582235501696,0.0024169790048726254,0.0010594100173781493,0.003385050898078776
2.4910538195223127e-08,1.3648665293236082e-05,0.01554170701114281,0.002454409101382107,0.0013936689927072517,0.0035387160700572013
2.4910538195223127e-08,4.406716217468882e-06,0.013043930685669683,0.0018950363693515887,0.000855102817958945,0.002701615386084419
2.4910538195223127e-08,4.520770352331195e-06,0.008744331509840062,0.0018929302530698382,0.0012393887571031507,0.0021474464094661918
2.4910538195223127e-08,1.1071871149087047e-05,0.016167152000112667,0.0023025321525373373,0.0013342192286104862,0.0030230183294123907
2.4910538195223127e-08,1.2601835423804628e-05,0.019856324388560602,0.0018049139744820834,0.0010538528241722698,0.0030671637721050894
2.4910538195223127e-08,1.8001415177729563e-05,0.00644427896287603,0.0010445171823579714,0.0004339840633600542,0.0013662227723563426
2.4910538195223127e-08,1.0375610774113897e-05,0.009027675640363372,0.0014859067105472703,0.000712520494074191,0.0019615427881728574
2.4910538195223127e-08,8.716724244274349e-06,0.006758458352785818,0.0010803902769242048,0.000513451276957967,0.001482524697188031
2.4910538195223127e-08,1.3167643612758115e-05,0.009031714095791099,0.0019633023525076586,0.0009488263924602161,0.0022677845723836623
2.4910538195223127e-08,9.888615430691534e-06,0.005072609065689263,0.0015777435123463734,0.0013268909319730697,0.0014605220789552246
2.4910538195223127e-08,7.485393609927718e-06,0.007472203254075122,0.0015200403715385094,0.0008740422719683562,0.0018121100935203527
2.4910538195223127e-08,8.811481323425158e-06,0.005870158877507654,0.0012746300737716749,0.00046235498274293016,0.0015629442599012955
2.4910538195223127e-08,3.797451829281591e-05,0.01294672436628224,0.0018596836675252109,0.0010059360763827567,0.0022892758971133414
2.4910538195223127e-08,3.4606712541821865e-06,0.0114495039272637,0.0011710524249070907,0.0007702073526375556,0.0017521653091265932
2.4910538195223127e-08,2.972767920639317e-06,0.021589864166008856,0.002113983276403896,0.0007391981582642424,0.0040937603665028195
2.4910538195223127e-08,1.1227074713825424e-05,0.005085142626219383,0.001105452887151808,0.0004237212054655099,0.0012887599314811238
2.4910538195223127e-08,6.289174343180367e-06,0.02129887511566862,0.0025036281187513472,0.0012431979287654197,0.003496915584946341
2.4910538195223127e-08,1.4238329773539563e-06,0.01088264931484842,0.0010005057144364584,0.0003168751056840956,0.0018219617319510586
2.4910538195223127e-08,1.0116529366873053e-06,0.012453034412522183,0.0018973165359469665,0.0010256040666643492,0.0024765771555168427
2.4910538195223127e-08,4.225157400184346e-06,0.012817917244418275,0.0013279953521934968,0.0007437484645237715,0.0020064167114798464
2.4910538195223127e-08,1.0949610398329398e-05,0.01132859327918504,0.0020900929159939356,0.00128645768902717,0.0024973020386747456
2.4910538195223127e-08,7.427035517236934e-06,0.006974263134315597,0.0008928239605727858,0.0005698200377244124,0.0011908058126916551
2.4910538195223127e-08,5.2626285774654816e-05,0.014667095847497149,0.002531111723899465,0.0014746445340712497,0.002905977279579229
2.4910538195223127e-08,2.634172770633487e-06,0.014427272715850302,0.0011921427094416022,0.0003457390680187858,0.0024887117662234235
2.4910538195223127e-08,1.5200623519762713e-05,0.016105454373394387,0.0021151364739558907,0.001144529589318796,0.0026899721850739407
2.4910538195223127e-08,1.4003691798176437e-06,0.004769736677958504,0.000708471260552843,0.00033648319151076487,0.0010074678463767336
2.4910538195223127e-08,8.497888720786992e-06,0.01114832698493569,0.0016392007275823222,0.0007866545543207613,0.002276205262736978
2.4910538195223127e-08,5.407460944288609e-06,0.004890642648671985,0.0011344198330199248,0.0005020302558464628,0.0012758973634454745
2.4910538195223127e-08,1.013667217823831e-05,0.015916637576506253,0.0022421520710955074,0.0013981993196172976,0.00272067456371551
2.4910538195223127e-08,2.7855470426007437e-06,0.007427338395923306,0.0007513002828785474,0.0003530526626144179,0.001192706130212164
2.4910538195223127e-08,9.567054998974188e-06,0.01161518862283369,0.0018645593371168939,0.0012927540225599735,0.002080129680656807
2.4910538195223127e-08,7.287458237022524e-06,0.007206039036220554,0.0006471030244681928,0.00027963619749671114,0.0011428421473425392
2.4910538195223127e-08,3.4162918502767376e-06,0.0069953270959036045,0.0016826965144391276,0.0008049010562204959,0.0017694650156062414
2.4910538195223127e-08,4.392179265017144e-06,0.005933851231506408,0.0011049824817154132,0.0006244201662451015,0.00132252106354699
2.4910538195223127e-08,3.963954046157051e-06,0.004669996342435148,0.0013258543221691817,0.0007809607589104008,0.0014558825830299764
2.4910538195223127e-08,4.2635077325614105e-06,0.008207651156836209,0.0015128246072142453,0.0006850196000370906,0.001860700779801465
2.4910538195223127e-08,2.999788165679471e-06,0.009794515588018558,0.0013285954279358722,0.0006111754646566381,0.0017861680371347459
2.4910538195223127e-08,2.4083877629722074e-06,0.009455239930801976,0.0015204034854376235,0.000591918596802498,0.001972544564118561
2.4910538195223127e-08,2.5986281327061383e-06,0.009023618928486453,0.0013487269687410541,0.0007059841680298129,0.001774749126862554
2.4910538195223127e-08,2.318906855006048e-06,0.012575345345611414,0.0020422864387561832,0.0012294862086879967,0.0024401033439157703
2.4910538195223127e-08,6.239844934531406e-06,0.006776471946492423,0.0011619606943789771,0.0006613777199729273,0.0015251986805771456
2.4910538195223127e-08,3.470471659161449e-06,0.00782740185086628,0.0019412788282683329,0.0014901679787969195,0.001810966113739053
2.4910538195223127e-08,7.589213292279121e-06,0.009541553186586806,0.001529799058989372,0.000628517544185508,0.0018531308436605038
2.4910538195223127e-08,2.3567501583478746e-06,0.010967111149327198,0.0013122781374789074,0.00042595879726315246,0.0022576219656214587
2.4910538195223127e-08,4.343571700511377e-06,0.010110615710626847,0.0016332921010952797,0.0011506935599590001,0.0019365119351440864
2.4910538195223127e-08,2.60149288592789e-06,0.008247061058076155,0.0011817512866027315,0.0005674090348194106,0.0016050656670663827
2.4910538195223127e-08,2.433197127570403e-06,0.007510665564627107,0.0013939912963625385,0.0007052318605736692,0.0016399724754109423
2.4910538195223127e-08,4.845110430393976e-06,0.006792416500557756,0.0012224941347878063,0.0005781157262042418,0.0014504993196912126
2.4910538195223127e-08,6.4964506817428e-06,0.01226977806562291,0.001820967672153716,0.0007563611240872308,0.002548083338358462
2.4910538195223127e-08,8.392890674846548e-06,0.011713820449004745,0.0014563362001228752,0.0006806436090312533,0.00224194794855104
2.4910538195223127e-08,3.7631445174963025e-06,0.0068530426894716995,0.001507247367971675,0.000656509323069024,0.0016584393944193015
2.4910538195223127e-08,7.36053987840582e-06,0.012551408310572236,0.002029994489860913,0.001235171045690374,0.0025321741045022865
2.4910538195223127e-08,7.57922737767998e-06,0.009613687153204844,0.0016219758860550495,0.0008270933196677686,0.002044928824048229
2.4910538195223127e-08,8.177449978208003e-06,0.007468988578458417,0.0013805269938016935,0.0006221857187337148,0.0017203046459249255
2.4910538195223127e-08,3.1556720143546222e-06,0.013267280302557152,0.0018065028520083126,0.0005260814382614148,0.0028953888284295208
2.4910538195223127e-08,3.4789361231616026e-06,0.013924444411972173,0.0014449869056113085,0.00046362456577017305,0.002435406815463164
2.4910538195223127e-08,3.991736166605934e-06,0.008044092776607252,0.0012280745939948381,0.00047508203247232175,0.0017293454737793712
2.4910538195223127e-08,3.4901910788435843e-06,0.00548985676765503,0.0012172374494704625,0.0006648728213806826,0.0014103885328497765
2.4910538195223127e-08,3.835064972827639e-06,0.007779911490872651,0.001778308101075454,0.0014010831783407172,0.0018733315699265933
2.4910538195223127e-08,4.2446578736068646e-06,0.008246359703214122,0.0009684150453799197,0.0004950415737733014,0.0014635330141379176
2.4910538195223127e-08,4.3816957640220536e-06,0.008870686483568766,0.0016415681857894209,0.0010270005041151768,0.0019586194377199024
2.4910538195223127e-08,4.269639616897373e-06,0.014854478508598707,0.0013125629912203154,0.00047862730039622766,0.0024356717705821544
2.4910538195223127e-08,4.577237355047896e-06,0.0051492580844176815,0.0008937170146449473,0.00035209676140901416,0.0012638673752268458
2.4910538195223127e-08,2.6648022415306122e-05,0.009134942350152067,0.0013932966831542216,0.0006185082344784975,0.0016430166002717348
2.4910538195223127e-08,7.442316239123809e-06,0.006023219411642905,0.0014723671219915976,0.0010224918761844828,0.0015315840800510456
2.4910538195223127e-08,1.3987084044099432e-05,0.008959340720356397,0.0013686452148263023,0.0009350680411934075,0.0016285617320084028
2.4910538195223127e-08,4.470796406227512e-06,0.006554939229761744,0.001726096072699467,0.0011969860482964416,0.0015684809126372396
2.4910538195223127e-08,5.813651557004898e-06,0.010155174038047075,0.0011897208826407114,0.00048451528177754724,0.0020249527917036766
2.4910538195223127e-08,7.055119592079678e-06,0.00782596906584388,0.0012150014678856845,0.0008222521685909297,0.0015195497248675363
2.4910538195223127e-08,4.917879668981968e-06,0.010978446368777112,0.0014355008878662945,0.0006344577380672224,0.0021466317102867808
2.4910538195223127e-08,3.4367400066984855e-06,0.007746685930883788,0.0009841725529101683,0.0005125905082536747,0.0013456277755805222
2.4910538195223127e-08,4.649600665599765e-06,0.00956854110769268,0.0011192752336488013,0.00036852798181834934,0.001898424369594977
2.4910538195223127e-08,5.058566020197224e-06,0.0046557026288007765,0.001008327539097075,0.0004638817362481131,0.0011767668329568392
2.4910538195223127e-08,3.4867737639758718e-06,0.007969237655082404,0.0014433761604704593,0.0003745432848090839,0.002118376474954
2.4910538195223127e-08,2.2562056312248206e-06,0.0071619122120252544,0.0014392111591271584,0.0010734771118566062,0.0014933270484896782
2.4910538195223127e-08,3.6227068035079765e-06,0.012694319647738163,0.0015525538743865481,0.000754699808316865,0.002588975043818435
2.4910538195223127e-08,1.7211701836392323e-06,0.013803701187620117,0.0011556619635454386,0.00046730459137546063,0.0020722384083471535
2.4910538195223127e-08,8.59465411853388e-06,0.00922375019353606,0.0009694072563110439,0.0003899942696340457,0.0015666243607286201
2.4910538195223127e-08,1.2783103566486398e-06,0.014478045783714767,0.0013806024400892217,0.0007220411405466235,0.0022783698088197565
2.4910538195223127e-08,1.229957352557782e-06,0.005706659689603546,0.0010786525754966042,0.00044297534717977513,0.0014152564263682362
2.4910538195223127e-08,1.4642134160574518e-06,0.009453330192833913,0.001370886110430003,0.0007965889426043524,0.0018523869950159433
2.4910538195223127e-08,1.3007434917607014e-06,0.009542626712330146,0.0012534545797222066,0.0007284404529095225,0.0017340264764023376
2.4910538195223127e-08,2.963949167356323e-06,0.0037262003257071243,0.0007668592689866926,0.0004320234611931151,0.0009422031939176523
2.4910538195223127e-08,1.5519439438947658e-06,0.007646900118812875,0.001651214102394369,0.0008305873941687985,0.001943323778452225
2.4910538195223127e-08,5.097244038984889e-06,0.004293750976315455,0.0006618472129037741,0.0002788262759148926,0.0008514939292398995
2.4910538195223127e-08,2.438873100277715e-06,0.009061417872587706,0.0012738557509703267,0.000944861406836026,0.001723287177387968
2.4910538195223127e-08,5.050289623827443e-06,0.005370816674584346,0.0012214951066381729,0.0007328195330056693,0.0013245096774762125
2.4910538195223127e-08,1.3327466009697082e-05,0.009126121489403059,0.0014625402003330414,0.0006577089303186203,0.0019245814098504304
2.4910538195223127e-08,3.5651290474317848e-06,0.008235270386978966,0.0008037324923709366,0.0003513325969006073,0.001370339973215638
2.4910538195223127e-08,5.619365015026707e-06,0.00891078003092322,0.0012101347696649952,0.0005215987090074233,0.001725421214229589
2.4910538195223127e-08,8.813255289550011e-06,0.0094036832373134,0.001519067609916203,0.0010577710565869106,0.00196964262772331
2.4910538195223127e-08,1.0388115441123914e-06,0.006492806273124678,0.001038408016853587,0.0004618852510837625,0.0014308458551073558
2.4910538195223127e-08,2.323206112341469e-05,0.00800705815718565,0.0016513655625823563,0.0008706612539021905,0.001964461731841327
2.4910538195223127e-08,2.8725646732729965e-06,0.009150974216045434,0.0010548890697722425,0.0005253863351664871,0.0015419893558347084
2.4910538195223127e-08,4.2371387591135085e-06,0.005820836919586994,0.0013285556740108989,0.0009142014253609213,0.0013442759332588376
2.4910538195223127e-08,1.4834383200955592e-06,0.005736508781369519,0.0011360247566379925,0.0006694101931025448,0.0013933326223941808
2.4910538195223127e-08,3.3416627987633085e-06,0.00565019982272519,0.0007851077596688995,0.00046332804464116093,0.0009554202963332739
2.4910538195223127e-08,3.786978475292592e-06,0.010045228121550884,0.001300564011407068,0.0007211911897629912,0.0017669765025707758
2.4910538195223127e-08,5.1577915105361624e-06,0.008268381920822113,0.0009209498950101265,0.0002776041180224897,0.0014886314188766814
2.4910538195223127e-08,4.152261614209353e-06,0.007470625719781222,0.000948813087220651,0.00046693188630831864,0.00132334435072716
2.4910538195223127e-08,6.767058387386872e-06,0.011037777475220428,0.00110568768065798,0.00046024252620783027,0.0018410408909184507
2.4910538195223127e-08,4.948726594936988e-06,0.010637722498772297,0.0009909513853060545,0.0004063914278658922,0.001735609713172146
2.4910538195223127e-08,5.989841067579987e-06,0.00773236266718085,0.0012957994327328468,0.0009173327719149333,0.001682396219484199
2.4910538195223127e-08,6.80648762159762e-06,0.004414589445433495,0.000900273664312416,0.0007495044423430413,0.0009228358723878552
2.4910538195223127e-08,2.679733824279223e-06,0.006939449820666747,0.0013242831823140006,0.0006478722537813458,0.0015924564919182617
2.4910538195223127e-08,5.177405747415315e-06,0.003403179020775738,0.0006424892780478784,0.00028374120959234034,0.000766020988614377
2.4910538195223127e-08,2.097742189391759e-06,0.011298055351600706,0.001613312854634239,0.0009571409596918191,0.0021292512384034207
2.4910538195223127e-08,6.375092509439816e-06,0.003346908723381823,0.0005779510589173412,0.00026309666864873435,0.0007092568512449902
2.4910538195223127e-08,2.731308850934068e-06,0.010113319475647666,0.0017765493563407242,0.0009331988782744708,0.0021725022542545807
2.4910538195223127e-08,5.44554352190536e-06,0.006848244962134127,0.0008132430239204055,0.0004713832672539373,0.0011479274463535368
2.4910538195223127e-08,6.678235615126779e-06,0.006192440211553527,0.0012598896566603079,0.000532248898045303,0.001581099279527515
2.4910538195223127e-08,8.951556377963401e-06,0.0059212162535143146,0.0011066588604811043,0.0007084673887868749,0.0011416317591476175
2.4910538195223127e-08,6.620569835025137e-06,0.010419895222120397,0.0012854304210667914,0.0006308536711479575,0.0019287991544973614
2.4910538195223127e-08,4.996088917958155e-06,0.015306518795053247,0.0015671341220431243,0.0007833966457982491,0.0024579520476340445
2.4910538195223127e-08,7.161468419029087e-06,0.003381595862468436,0.0008317338550973646,0.00040527462336880976,0.0009114254633538395
2.4910538195223127e-08,7.004333240846673e-06,0.009192647447527626,0.0010420712968756292,0.0006624533005424247,0.0014275727381292487
2.4910538195223127e-08,5.577979325502857e-06,0.0034243034287228403,0.0005641070403990876,0.000271766278861942,0.000789964259148375
2.4910538195223127e-08,5.283136241409062e-06,0.0034925782226046137,0.0008443838225959622,0.00045871965648135697,0.000915681762194724
2.4910538195223127e-08,1.2466614129669457e-05,0.0056052190851720845,0.0010623064293965746,0.0005412450467705097,0.001290666434526141
2.4910538195223127e-08,4.895261710339384e-06,0.0037147939077186313,0.0006532523245860826,0.0003747220287629743,0.0008705840476693849
2.4910538195223127e-08,8.454111765825635e-06,0.0075674790421064965,0.0012073881038599044,0.00048023379014324586,0.0016332015727415067
2.4910538195223127e-08,1.0173741016379997e-05,0.004962508789424899,0.0010258869646831027,0.0007184104359421596,0.0011163538218365789
2.4910538195223127e-08,8.973168739192424e-06,0.008627944494013997,0.0015316890690622834,0.0008918579114122033,0.001787791846435128
2.4910538195223127e-08,1.1292485099175139e-05,0.00490830143551668,0.0007021020152964613,0.00033612420960349237,0.0010035143683002298
2.4910538195223127e-08,1.370135732307901e-05,0.00542307536689959,0.0012728017149535747,0.0008367226692937116,0.0012683848740821415
2.4910538195223127e-08,9.24993731262909e-06,0.006825432498756357,0.0010901448658355492,0.0005747147912476241,0.0014092858480543422
2.4910538195223127e-08,1.3690553946750128e-05,0.0063495667812408845,0.0010936946448006023,0.00044954239375297406,0.0016199569447338982
2.4910538195223127e-08,1.1442882369942054e-05,0.009161350213408094,0.0014499646272398733,0.0004273752081270863,0.002232082214252057
2.4910538195223127e-08,3.923645546963249e-06,0.007987761059647205,0.0011263546273072155,0.0006030735838128845,0.0013842924204707104
2.4910538195223127e-08,9.48155404647573e-06,0.00884129376846794,0.0009825302719562049,0.000422416254629572,0.0015093158915719248
2.4910538195223127e-08,1.0811991199470273e-05,0.00393236498980807,0.0006833592639256128,0.0004741196075829748,0.0007543041476531099
2.4910538195223127e-08,9.726314185153935e-06,0.0056704810946388295,0.0009588553877141172,0.00037380118575091703,0.0012255611059267446
2.4910538195223127e-08,9.418058530876516e-06,0.0023254477769129346,0.0005511015443576623,0.0003329275255470136,0.0005855865741252063
2.4910538195223127e-08,3.5381791124813755e-06,0.0057613003263310225,0.001158412926229807,0.0007348755990315117,0.0013874570378975032
2.4910538195223127e-08,6.413394154049453e-06,0.003595625925356492,0.000844701417562415,0.0005555797521676957,0.0008393944676480211
2.4910538195223127e-08,7.646688080065137e-06,0.006349598296450607,0.0011780428390137298,0.0004545174554422574,0.001460651071072934
2.4910538195223127e-08,8.118022357990233e-06,0.01168863124161675,0.0013597264147066437,0.0007170338625845871,0.001969756249676952
2.4910538195223127e-08,8.934355635982214e-06,0.003942301856007946,0.0006630616828519675,0.00032094753048949356,0.0008077442047846345
2.4910538195223127e-08,1.1708055257870759e-05,0.008963638402745685,0.0016659976402071902,0.0009694576243509372,0.0019279021820050664
2.4910538195223127e-08,7.667182808255702e-06,0.003661278280256294,0.0006907755852906281,0.0003679226082595418,0.0008712369947369987
2.4910538195223127e-08,9.241576023085547e-06,0.006002236166965546,0.0014334541120874145,0.0008776751127772315,0.0015219160156256916
2.4910538195223127e-08,4.786380688286261e-06,0.003200903411094145,0.0007745335753803227,0.0003289896271296548,0.0009384964842504132
2.4910538195223127e-08,3.470385474702591e-06,0.007462012783726271,0.0012974946532399493,0.0008294401245738784,0.0016859566469491483
2.4910538195223127e-08,3.0981786340561024e-06,0.0054181586385446245,0.0006652929474738506,0.000354194252151587,0.0009427599428945953
2.4910538195223127e-08,8.378470103950732e-07,0.011226150480780713,0.001172092291305838,0.00032709842154271827,0.001944338280784603
2.4910538195223127e-08,3.0861259101648497e-06,0.005218902356621224,0.000620458925438672,0.00018516678627433693,0.0011604206593531369
2.4910538195223127e-08,1.1449177181711101e-06,0.005916690995113599,0.0012734046927584122,0.0008423451210327656,0.0013823775790337794
2.4910538195223127e-08,1.2598173269636878e-06,0.002139030260079035,0.0004773628195907223,0.00023903059121015006,0.0005751913244738226
2.4910538195223127e-08,3.314074917755858e-06,0.01100198203680526,0.001325366978530248,0.0004689390170329786,0.0019830107192915433
2.4910538195223127e-08,2.364031245711604e-06,0.010501101222836163,0.0008651938455194582,0.00024883477446204346,0.001726514960189531
2.4910538195223127e-08,1.081261514316799e-06,0.007131578237898149,0.001255500158094633,0.0005905650105889216,0.0016483871675864225
2.4910538195223127e-08,4.678176374305462e-06,0.005520066313769001,0.0011207115922108335,0.000646570182640777,0.0014777543627114199
2.4910538195223127e-08,1.8630232893665998e-06,0.009336405679355265,0.001251426159971861,0.00046189960192494824,0.0017689047620934454
2.4910538195223127e-08,6.803250509863618e-06,0.006502661734701215,0.0006447477374889583,0.000181481076733213,0.001137690879278366
2.4910538195223127e-08,2.189660405706372e-06,0.005310540784473525,0.0011260430310553226,0.0007200330858900999,0.0012065647981077327
2.4910538195223127e-08,3.5908111044428865e-06,0.005017345818473317,0.0005950439805427426,0.00030732255946335776,0.0009543490152247417
2.4910538195223127e-08,5.6972793638408185e-06,0.00524640859375695,0.0008975047842885032,0.00032976357990382234,0.0012456704612962032
2.4910538195223127e-08,5.829628146088442e-06,0.007397135112840134,0.0010061609652167313,0.000411419588326638,0.001413281616966844
2.4910538195223127e-08,4.8274024574516656e-06,0.005959176022191051,0.0007784928489270391,0.0003681544257763725,0.0010911211356092391
2.4910538195223127e-08,1.6149646283372102e-07,0.005049253500671675,0.0006775170981832671,0.0002665839518015955,0.0010453982329702385
2.4910538195223127e-08,1.0820106904989363e-06,0.009933591782150761,0.0009198530857503649,0.00037369764052648665,0.0016597616117291743
2.4910538195223127e-08,7.150986992363868e-07,0.0057333674114954805,0.0007152925198915165,0.00024001710873157103,0.0011563268602709815
2.4910538195223127e-08,7.197194320317765e-06,0.006016344613965857,0.0009549304821758588,0.0004585546843284508,0.001161427601853847
2.4910538195223127e-08,1.945334472733681e-06,0.0034839871435852305,0.0005926197308733296,0.0002141381426601606,0.0008203884707768226
2.4910538195223127e-08,9.343376144782826e-08,0.007663810581264547,0.001265737724402344,0.0006402781106294225,0.001674168616816871
2.4910538195223127e-08,6.12837008179517e-07,0.006029129921099252,0.0007347202012958593,0.00037480123896982897,0.0010882601291322374
2.4910538195223127e-08,1.7455019932401855e-07,0.008234695542751242,0.0011030542822177422,0.00045258372236562,0.0016913991825650053
2.4910538195223127e-08,8.850040063971602e-07,0.0098387406158112,0.001338107570215119,0.0004582349309789531,0.0021537340042200787
2.4910538195223127e-08,8.269486549507288e-07,0.003958639613639477,0.000859913559564077,0.00036288663364819157,0.001074127465591986
2.4910538195223127e-08,1.1076079299644684e-06,0.0071579075211827495,0.0013602670652099772,0.0009431086239101509,0.0015237777207322734
2.4910538195223127e-08,9.252504452478997e-07,0.005592531654192523,0.0006054768587038734,0.00019772029606382002,0.0009779254570489765
2.4910538195223127e-08,1.7702515784164983e-06,0.0051034264607215385,0.0010923699690551477,0.000691963671063544,0.001123933530854304
2.4910538195223127e-08,2.4129431166511163e-06,0.002283149838300733,0.000496461600621462,0.0002706321237612312,0.0005913868837689651
2.4910538195223127e-08,2.5653329050061675e-07,0.004473247187356588,0.0011783792140069077,0.0009669020664257804,0.0011517624863091067
2.4910538195223127e-08,1.9676026852236403e-06,0.0035955573335651105,0.000720030105074898,0.000515981724313214,0.0008413992726255017
2.4910538195223127e-08,6.691893522329629e-07,0.006529731275092433,0.0009351451673003373,0.0005235440285557942,0.0011579674840905517
2.4910538195223127e-08,7.232127227267984e-07,0.007390273450919159,0.0007143689625784663,0.0004275608069034976,0.0011463388824146724
2.4910538195223127e-08,1.8442983631675113e-07,0.0066192578366156465,0.0009874849625322514,0.0007083593552646099,0.0011370944742980754
2.4910538195223127e-08,4.3202076368131625e-06,0.008996772352556841,0.0007414130162731889,0.00032406177709785135,0.0013420411305185894
2.4910538195223127e-08,8.459306934330965e-07,0.009197942316522456,0.001025604766614485,0.0005507790331096255,0.0015066871638246262
2.4910538195223127e-08,1.2240042261701786e-06,0.0029701745271572115,0.000637666443409011,0.00022848586257097738,0.0007992168525292513
2.4910538195223127e-08,1.5474457648645623e-06,0.004905590106938242,0.001087581217773643,0.0006443008269765411,0.0011559712019945025
2.4910538195223127e-08,1.3479149957422208e-06,0.004251835232521069,0.001056705046856723,0.00048231572845149897,0.00118602116242853
2.4910538195223127e-08,3.741315941507471e-07,0.004908634009462923,0.001043494138870365,0.00045108507971248124,0.0012945244676848895
2.4910538195223127e-08,1.0669270574292705e-06,0.0035210387517649656,0.0009689323736749334,0.0005642407294450905,0.0010243443840061523
2.4910538195223127e-08,2.708626931528883e-07,0.004656409114339924,0.0010259825744856376,0.000664231938757703,0.0011309567166047118
2.4910538195223127e-08,7.502842624170788e-07,0.0024404508465356595,0.0007004314579538978,0.0004688832349833989,0.0006819203603440497
2.4910538195223127e-08,1.6186570794162865e-06,0.009149031914223334,0.0016522628495384871,0.0010871225406803627,0.0018783861116221008
2.4910538195223127e-08,1.0807073718734092e-06,0.013491283066266692,0.0008221338117436705,0.00024380218033813445,0.0020157956561387704
2.4910538195223127e-08,6.177847992640787e-06,0.005040076586558332,0.0008653686833735184,0.0002826782485602689,0.0012544889090861527
2.4910538195223127e-08,7.638732069157628e-07,0.00684158200859831,0.0008335703345080367,0.0002871832627482844,0.0012157048279849852
2.4910538195223127e-08,2.3430651131520916e-06,0.005526466960999374,0.0007818198327362105,0.0001964590062786547,0.001314702798447807
2.4910538195223127e-08,2.3974954351145125e-06,0.0036344092839172572,0.0008043233254441774,0.0005263969483140904,0.0008561312945409796
2.4910538195223127e-08,1.7590629518624383e-06,0.006030696141780359,0.000692459639072409,0.0004297251047610047,0.0009918782755905264
2.4910538195223127e-08,1.8556893309794713e-06,0.009161818388681298,0.0006636457836847357,0.00030471945710683736,0.0013684246979000167
2.4910538195223127e-08,1.9220372556498477e-07,0.0016825968901279511,0.00038673820297962494,0.00018717731185294344,0.0004633807664814348
2.4910538195223127e-08,1.389146320935574e-05,0.004908908575572527,0.0010400973793885744,0.0007157788447282367,0.0010360701997817298
2.4910538195223127e-08,3.6371247902446455e-07,0.0035472668722332755,0.0004428391394878837,0.0001955385531724814,0.0006976277195757271
2.4910538195223127e-08,8.765843042468969e-07,0.005636527461539827,0.0009689541836661007,0.0002789819975301121,0.0014275249724074281
2.4910538195223127e-08,3.621327346953368e-07,0.004271969837909046,0.0008059128535710306,0.0004969151022862063,0.000851997150456507
5.5642718848250714e-09,5.5642718848250714e-09,0.005176708122555082,0.0006045078917542113,0.0002632601932190232,0.0008853770167955787
5.5642718848250714e-09,4.397920144427747e-08,0.003410815334163332,0.00036908465691932806,9.876692785765307e-05,0.0006508641227264971
5.239580554633808e-09,5.239580554633808e-09,0.0019961554671468654,0.0006008732712442674,0.000415821808994003,0.0005799377005392172
5.239580554633808e-09,4.2919573047741914e-07,0.004387538968144189,0.0007788232950165266,0.0004208245270073115,0.0008880357187366062
5.239580554633808e-09,8.407236885425313e-08,0.0033907315800339624,0.00044894385956973005,0.0002443848825881401,0.0006363424490695585
5.239580554633808e-09,3.451699255699176e-06,0.004333107677462935,0.0007657522787851542,0.0005034557436102352,0.000868628842609473
5.239580554633808e-09,9.372665248940761e-07,0.0020760336608168267,0.0005433492649060334,0.0002745436302602736,0.0006263493394222096
5.239580554633808e-09,2.8094304249570554e-07,0.005100310303565597,0.0010150320550957525,0.0006574423051401159,0.001110312037853478
5.239580554633808e-09,7.740366038574398e-07,0.00301020846829216,0.0003851439565554056,0.00017310672680433942,0.0005749107741814337
5.239580554633808e-09,4.499260589394608e-07,0.004055195334901324,0.0006501463760296639,0.0005718798028545927,0.0007076537012860994
5.239580554633808e-09,4.33862989597482e-06,0.007547990383881819,0.0006324783442321862,0.00022777791209464457,0.00114601314892331
5.239580554633808e-09,1.2000634009022233e-07,0.0027519863741213755,0.00047162311827950415,0.00024564846276619906,0.0006068116203504381
5.239580554633808e-09,6.336112821684976e-07,0.003500758179643133,0.0006734358562744284,0.00036238660941680605,0.0008673776309261223
5.239580554633808e-09,5.471365408198466e-06,0.004742527611442748,0.0005089017683235574,0.0002972646078062788,0.000730437063896511
5.239580554633808e-09,9.780514563583065e-07,0.0060228295851950005,0.0007549213072293521,0.0002566401809420067,0.0012566917656639828
5.239580554633808e-09,4.7248494051302565e-07,0.004536984022363768,0.0005872226529688722,0.00017527249316657753,0.0009520960775510819
5.239580554633808e-09,1.0406360536408502e-06,0.002634887925591833,0.0005613307978339058,0.0003902628446708035,0.000658742993886033
4.464052482190584e-09,4.464052482190584e-09,0.0033808470245440987,0.0005791252084348715,0.00026833699859456174,0.0007341634337983701
4.464052482190584e-09,2.7300337895524294e-07,0.007649843550719307,0.0008122139134342113,0.00040762443742824183,0.0012789694489552255
4.464052482190584e-09,2.141954200392873e-07,0.0035582330382786663,0.0005074288748935799,0.00021906327443310414,0.0007009132294471753
4.464052482190584e-09,5.473142898538438e-06,0.008295261518703478,0.0007510654783618463,0.0002553681615743769,0.0012898062912106811
4.464052482190584e-09,4.427912525724915e-07,0.004775461369033933,0.0005655251435535383,0.00028888336931577564,0.0008293610844668712
4.464052482190584e-09,2.9713906738334337e-07,0.004565145172891601,0.0006867131173038334,0.00032858347835160856,0.000946564512729541
4.464052482190584e-09,2.0778131974409265e-07,0.0031099328461902027,0.000491405468901985,0.0002502551864093063,0.0006177119460696936
4.464052482190584e-09,2.2207930177305626e-07,0.004603339511808648,0.0007401367796057379,0.0003983954779696896,0.0009286224804661405
4.464052482190584e-09,1.2496864658166365e-08,0.002886458918624813,0.000391909838751799,0.00011836247812390142,0.0006368160783572942
4.464052482190584e-09,9.326400220976169e-07,0.0063785559321563635,0.0008182741103776667,0.0004344345582335445,0.0010399972541945996
4.464052482190584e-09,5.067983764355634e-07,0.004092460614180795,0.0004006320158413155,0.00018724472018667165,0.0008038753232547341
4.464052482190584e-09,2.6788046386697813e-06,0.004904525619172121,0.00047975732444489904,0.0001414744045269541,0.0007962448586201006
4.464052482190584e-09,1.4648708567420315e-07,0.0023601581573202187,0.0005048672286208173,0.0003359975565913544,0.0005076891168934988
4.464052482190584e-09,1.0611338159019158e-07,0.002958008264034366,0.0005264783060854718,0.0002609131165063938,0.0006905590593689737
4.464052482190584e-09,5.621885429577959e-07,0.0021944216714047116,0.0004014551512198934,0.000180801703062328,0.0005010716813855146
4.464052482190584e-09,1.821018408098529e-07,0.004512879898483448,0.0006460201217337303,0.00022281719035507555,0.0010332628673559682
4.464052482190584e-09,1.5463619282268654e-07,0.0038668703289387943,0.0005412500220026154,0.0003381703239286304,0.0006633936157236472
4.464052482190584e-09,1.7282983575542938e-07,0.007530875485452003,0.0007567364407872426,0.000361681673612525,0.0012257675315289324
4.464052482190584e-09,6.656745908042181e-08,0.00890872828931462,0.0005796087682660616,0.00013848130274596348,0.0012937173581278859
4.464052482190584e-09,6.893226723522928e-07,0.0022090152036421877,0.0004600303419508619,0.0003873277155927214,0.0005153866973101152
4.464052482190584e-09,1.98140735422843e-06,0.009597422481622337,0.0007764090350406898,0.00044561741414036576,0.0014657594569441323
4.464052482190584e-09,9.13505178367682e-07,0.006454290055840496,0.0003962435953304756,0.0001189695808991853,0.0009457429500173011
4.464052482190584e-09,1.087495538491116e-07,0.003399535642556826,0.0005468622421757141,0.0002527258436937639,0.000675188537033467
4.464052482190584e-09,1.4404359277512047e-06,0.002900349453921228,0.0003594979775296412,0.00019866146600547492,0.0005482036387294388
4.464052482190584e-09,2.3598365277751085e-07,0.005081026357895198,0.000556611584049991,0.00024026328378823396,0.000858074390693924
4.464052482190584e-09,1.494208621246302e-07,0.0023836845042681616,0.0005735365544283305,0.0003740657698945162,0.0006397645640627988
4.464052482190584e-09,9.855690373175494e-07,0.0038528827635531614,0.0007016893132258221,0.00029008258230574723,0.0009149032098780691
4.464052482190584e-09,1.3699999017014839e-06,0.0035691633719617,0.0007082365116649748,0.00042704709615789583,0.0008059573877332552
4.464052482190584e-09,2.636006484439293e-06,0.007987895264722154,0.000698019346899206,0.00031070514286989814,0.0012122077779169566
4.464052482190584e-09,1.0126381736939855e-06,0.0024096308216123596,0.0004118388901880952,0.00024843381060346293,0.0005028269209658751
4.464052482190584e-09,1.7734096227025492e-06,0.004999327308609946,0.0005254280777746979,0.0002708884249297671,0.0008025979633573229
4.464052482190584e-09,6.829338866685981e-07,0.00319931407470506,0.0005703462974985482,0.0003480158176277109,0.0006474434728847579
4.464052482190584e-09,9.442933562423074e-07,0.003370071073153637,0.0005539426135296229,0.00019784947603785038,0.000829661709265001
4.464052482190584e-09,6.747415596492314e-07,0.002503000288148044,0.00044132400564733063,0.00022003258032828754,0.0005517359092839625
4.464052482190584e-09,8.756634573958115e-07,0.006582559309566092,0.0007037782295472514,0.00048237203018749227,0.0010003434450740949
4.464052482190584e-09,8.27187298075466e-07,0.0034826332563012317,0.0004252815362796808,0.0001388086471629225,0.0007116302035697783
4.464052482190584e-09,6.4296035273221e-07,0.005494892643575929,0.0007199216972172462,0.0002557915697121993,0.001105006175772362
4.464052482190584e-09,1.5505343338421993e-06,0.0026491177233389615,0.0005368398778772408,0.0003518680302014239,0.0005797382978556104
4.464052482190584e-09,5.046752216040571e-07,0.003217542613131162,0.0006679579577429717,0.0003483175930840266,0.0008618867432865067
4.464052482190584e-09,7.310778571421648e-07,0.004289169629854164,0.0006752199546367172,0.0004834762582486676,0.0008062823312965286
4.464052482190584e-09,1.3605733661779609e-06,0.004373020582502017,0.0006581826947649025,0.0003011638210013357,0.0009289773493960663
4.464052482190584e-09,3.2647376111525225e-07,0.0036427793955034755,0.0005071144901358442,0.0001131960864109623,0.0007527077098994694
4.464052482190584e-09,1.0874620812807607e-06,0.004180051976628258,0.0005295995892718793,0.00013635628795478422,0.0007958364314016261
4.464052482190584e-09,6.100520615257799e-07,0.005092983332604525,0.0005251361801600645,0.0001357112307490985,0.0008707494859665018
4.464052482190584e-09,3.4535251801240043e-06,0.004516433930708775,0.0005275201628841018,0.00021200170631579062,0.0008876179337385422
4.464052482190584e-09,1.976631950333904e-06,0.004605448697483046,0.0004895447794911383,0.00027491996078253056,0.0007426595030367255
4.464052482190584e-09,1.7964058568832903e-08,0.00455736053581889,0.00046521091321061344,0.00013763244494711572,0.0007976430830975282
4.464052482190584e-09,1.3406354993892115e-07,0.0018957719711033185,0.0003174878470977882,0.00019210341608309414,0.0003710826519836365
4.464052482190584e-09,1.558394031475678e-07,0.003287977054479629,0.0006616700901217003,0.0004452027097858099,0.0007838915555245715
4.464052482190584e-09,9.94240414642357e-07,0.00319928428691858,0.0005696396941203228,0.0003422867355514242,0.000695052138176371
4.464052482190584e-09,1.262196411531473e-06,0.002133631550162424,0.0005976213284845716,0.00027314765743742357,0.0006200936420351119
4.464052482190584e-09,4.5008702537587695e-06,0.002912326979767765,0.0005624229063523637,0.00023833054990119582,0.000673528851506474
4.464052482190584e-09,1.191019991086138e-06,0.0037552122797302645,0.0004411567313456371,0.00020893200968039982,0.0007240286314606842
4.464052482190584e-09,8.146610371429801e-07,0.00384072157286613,0.0007220427696142419,0.00040101067812516186,0.0009130148205680372
4.464052482190584e-09,2.039626273668326e-07,0.004786420307999532,0.0004513253550172254,0.00018418297226695756,0.000780980565904078
4.464052482190584e-09,7.520963398465858e-07,0.0028652151534678386,0.0004989257485195231,0.00036938334181985387,0.0005799693668842266
4.464052482190584e-09,7.68931563913856e-07,0.0029185156425389244,0.00047331806714314784,0.0002877215552514446,0.0005831569420654989
4.464052482190584e-09,1.6149188149312139e-06,0.004647635529607501,0.0004791127770361519,0.00022392225710062894,0.0007630635191179598
4.464052482190584e-09,1.917642937451135e-06,0.00726717133962634,0.0005146883973828334,0.00013315548731646304,0.0010823518471404718
4.464052482190584e-09,3.570391233539492e-06,0.0027980596887095264,0.0004252537063442016,0.00024343642723764555,0.0005419145705147264
4.464052482190584e-09,3.3264508797322537e-06,0.0034053557506877347,0.0005807619751976495,0.0001680724758550713,0.0007842769355076539
4.464052482190584e-09,9.484811356808235e-07,0.002496891455216376,0.0004623883228749689,0.00023163679281253629,0.0005935860841689863
4.464052482190584e-09,5.199075969858693e-07,0.0021428898780242295,0.0005138636434875394,0.00029260461308196683,0.0005785398050790332
4.464052482190584e-09,1.3733557748724921e-06,0.0026136842329746728,0.0005154310668581721,0.0003045168354049076,0.0006035447939609358
4.464052482190584e-09,1.9202703357896402e-06,0.0030118007106094765,0.0004912173406301975,0.0002761514266444973,0.0005790177272041432
4.464052482190584e-09,7.210729905417209e-07,0.0023573358654814455,0.0005626561113686594,0.0003273448782397031,0.0006305128553120861
4.464052482190584e-09,1.400235744125617e-06,0.005003432525807487,0.000911057835225226,0.0005392167320283285,0.0011384900087676164
4.464052482190584e-09,1.8128363406622207e-06,0.004716862264308126,0.0005568493797762031,0.00022890320974067413,0.0008325300980342507
4.464052482190584e-09,2.343332705948963e-06,0.0031083533718259844,0.0006782360729975288,0.00039940646192820005,0.0007414864669822691
4.464052482190584e-09,3.231645931404151e-06,0.004061120480867861,0.0004216120253323375,0.00019080344569354714,0.0006757245453615433
4.464052482190584e-09,5.763474184752169e-06,0.0039622072393364245,0.0008268642641711692,0.00043509921984501837,0.0009674498450047155
4.464052482190584e-09,1.4956009245487007e-07,0.003069045934903753,0.0006406232025351117,0.0004305969484267344,0.0007011547372574687
4.464052482190584e-09,1.5151243735439257e-06,0.004371900780521251,0.0005499846704367106,0.00017339007320668935,0.000807066967628059
4.464052482190584e-09,3.773500292455816e-07,0.003058736960238509,0.0005875440646537078,0.0003410686181485208,0.0006868972576768496
4.464052482190584e-09,2.523338658379367e-06,0.002596713744516815,0.0003037911302780169,0.00020658910820459556,0.0004275268933902761
4.464052482190584e-09,8.188107745717777e-07,0.0032342267221311125,0.0006504741832926877,0.0003470604767064358,0.0007451547933449774
4.464052482190584e-09,1.08026583438358e-06,0.0014827333301685747,0.00042439249769382755,0.0002149133266571242,0.00044081694290301886
4.464052482190584e-09,7.916174458570825e-07,0.0027741765602031653,0.0006152784470284358,0.00025402573555133,0.0007551781544626322
4.464052482190584e-09,2.404756408301115e-06,0.0016353264661847385,0.00036690832365570206,0.0001875626367860056,0.0004044021898652254
4.464052482190584e-09,1.6431050725628178e-06,0.0017454183025375125,0.00041083215971534346,0.0003036017439896512,0.0003995161152670803
4.464052482190584e-09,2.874270748072705e-06,0.0018547051032959173,0.0003318023131292555,0.00021358420524125537,0.000396788992887686
4.464052482190584e-09,1.9057756719360303e-06,0.002440614630237706,0.0004983208380046351,0.0002828560298143985,0.0006121282932268317
4.464052482190584e-09,1.2308059548078009e-06,0.0014268005405826342,0.00034661968682196177,0.00024614745879616696,0.00041059222251440755
4.464052482190584e-09,1.1976246276755584e-06,0.0023235428312160028,0.0004997139207944408,0.00022025457216675123,0.000609590518437561
4.464052482190584e-09,2.3872564999576263e-07,0.0023571334528499407,0.00035933127743621924,0.00011804036179204629,0.0005718863615288748
4.464052482190584e-09,1.1094760558757327e-06,0.004276226163415593,0.000588297957470087,0.0001823219344948529,0.0009455035602635238
4.464052482190584e-09,7.446238228161533e-07,0.004439733585566189,0.00047794337267741344,0.00023234836291771861,0.0007486583808266661
4.464052482190584e-09,2.108182579499532e-07,0.00264372761510066,0.0003640478327733248,0.00014727043414709926,0.0005082646525538245
4.464052482190584e-09,1.7433558856548872e-07,0.004644187612133763,0.0004369111261826274,0.00016225178128919897,0.0008121345031352548
4.464052482190584e-09,5.650749559890713e-07,0.003570658950391236,0.0004903552902057408,0.0002551401887574051,0.0006630144560090035
4.464052482190584e-09,1.374265049385054e-07,0.0015239718711820523,0.00022985666851966922,0.00010098160798731291,0.00033020110450765174
4.464052482190584e-09,1.2369268866462996e-07,0.0019991063875084026,0.00035266157676868976,0.00019238450416348996,0.0004219074704055579
4.464052482190584e-09,4.64772505642654e-08,0.0018622396322192727,0.00021311676807205242,7.59611290434129e-05,0.0003266730708486686
4.464052482190584e-09,1.528711219732738e-07,0.00130289244331042,0.0003413436049879301,0.00026889813132637626,0.00032671872078070773
4.464052482190584e-09,1.49464774674982e-07,0.002087766377907287,0.00038995870400361873,0.00017323493940646213,0.0004651021196610453
4.464052482190584e-09,1.443643782638053e-07,0.001317096085982892,0.0002527018358677043,0.0001760439810660843,0.0002760376247177355
4.464052482190584e-09,1.498530672825536e-07,0.0021307238268941982,0.000388500217069586,0.0001640594712259404,0.0005048641720603063
4.464052482190584e-09,1.105341908463747e-06,0.0015946049020781853,0.0002715183781166969,0.00018942028596288064,0.0003399718755871102
4.464052482190584e-09,7.171615334978577e-07,0.0013384484714279196,0.0004619894999086767,0.0004026547491597311,0.00040124196024727193
4.464052482190584e-09,1.2107346338781354e-06,0.002098197368257307,0.00035422829469512767,0.00017120004034565034,0.00042631834066744957
4.464052482190584e-09,6.159900492158714e-08,0.0019448484776336573,0.00031165325008427355,0.000139316809662607,0.0003841694365541249
4.464052482190584e-09,5.6643045117163745e-08,0.00201328560485952,0.0002822174635743401,0.00015365393111087104,0.0004077667680292754
4.464052482190584e-09,2.4769599090083075e-07,0.002547394403570427,0.00032179217224965237,0.00011177533646851477,0.000464614653859482
4.464052482190584e-09,3.22123909256663e-07,0.0015848333458560965,0.00022359366965904958,0.00011785870221518645,0.0002876804973497113
4.464052482190584e-09,1.62769827993633e-07,0.002673358728996963,0.0003515016362220138,0.00018587188565266725,0.0005409837879682014
4.464052482190584e-09,8.957020818052217e-07,0.0033731326716036143,0.00036559499332691157,0.0002026874181787053,0.0005771743173986846
4.464052482190584e-09,3.3523160278156456e-07,0.0026178645530166487,0.00030256441404945045,0.00020030567456624673,0.00041453940282019675
4.464052482190584e-09,1.7377928724503688e-07,0.002897424089438317,0.0002725111174140969,0.00010012742376913728,0.0005044015056291065
4.464052482190584e-09,7.653142134195112e-08,0.004149652256999728,0.0005276978719102556,0.0002549599328751529,0.000738269697942782
4.464052482190584e-09,1.8219929022030048e-07,0.0034063738685694315,0.0004240780219695705,0.0001319492540002756,0.0006471404730047933
4.464052482190584e-09,2.51851915533085e-07,0.0016107916363326577,0.00041234554733594794,0.00022129961469777098,0.00044055707358652034
4.464052482190584e-09,3.1677550949635757e-07,0.002921973093694708,0.0005493405662294828,0.00025025275406098213,0.0007407470981588911
4.464052482190584e-09,6.991864282755012e-08,0.001549904603418135,0.00041197551894733923,0.00022803811306559697,0.00043310624642556387
4.464052482190584e-09,3.910778983828231e-06,0.004001324568969721,0.0006380259571064644,0.00031349298932305974,0.0008223194613385724
4.464052482190584e-09,1.731933915662184e-07,0.00395181563491768,0.00043047888349169515,0.00019306395601909323,0.0007034841501730934
4.464052482190584e-09,4.5902087910970856e-07,0.001084574296015035,0.00024804589306864726,9.373569772696286e-05,0.00029951716519654916
4.464052482190584e-09,4.134516603762924e-08,0.004020547210650015,0.0005334652957574575,0.0003216425911366596,0.0007277255388889082
4.464052482190584e-09,6.28416107959118e-07,0.002102919858747304,0.0002500747851702672,0.00010226776365699042,0.00042982739034003593
4.464052482190584e-09,2.4462688465288696e-06,0.0024591128741535393,0.0003851562036185324,0.00021438421526842385,0.0004882482176800723
4.464052482190584e-09,5.104993603735158e-08,0.002220269606667947,0.00029567359478220275,0.00016586818786739596,0.0004101075909846599
4.464052482190584e-09,2.151380450553903e-06,0.003028945552369136,0.0003448772903199461,0.00017994312292565022,0.0004898207223377838
4.464052482190584e-09,4.6897591575072156e-07,0.005697990344933323,0.00032919993230205377,0.00011911989824931934,0.0008128402869337182
4.464052482190584e-09,1.3585563462424016e-06,0.001762110211716146,0.0003334630429252091,0.00016724292197372055,0.00039702519473099247
4.464052482190584e-09,1.4496680727042019e-06,0.0020773893669839873,0.0004427510657465318,0.00020224014038058258,0.0005454376500987224
4.464052482190584e-09,3.754774493666673e-06,0.001780933191393664,0.0003233400371142451,0.0001413930590262398,0.00043631653177898095
4.464052482190584e-09,1.3475566843657124e-06,0.0029718694973798437,0.00046303040645157944,0.0001932692621560594,0.0006838980193045291
4.464052482190584e-09,1.874177840116914e-06,0.0042532586306743645,0.00044110661461526057,0.00019493590679557095,0.0006678731281860261
4.464052482190584e-09,1.8349549782137053e-06,0.001931567706384632,0.0003655706537411381,0.0001154317075023269,0.0004741350027615532
4.464052482190584e-09,1.7412647584184415e-06,0.003325608354332203,0.0004726768579817764,0.0002446906473206548,0.0005982170487712309
4.464052482190584e-09,2.111697585733225e-06,0.002839495400779534,0.00038834805903971724,0.00016245609755226946,0.0005830845869257759
4.464052482190584e-09,2.1037806577230156e-06,0.0020598317195230434,0.000424395697466184,0.00011124007894668423,0.0005419412715009857
4.464052482190584e-09,1.6095498574066177e-06,0.0024134268142856938,0.00031205752098941824,0.00013573458611409211,0.00047959877931025334
4.464052482190584e-09,2.81917875373029e-06,0.0020053555793241563,0.00034734338655890035,0.00010107732040924458,0.0005069454578230826
4.464052482190584e-09,4.243765839785811e-06,0.0016473789950978359,0.0003697421524901569,0.0002049202225587636,0.00040968312766053995
4.464052482190584e-09,2.7655390248714353e-06,0.001637875167784496,0.000386679089370622,0.0001567734845580311,0.0004573481672266227
4.464052482190584e-09,4.627046463346221e-06,0.0027365626452445974,0.00044611145040083545,0.00023582125103835727,0.0005501754948700153
4.464052482190584e-09,2.5869980252687147e-06,0.001200378612361418,0.00024811975329521634,0.00013438242893436248,0.0002742339237579788
4.464052482190584e-09,3.3607714857371998e-06,0.0018645519687237868,0.00044724677233141767,0.00020058092203927865,0.0005081760297791683
4.464052482190584e-09,2.4906609816457986e-06,0.0010525468583500851,0.00023170937253815153,0.00011213993977962712,0.00027148849832350693
4.464052482190584e-09,1.8202733050831316e-06,0.002721364706678182,0.0004667334841406845,0.00017443798979450864,0.0006575330234501956
4.464052482190584e-09,3.3350878269735468e-06,0.00246011596002636,0.00034541049360136626,0.00014117432469333796,0.0004896788510345181
4.464052482190584e-09,2.4995865958209405e-06,0.0026141188212858396,0.00034985682880992657,0.00015464712789752,0.0005139141540623462
4.464052482190584e-09,3.640995179634236e-06,0.0018178262795518925,0.0003194579039537801,0.0001904976063971844,0.0003882832276990779
4.464052482190584e-09,4.099921827658651e-06,0.0018462167812910203,0.0002628854695829047,8.998652794256555e-05,0.0003803029533066344
4.464052482190584e-09,5.3493910831621136e-06,0.002416480383682171,0.00041286880629200863,0.0002395720645803464,0.0004470495603060727
4.464052482190584e-09,3.857475828096713e-06,0.0015188206316517309,0.0002037558096966032,6.238548541214504e-05,0.0003119439304425207
4.464052482190584e-09,5.0845047374826655e-06,0.002164490979300513,0.0004395273809594474,0.0002492797191738607,0.0005319810835778976
4.464052482190584e-09,4.710330192618192e-06,0.0006496259268666591,0.0001457824150154619,8.302537510437646e-05,0.00015346870345545461
4.464052482190584e-09,4.1700859427412836e-06,0.0028913319856410896,0.0005663977139283677,0.0003080048198043394,0.0006889212554977027
4.464052482190584e-09,5.320696160697086e-06,0.0024880420222880987,0.000304973028938418,0.00015801401531667777,0.00044094954939757447
4.464052482190584e-09,5.8176788753144e-06,0.0021264005309606054,0.00032638669735795596,0.00016045823474822155,0.0004277841151812219
4.464052482190584e-09,5.221372830700186e-06,0.0016000903907219892,0.00024229487527904235,0.00011786087530755461,0.0003173789527144428
4.464052482190584e-09,5.0407710622953565e-06,0.0020576494178297915,0.00022925488274713892,7.73186589365055e-05,0.0003834380689745494
4.464052482190584e-09,8.418936508615658e-06,0.002439026840848022,0.0002883971632339821,0.00015901929793006315,0.00041801396568131064
4.464052482190584e-09,6.239182806433077e-06,0.002713357408685584,0.0003079510633956869,0.00014250654463295444,0.00045376832510202935
4.464052482190584e-09,6.8557193165734824e-06,0.001299574596573701,0.00026413996902508564,0.00012816989320350676,0.0002841698821258087
4.464052482190584e-09,6.489793700189827e-06,0.0016264953005431077,0.0003164424105911282,0.00014591452473798803,0.00039008041830610883
4.464052482190584e-09,6.718517939181013e-06,0.0013687685038846096,0.0002921005261378358,0.00018097055999702995,0.0003294452202338307
4.464052482190584e-09,7.534525361552778e-06,0.0037495942183660555,0.00042210662154956626,0.00018050038608854026,0.00065174993746937
4.464052482190584e-09,9.534435585170845e-06,0.001268382772564546,0.000260513451723276,0.00013087567826405996,0.00030032324195642285
4.464052482190584e-09,1.1196119060945536e-05,0.004659692893465568,0.000611964420146191,0.0003262560270117364,0.0008239619883543877
4.464052482190584e-09,7.908983888243972e-06,0.0014144831267989624,0.00027228832369939696,0.00012110507387998073,0.00034961874630301147
4.464052482190584e-09,8.352043672982764e-06,0.0030246768660555003,0.00048776083888304984,0.0001304612682885658,0.0007427059088206922
4.464052482190584e-09,7.635460132333962e-06,0.0024226565029496477,0.00030358342162828595,0.00010900025841295196,0.0004900321500597716
4.464052482190584e-09,9.237328794764278e-06,0.0024380209142656323,0.0005530803619092739,0.00038650916104681385,0.0005422779421093183
4.464052482190584e-09,6.279479871046074e-06,0.00269292512433722,0.0003136068232933293,0.00010236617281298868,0.00048630632723438975
4.464052482190584e-09,1.501739513043422e-05,0.0013271615065434204,0.00027224724946747645,0.00017412439582517423,0.0002941602624939158
4.464052482190584e-09,1.0601236386289179e-05,0.002213994930581814,0.0003314917322393676,0.00024087287144402541,0.0003866242318909796
4.464052482190584e-09,6.573316942031801e-06,0.0017682943019870613,0.00030574809022799456,0.00016754491506430595,0.0003720532474331415
4.464052482190584e-09,2.114594925162258e-06,0.001954959695516475,0.0002405183367955833,9.816507266248041e-05,0.0003602420539360461
4.464052482190584e-09,3.2245550477957156e-06,0.0018595958071470696,0.00037968987861584485,0.00020175643797588986,0.00045838407258887176
4.464052482190584e-09,4.996325782741054e-06,0.0012032126466640651,0.00022601407480501523,0.00013196917494903826,0.0002588447496432433
4.464052482190584e-09,4.040479419642474e-06,0.002630745535393495,0.0004641973519691325,0.0003108550913338104,0.0005255896320226798
4.464052482190584e-09,4.342282864557424e-06,0.0016549440986303539,0.00018086705788025083,5.40839746368548e-05,0.00029662602287979943
4.464052482190584e-09,2.6494944486411065e-06,0.002769456840608695,0.0003774665019774464,0.00015616066263720446,0.0006017373458387894
4.464052482190584e-09,4.093719311289482e-06,0.0015131916433247308,0.00023996160377689815,0.00011882907714328605,0.0003089547681179641
4.464052482190584e-09,2.2082456262525615e-06,0.004062108093731961,0.00048688578904952824,0.0002148673210422121,0.000702452039048092
4.464052482190584e-09,5.6429768166414485e-06,0.002204641884574291,0.00022955410634924306,9.282529117714967e-05,0.00037099604025246153
4.464052482190584e-09,3.700888795324132e-06,0.0022622616300271713,0.0003887112032080369,0.00019330887417596686,0.00047011474816662007
4.464052482190584e-09,2.839630896159528e-06,0.0022843106589506322,0.0002747259086831759,0.00010003310341350024,0.00041607371814099446
4.464052482190584e-09,3.4179459311319675e-06,0.0027166022786075175,0.0003436728718939342,8.611922869425533e-05,0.0005615278295362385
4.464052482190584e-09,3.882889408820008e-06,0.00257061582146684,0.0003668750401316824,0.00013546953467840326,0.0005906038759162565
4.464052482190584e-09,4.39212739726356e-06,0.0021569160673202675,0.0003265038280611137,0.0001549859850801326,0.000435210868250734
4.464052482190584e-09,3.847437615956342e-06,0.0030440001683782678,0.000346389807053315,0.00013371883034964767,0.0005912091797572338
4.464052482190584e-09,2.5752488235476827e-06,0.0016374080748381577,0.00023684202436491495,9.099711710312537e-05,0.0003647245605342777
4.464052482190584e-09,2.0075641605716275e-06,0.0024629509897628942,0.00025760058839335625,0.00010425379082546946,0.00041320358202461514
4.464052482190584e-09,1.8957164669791431e-06,0.003434464219080801,0.0002853420448762144,0.00014083129661628888,0.0005080973789533439
4.464052482190584e-09,2.410438659665597e-06,0.004529208173496017,0.00023912452745444596,7.985611612468273e-05,0.0006454925784080415
4.464052482190584e-09,4.094807026806555e-06,0.001570829436919187,0.00021250829033665552,9.615889331331234e-05,0.00031592985935686584
4.464052482190584e-09,7.659326331050292e-06,0.001139118610007012,0.00016665268404302181,9.461467930825456e-05,0.00022640054283565856
4.464052482190584e-09,3.377494931604751e-06,0.001474647994189994,0.0002485100038987645,0.0001570464122239703,0.00028109468313467596
4.464052482190584e-09,3.498250028301217e-06,0.0012502702532084997,0.0002102754579434895,0.00011170344049278496,0.00028050771708538656
4.464052482190584e-09,5.937155069099281e-06,0.002292177657272736,0.00024871284853142834,0.00010619768425458415,0.0003943125375092701
4.464052482190584e-09,5.240965428003659e-06,0.0012462375963136509,0.0001875413982777835,6.184827354877002e-05,0.0002739985072328575
4.464052482190584e-09,5.148554501558842e-06,0.003356632973400398,0.00028232791840918857,0.00012378397913919242,0.0005089697588433265
4.464052482190584e-09,6.3945825027030805e-06,0.0013656392780460318,0.00023055562214682735,9.959006097349143e-05,0.000307307396412866
4.464052482190584e-09,5.137149701462183e-06,0.0018425400148882973,0.00024985535097134893,9.221429512252087e-05,0.00033907797337733795
4.464052482190584e-09,6.136972753801219e-06,0.0012296522676404828,0.0001628806889618016,8.831480375070025e-05,0.00023598078290198153
4.464052482190584e-09,6.04902914863655e-06,0.0013126951380278437,0.00035487177839455946,0.00011385393865147624,0.0003870620857412023
4.464052482190584e-09,5.3875015045329955e-06,0.0010641658433106047,0.0002145768057496255,0.00013539881706294796,0.0002374317327710789
4.464052482190584e-09,7.048856239905217e-06,0.001292931452314507,0.00021319111425476044,8.90008421619885e-05,0.00029966096300455575
4.464052482190584e-09,7.231257761886287e-06,0.0015283186572802863,0.00024644374397926204,0.0001508264063424854,0.0002786566037765518
4.464052482190584e-09,6.205728842563853e-06,0.0007814462530329763,0.00015384418266618053,7.311439385180194e-05,0.00019415162738453497
4.464052482190584e-09,7.449739435194671e-06,0.0014948086377987338,0.00022593559786822397,0.00010447073512059659,0.0003129613957531603
4.464052482190584e-09,7.213019020029244e-06,0.0006151403659183195,0.00019506996784151375,0.0001473269644350119,0.00016782479597581796
4.464052482190584e-09,7.747699391364139e-06,0.001898222419696265,0.0003814360253916317,0.0002565847095603281,0.00042054474991213214
4.464052482190584e-09,8.051103267854369e-06,0.0009077942393811018,0.00024739447372969047,0.00011495239092446354,0.00025986952178368275
4.464052482190584e-09,8.107154165515811e-06,0.00164190512281694,0.00028233371846803356,0.00015867570279788575,0.00031408928142915166
4.464052482190584e-09,7.650144107219133e-06,0.0016732184319079584,0.00023115360959271816,0.0001096577036413296,0.0003317281674331464
4.464052482190584e-09,8.50521460262005e-06,0.0015032378594802209,0.00022397906567088688,8.847203135082794e-05,0.00029917857990449686
4.464052482190584e-09,6.384631502744963e-06,0.0006700949657307571,0.00018574940493372818,0.0001196678638695422,0.000186078941466872
4.464052482190584e-09,8.184164496143057e-06,0.0015542168391506842,0.00028089226096308093,0.00013669119520601133,0.0003482730965044744
4.464052482190584e-09,7.117930958161329e-06,0.0015260202482851178,0.00019580773520768918,5.8432929654208445e-05,0.0003352508244845713
4.464052482190584e-09,7.315158818574883e-06,0.002473941753520099,0.0002877822592738486,0.00013768752144711492,0.0004169645598511806
4.464052482190584e-09,5.424192656521303e-06,0.0010453825044452088,0.00019124490943890564,5.1344952450850334e-05,0.00028271765934946916
4.464052482190584e-09,5.75577885451196e-06,0.0013428396822539874,0.00020471646930104317,6.818020150305043e-05,0.0003162688542929443
4.464052482190584e-09,5.065762508136149e-06,0.000718387769220761,0.00017090542285061713,0.0001250301433261637,0.00017679443643579194
4.464052482190584e-09,7.43862660879509e-06,0.0015950948321800263,0.00037926192938188844,0.0002527202478787384,0.0003656157390661725
4.464052482190584e-09,4.681004033531844e-06,0.0010340562494679487,0.00013676095103683992,5.7362447431279416e-05,0.0002139233105043209
4.464052482190584e-09,7.557603731306085e-06,0.0017757624150872707,0.0003029306033052632,0.00015806930516614373,0.00041208272298145886
4.464052482190584e-09,4.6277918767836255e-06,0.001177935641369221,0.0001866656832013891,0.0001259823955387926,0.00022546705643565438
4.464052482190584e-09,7.2202862374623395e-06,0.0016976276873121032,0.00031125495032535694,0.00018906868937031834,0.000345952107188603
4.464052482190584e-09,3.733044136581482e-06,0.0016360920205107485,0.00016153820250312646,7.081944802610938e-05,0.00026093596966104504
4.464052482190584e-09,3.6426451363104807e-06,0.0024676242034408556,0.00031869681061559276,0.00011048265236491092,0.0005152219169408706
4.464052482190584e-09,4.064353092350555e-06,0.0009658650171439062,0.00015222111880878274,6.123098075460801e-05,0.00021653699792543933
4.464052482190584e-09,6.4372484530303385e-06,0.0009780597658521721,0.0002702332405075062,0.0002056774848408781,0.0002383428927335939
4.464052482190584e-09,3.989521204804772e-06,0.0005980071399027683,9.255330890169954e-05,5.559587852288923e-05,0.00011811557408159584
4.464052482190584e-09,1.2738794761840331e-05,0.0008262548886211923,0.00023623141572168429,0.00018555872798074313,0.00020305575251951426
4.464052482190584e-09,7.352696658628175e-06,0.000998914214804764,0.00021370098886129888,0.00015708007778002234,0.00021855162154400668
4.464052482190584e-09,7.950768660198093e-06,0.000874007969600297,0.0001803255935600974,9.632547265890225e-05,0.00020277450635565445
4.464052482190584e-09,7.318300335054583e-06,0.0017548711930710662,0.00025831877252971685,0.0001280899309663678,0.0003228099127221142
4.464052482190584e-09,8.280269284560217e-06,0.0010939821066210849,0.0001861671713913768,9.506703734641069e-05,0.00023914890867606558
4.464052482190584e-09,8.355605334680517e-06,0.0014637562153829587,0.000208418239349509,0.00011212911872659848,0.0002796697049490278
4.464052482190584e-09,8.316967656399981e-06,0.0020210169626978616,0.00023377444948158237,0.00010408048468118301,0.0003741809701197335
4.464052482190584e-09,7.467742083907331e-06,0.0007020340909499654,0.00013671279199328399,7.341416797205095e-05,0.00017315288769451372
4.464052482190584e-09,7.457495010732059e-06,0.0023178274844507106,0.0002030794436487165,0.00011594428563042372,0.0003520051094263411
4.464052482190584e-09,6.7955457126424374e-06,0.0018744093939982093,0.00018960098012120767,5.8821456207035566e-05,0.00031389182893184814
4.464052482190584e-09,7.858641592670434e-06,0.0007775136132664288,0.00017684199357091465,0.00013110825003909035,0.00019218964706659011
4.464052482190584e-09,8.376538805243658e-06,0.0011785472018354122,0.00023632023350814242,0.000147352366648479,0.00027321675730810106
4.464052482190584e-09,8.870296040882245e-06,0.0010138898644425078,0.00017443819181465876,0.00011409406467386295,0.00020274087536762423
4.464052482190584e-09,8.525552350961145e-06,0.0013849160288231916,0.00018448970285084065,9.173679077450719e-05,0.0002638937452888217
4.464052482190584e-09,9.502301041839172e-06,0.0012761393501392524,0.0002112099058001871,9.572995994757254e-05,0.00028066700880645525
4.464052482190584e-09,9.252307984858398e-06,0.0015889212189515126,0.00023771732391209571,0.00015207490445501843,0.0002835424132427025
4.464052482190584e-09,1.011148768560991e-05,0.0009484052409116299,0.00014198118436130471,7.246952795198267e-05,0.00018707878536226134
4.464052482190584e-09,8.896904258967346e-06,0.0011176663815172182,0.00019849145571098026,0.00013554490224368637,0.0002155477764386794
4.464052482190584e-09,8.80757461366009e-06,0.0008564940667341159,0.00015641671662252522,5.496100626428579e-05,0.0002077181458267113
4.464052482190584e-09,7.405291623870009e-06,0.001818263548891804,0.00026328202405696393,0.0001607981376066108,0.0003335047445837602
4.464052482190584e-09,8.319869345540186e-06,0.0014978302233338574,0.0001597794739569966,7.166890842077501e-05,0.00023993049051114254
4.464052482190584e-09,8.266162360599908e-06,0.0014275009979774424,0.00022583740061796052,0.00012502793410293383,0.00028883643482440846
4.464052482190584e-09,9.775048746881135e-06,0.0008772380764615654,0.0001584355969886162,9.261614521140495e-05,0.00018939776781363537
4.464052482190584e-09,8.048791172703176e-06,0.0016269855865147914,0.00024995653895283474,0.00012604666419523968,0.0002917582325642838
4.464052482190584e-09,7.919642494551026e-06,0.0025632529137319406,0.0001746093559329278,5.4016405605037146e-05,0.0003809469283770113
4.464052482190584e-09,7.1462739580812045e-06,0.000954196732412348,0.00021242168308603562,0.00012219275240006212,0.00023409743881559693
4.464052482190584e-09,6.225438097385197e-06,0.002658955680823296,0.00021929506856366684,0.0001123984858391698,0.00039569295777242637
4.464052482190584e-09,7.831505584446945e-06,0.0013149236859332104,0.00017207202678217847,5.930008818466606e-05,0.0002722805072261643
4.464052482190584e-09,6.767753515187778e-06,0.0014090004717466015,0.00020234969175402954,0.0001716169294091011,0.0002350250259422504
4.464052482190584e-09,8.288838442754432e-06,0.0003684987068783842,8.560608687415912e-05,5.211718403645731e-05,8.283230896954803e-05
4.464052482190584e-09,4.737927017127098e-06,0.0016720424836332282,0.00029496524389531557,0.00021402577436302836,0.0003310675852066266
4.464052482190584e-09,4.7103641612694096e-06,0.0010122960896983544,0.00010923853906929486,4.830382402753341e-05,0.00017451843848983355
4.464052482190584e-09,4.270531405900755e-06,0.0016251849920794089,0.00023454850752233354,6.0480264912522085e-05,0.00034359612133815745
4.464052482190584e-09,4.102420815062508e-06,0.002960853403403943,0.00022269880276637701,9.360351432098473e-05,0.00045544278302699727
4.464052482190584e-09,3.073382826886691e-06,0.001096381588113285,0.0002112033971446032,9.75664747518151e-05,0.00027250955874863556
4.464052482190584e-09,3.3981647171739307e-06,0.0006205316703225035,0.00021136398472566055,0.0001531393067871888,0.00019222867974933287
4.464052482190584e-09,4.1709076425476675e-06,0.0018944686680106352,0.00032757431458399174,0.00020309685130136718,0.0003477900142196251
4.464052482190584e-09,2.423419445087851e-06,0.0013534155325861314,0.00021023242263061342,0.00010762358568725021,0.0002957698525908498
4.464052482190584e-09,3.403939702705376e-06,0.0016261563977135868,0.0002450888156338955,0.00013896767780437874,0.000311323156124906
4.464052482190584e-09,2.8035766245880938e-06,0.0026713114128413826,0.0001795942257874917,6.320360885997403e-05,0.00039155354585222415
4.464052482190584e-09,2.098484284286863e-06,0.0010942243587177096,0.00019085296073754202,8.056209851535803e-05,0.000239915760973222
4.464052482190584e-09,2.273867484856292e-06,0.0011591403491562058,0.00016100153606414587,9.122820917652554e-05,0.0002019011739929067
4.464052482190584e-09,2.505498476108877e-06,0.0008549349950928674,0.00017035937187797514,8.595669433708307e-05,0.00020403255242574207
4.464052482190584e-09,2.8973158537734444e-06,0.0007780171640761157,0.00019218776778712687,0.00013269709466350293,0.0002021746772989102
4.464052482190584e-09,2.4509335359244034e-06,0.0011281971581180408,0.00019651180597049013,0.00010561065352029852,0.00023452728301976206
4.464052482190584e-09,2.7900573976445515e-06,0.0006991073025745541,0.0001733529980626579,0.00014022981531777945,0.00017475337226251884
4.464052482190584e-09,1.1076264527952716e-06,0.0008935633267655207,0.00018311648122969575,0.000120315120441747,0.00020935606797026592
4.464052482190584e-09,1.7631158520791565e-06,0.002047097785984503,0.00016140758781549625,7.837474443474576e-05,0.00031280459258787305
4.464052482190584e-09,1.818612797285417e-06,0.0023838981888052143,0.00024400486017021663,0.00011671715750848877,0.00042272650956750603
4.464052482190584e-09,1.2643675979621782e-06,0.0016913939004575991,0.0001388439354582588,7.154503111872044e-05,0.0002505121580344068
4.464052482190584e-09,2.0211043845956046e-06,0.0013299356555226461,0.0002324667377458698,0.0001732980148180775,0.0002476456486028366
4.464052482190584e-09,2.755421105438827e-06,0.0010854537428907174,0.00021131554347550823,0.00011161951009224065,0.00025826640743087647
4.464052482190584e-09,1.8915950813276532e-06,0.0008510053867129024,0.00016282343252116565,0.00010218776307504963,0.00018870163874244942
4.464052482190584e-09,9.263409098778753e-07,0.0011677767829061253,0.0002076589737464998,0.00014302408494072416,0.00025190672554583173
4.464052482190584e-09,1.7388391511927974e-06,0.00071560260564567,0.00018205800090930626,0.00010940632870924907,0.00019089231133152665
4.464052482190584e-09,6.860422163382579e-07,0.001260624943495902,0.0002588442338773302,0.0001154686800504389,0.0003261252366265854
4.464052482190584e-09,9.649050223973718e-07,0.001153117733518181,0.00017927894403274477,8.073256512075862e-05,0.0002548848691084563
4.464052482190584e-09,2.644441857487041e-07,0.0013565251692983819,0.00021451187560738593,7.485083439314711e-05,0.0002921242588568621
4.464052482190584e-09,1.5166336742928118e-07,0.0009559011220507621,0.00015928295087661712,3.982095691174331e-05,0.00020913194780735017
4.464052482190584e-09,2.0602718997366685e-07,0.0007475023810633618,0.0001864247500731753,0.0001365576919420826,0.00018343625234391414
4.464052482190584e-09,9.449358770795982e-08,0.0005486898902613414,0.00015133663333384656,7.500374007731234e-05,0.00016458326723310407
4.464052482190584e-09,9.446348954410084e-08,0.0010132911071677755,0.00017625901154997038,0.00010641552359340269,0.00021028033781854739
4.464052482190584e-09,1.5668898990400973e-08,0.0008848825973682555,0.0001312899339974596,7.845180734027154e-05,0.00017101448724394047
4.464052482190584e-09,1.2122173333626796e-07,0.0006235037218445288,0.00015053097182956516,9.649096213139665e-05,0.00016425291893839636
4.464052482190584e-09,4.1051592285741984e-08,0.0008740523795900621,0.00012386737766555974,4.9508765361426946e-05,0.00017031814962534014
4.464052482190584e-09,5.004862095806244e-08,0.0006438866031100027,0.0001205619643653967,4.498096929603375e-05,0.00016424374384219656
4.464052482190584e-09,1.4573549115497036e-08,0.0008352031502072757,0.0001635876379001384,8.324263149525824e-05,0.00021260384491241294
4.464052482190584e-09,7.378451116465399e-08,0.001232985291866326,0.00014358631574910383,5.4358890050448786e-05,0.0002228526134174962
4.464052482190584e-09,3.959600858516444e-07,0.0006009364678456038,0.00011727486496778422,6.788419382859249e-05,0.00014220233913588769
4.464052482190584e-09,2.162875210854642e-07,0.00048719530572563383,0.00012350299806070778,6.492178929561895e-05,0.00015037013653011085
4.464052482190584e-09,3.797428549777214e-07,0.000686889901951311,0.0001450569787232387,6.964759031237763e-05,0.00017753590721768204
4.464052482190584e-09,1.9135076085592352e-07,0.0007383125249275632,0.00018360133672060984,0.00012828352223188396,0.0001919961835952317
4.464052482190584e-09,1.0134218318302249e-06,0.0010907125031319497,0.00015323461835295237,6.099426360564565e-05,0.00020684900531734766
4.464052482190584e-09,7.954104412804841e-07,0.0014492646788866646,0.0001733814830319836,7.174921780438189e-05,0.00024976338353937226
4.464052482190584e-09,1.2613150460620994e-06,0.0008312447049857981,0.00010958133457036017,3.919293514910205e-05,0.00017053315373124337
4.464052482190584e-09,9.749125605474086e-07,0.0005624470516382147,0.00016211317632809495,7.52705322226338e-05,0.00016359286677101973
4.464052482190584e-09,2.1563954434655224e-06,0.0015227484973020827,0.0001746981949972274,9.790984295250359e-05,0.00025170517810095333
4.464052482190584e-09,1.1225672739330682e-06,0.0007257459880318342,0.00010196194746913934,4.096415010528975e-05,0.00016418589692588124
4.464052482190584e-09,9.515334140225046e-07,0.002066812813040503,0.00018130517212712978,0.00011492183920029086,0.00033074048125759275
4.464052482190584e-09,8.547828753138478e-07,0.002793805532452289,0.00015354471484474314,4.799404507816009e-05,0.0004033034480923001
4.464052482190584e-09,1.1826618677728136e-06,0.0008885821451268787,0.00014684930736247383,6.514964668906755e-05,0.00019682069194744918
4.464052482190584e-09,1.1388021928824007e-06,0.0016965846420192985,0.0001257805288877962,5.3442486613674724e-05,0.000247037112833763
4.464052482190584e-09,1.135610646216162e-06,0.0011829495174533278,0.00013833179623187842,7.61996652103478e-05,0.0002072708913330621
4.464052482190584e-09,7.057113608902829e-07,0.0009477477476256722,0.00013291598123325694,5.046125142259449e-05,0.00018329813341167557
4.464052482190584e-09,9.141782202010955e-07,0.0006554766774160679,0.0001546434848665711,9.206376118958832e-05,0.00016088815082266478
4.464052482190584e-09,6.744696095233149e-07,0.0007165889054649915,0.00014683860451244546,6.317978835107604e-05,0.0001850412249046494
4.464052482190584e-09,1.6141102970171517e-06,0.0010602974899624462,0.00014426281261278187,6.161958130511463e-05,0.00020690682062388834
4.464052482190584e-09,5.580914713103033e-07,0.0011563236422943068,0.00013976773034796354,6.507755283413128e-05,0.00022007094021403488
4.464052482190584e-09,7.792750615843833e-07,0.001155290121355137,0.00013513791432213278,5.4801147201428055e-05,0.00020956091424346462
4.464052482190584e-09,6.430181052539997e-07,0.0007258587684702764,0.00014606896880108564,9.372842190565425e-05,0.00016499780410100402
4.464052482190584e-09,6.869664742494769e-07,0.0007755183225810514,0.00014409077654128438,8.100267094828033e-05,0.00017082919873928916
4.464052482190584e-09,8.954465280632148e-07,0.000572231937392274,9.275233069147396e-05,4.1060934531871264e-05,0.00011827703133022497
4.464052482190584e-09,1.2323148291096e-06,0.0005884476324491037,0.00012952241687148535,9.990866479758931e-05,0.00013639139156230957
4.464052482190584e-09,8.692393389484535e-07,0.0006361129429184614,0.00013851300782806238,7.084860389209219e-05,0.00016058065085571493
4.464052482190584e-09,6.310925719869559e-07,0.0007803080267090524,0.00013064997398069386,6.743724474211875e-05,0.00016716883430981078
4.464052482190584e-09,2.0049163819272725e-06,0.001175115027840001,0.000199614531210578,9.430898846323502e-05,0.00024772317385108396
4.464052482190584e-09,1.0499655949334096e-06,0.0007134299588628688,0.000146368834884996,0.00010306157278130666,0.00015530458799989727
4.464052482190584e-09,1.3897447511790444e-06,0.0010919016066280123,0.0001638203530573903,0.00010819086954719733,0.00020335825486771398
4.464052482190584e-09,1.9488758453980954e-06,0.0006056122392793555,9.909481418549022e-05,5.0968196412347457e-05,0.00011768990828027363
4.464052482190584e-09,1.285632829759343e-06,0.0007476926101930575,0.0001617193036241011,8.434220983125811e-05,0.00019366014275036119
4.464052482190584e-09,8.956529457807636e-07,0.001001252573620743,0.00014393246561463167,6.925670990415926e-05,0.00020561964307867604
4.464052482190584e-09,1.1349967328298447e-06,0.0017987161950085637,0.00016954489708307467,4.267419222469201e-05,0.00032937134365138395
4.464052482190584e-09,8.821733216880818e-07,0.000984666423006492,0.0001344533499204915,4.764050013137412e-05,0.00022327956453673873
4.464052482190584e-09,8.429899922199679e-07,0.000633245267309202,0.00016620522759908888,8.158210248059285e-05,0.0001775306701376565
4.464052482190584e-09,1.2861210980542365e-06,0.0007184227813573908,0.00012585524683409707,7.020891134028361e-05,0.00015660943417103096
4.464052482190584e-09,1.2588760025753136e-06,0.0006581363916972312,0.0001311108500247843,5.0583465240262304e-05,0.00018730836965334238
4.464052482190584e-09,9.58147044315972e-07,0.0006899573096344517,0.00011901744263623633,4.525823138422802e-05,0.00015795625010199692
4.464052482190584e-09,1.0232342553330494e-06,0.00044964232475455635,9.184080188976332e-05,7.788280146550034e-05,9.281894910489645e-05
4.464052482190584e-09,7.802567172275527e-07,0.0007760716444443497,0.00016243546693337768,9.667652653041605e-05,0.00018243927996138215
4.464052482190584e-09,5.019403099972892e-07,0.0005589961049428062,9.534851083365303e-05,4.8610828255695546e-05,0.00011216817960041057
4.464052482190584e-09,1.5744875674887685e-06,0.0007184798211143861,0.0001590308164747039,6.987474836038816e-05,0.00018880615818929946
4.464052482190584e-09,1.5498592362770049e-06,0.0008221432198209517,0.0001713441165173506,6.663659111560556e-05,0.000205741777222829
4.464052482190584e-09,8.498464624015632e-07,0.0005467712577803904,0.00012116877338735599,6.433184693568916e-05,0.0001477827842412067
4.464052482190584e-09,8.383858941092354e-07,0.0005656048153716358,0.0001335149089643852,9.640469513166238e-05,0.00013325042367150393
4.464052482190584e-09,9.31155639815657e-07,0.0008254198014832009,0.00013002642992252,5.661299896974745e-05,0.00019082687196352263
4.464052482190584e-09,4.866654132360925e-07,0.0012229196996315405,0.000138849290331374,4.352098265678356e-05,0.0002562055496996623
4.464052482190584e-09,6.807382233133386e-07,0.0010453700587381154,0.0001373915460653383,6.406137511929695e-05,0.00018969142309871147
4.464052482190584e-09,9.425810492393555e-07,0.0007331949660201098,0.00010358769094055482,4.552717455665699e-05,0.00015158250717593768
4.464052482190584e-09,7.83596195495375e-07,0.0005979440180547877,0.0001203642443634769,6.107928074877301e-05,0.00014330808507130303
4.464052482190584e-09,4.2136124592085597e-07,0.0005922576240158636,0.00015193713058546184,0.00014305991123942508,0.00014572487580008948
4.464052482190584e-09,6.018904049465847e-07,0.0007943808844241936,0.0001561301167807503,6.675251281913387e-05,0.00020819937852958656
4.464052482190584e-09,1.3119844660619516e-06,0.000922718957893769,0.00013853784922648538,6.937955598610226e-05,0.00018168833721301128
4.464052482190584e-09,2.0452674532107377e-06,0.0007683073905331843,0.00012693206427142714,7.280238331995358e-05,0.00015217845196631815
4.464052482190584e-09,1.3085550455038469e-06,0.0005017202410815915,8.340758398597734e-05,6.132168462555848e-05,9.422180211129208e-05
4.464052482190584e-09,1.1480691568031179e-06,0.0004606134486716378,9.298769465839173e-05,4.313592370429902e-05,0.00011082439090517712
4.464052482190584e-09,1.2143137821947259e-06,0.0007035999796472229,0.000133663996683797,9.031518104668255e-05,0.0001500147346628246
4.464052482190584e-09,2.776789819669592e-06,0.0005117801559183646,8.502741829347963e-05,5.2147272453426005e-05,9.585594680116405e-05
4.464052482190584e-09,2.705938581258577e-06,0.0008042775052255548,0.00012625258796400966,6.861028562701828e-05,0.00015139471783695801
4.464052482190584e-09,2.885813991630968e-06,0.0006711060522219587,9.282560170089612e-05,3.868222603550711e-05,0.00012544660297400306
4.464052482190584e-09,2.999637214395257e-06,0.0004958661612743587,9.068128112691607e-05,3.328175130205891e-05,0.00012709818409018488
4.464052482190584e-09,3.784613057921934e-06,0.0006400588467539933,0.00012789784286652514,9.082628603171477e-05,0.0001323971514812456
4.464052482190584e-09,2.971297905909346e-06,0.0007494558851224031,8.98197211273564e-05,4.9365453034825026e-05,0.000137345781259269
4.464052482190584e-09,2.65617269991248e-06,0.0009175073481290834,0.0001202284011275212,6.350624315755267e-05,0.00015973209597308597
4.464052482190584e-09,2.2244505128434615e-06,0.00037768519327360307,4.6888327079684e-05,2.420439466331782e-05,6.540666729209272e-05
4.464052482190584e-09,3.023739521726396e-06,0.0010025691502618431,9.837599783922644e-05,4.825893047611452e-05,0.00015929549579870501
4.464052482190584e-09,2.587891300148123e-06,0.00040453618413427883,8.391200788110242e-05,4.952849013135951e-05,9.142626220489278e-05
4.464052482190584e-09,3.0257106183810783e-06,0.0006019371055372409,0.00011148868183197307,7.260461322224022e-05,0.0001268284379597617
4.464052482190584e-09,1.818602501276217e-06,0.0012347829727372293,9.01327695613476e-05,3.4202525327738865e-05,0.00017911857803447004
4.464052482190584e-09,2.1013964998181347e-06,0.0005972507812815645,8.902392424382856e-05,6.227168951795811e-05,0.00010825807952599635
4.464052482190584e-09,1.7875942851828615e-06,0.0006134278253427108,0.0001667324246696909,9.59911995598274e-05,0.0001669169583196182
4.464052482190584e-09,1.6031351624280663e-06,0.0004618558537435702,0.00012781231020805606,9.608604668717718e-05,0.00012033011576582376
4.464052482190584e-09,1.2278091513798083e-06,0.0007061397264913647,0.00014353368990960747,8.558718422656074e-05,0.0001673683830652063
4.464052482190584e-09,1.340754801167627e-06,0.0010891958269484828,0.00014328229292224625,8.994496926576172e-05,0.00019217810784343466
4.464052482190584e-09,1.3116447291988294e-06,0.0007685089692413251,0.00011830193183530536,4.078447085706049e-05,0.00015363779862909036
4.464052482190584e-09,1.4265563437389866e-06,0.0005220462691989676,0.00010064674942688147,5.225827096866672e-05,0.00012327393571124367
4.464052482190584e-09,2.3725852287236488e-06,0.0012799788075444035,0.0001315211027791098,5.022525320466717e-05,0.00020387907776546555
4.464052482190584e-09,1.8191290251612677e-06,0.001594172688807406,0.00013076105969854574,6.198051459642488e-05,0.00024712143978719515
4.464052482190584e-09,1.8358002041798524e-06,0.000935785619754229,9.651557373489012e-05,3.8652648139464145e-05,0.00016441087437062992
4.464052482190584e-09,2.266117021139175e-06,0.0005247984299383963,0.00010416127428341863,5.965997900017487e-05,0.00012581235184402467
4.464052482190584e-09,2.4898559409082505e-06,0.00038602350196603746,9.066048407795291e-05,4.7259054795729385e-05,9.89650629577148e-05
4.464052482190584e-09,3.3154367577614092e-06,0.000930381619387744,0.00015100128147919794,8.295412909637089e-05,0.00020054614472704468
4.464052482190584e-09,3.921092486187432e-06,0.0010766139546375321,0.00011123381442984191,5.140420415501481e-05,0.000190585977239334
4.464052482190584e-09,3.653732573028505e-06,0.0010184079246322588,0.00011079083996494035,5.1456349946902006e-05,0.00019217736632672845
4.464052482190584e-09,3.4101683044314513e-06,0.0013914165114331661,0.00013350484915816208,4.877062333748994e-05,0.00026974448262070386
4.464052482190584e-09,3.5200135175812433e-06,0.000761148328811328,4.565290829535365e-05,1.9837888247221015e-05,0.0001060877526710935
4.464052482190584e-09,2.8429604736166457e-06,0.0009399286730352787,0.00011956358371548244,6.71499987042804e-05,0.00015406148941899493
4.464052482190584e-09,3.395831109537311e-06,0.0008000569727248598,7.572059320222677e-05,3.8730222045154877e-05,0.00012465200104388394
4.464052482190584e-09,2.9962447976082548e-06,0.0005096750777270785,0.0001006236190050764,5.158185266077813e-05,0.00011624533183484925
4.464052482190584e-09,3.4690601919933533e-06,0.0005377398311000102,9.178318927420313e-05,3.8808500729176925e-05,0.00011123470422543593
4.464052482190584e-09,2.7308368972626087e-06,0.0005372738074880611,0.00011472219011167757,7.642116110691168e-05,0.0001224314723540382
4.464052482190584e-09,2.820986746580131e-06,0.00032312093539317376,8.9599251914148e-05,7.640871446815585e-05,8.232169095020097e-05
4.464052482190584e-09,3.836463416755533e-06,0.0007959861642571726,0.000133298716548164,6.751498988436352e-05,0.00017845719219039313
4.464052482190584e-09,3.544948754371225e-06,0.0010176746594694735,9.947823604048044e-05,4.866110742604839e-05,0.00016286538202668347
4.464052482190584e-09,4.485294332103969e-06,0.0007433686707585624,0.00010544962730659516,3.881934502718193e-05,0.000156250561783261
4.464052482190584e-09,3.1391043718141334e-06,0.0012526028302246746,0.00010366667527720951,3.81897379990925e-05,0.00020091924928237928
4.464052482190584e-09,2.449723624832535e-06,0.0010619427571562333,0.00010115100890945817,4.154212846737744e-05,0.00016813455435998352
4.464052482190584e-09,4.714491579853608e-06,0.0002997365484779521,6.552792333216413e-05,2.6913337585417795e-05,8.104051516498037e-05
4.464052482190584e-09,5.956674394923747e-06,0.0005061079860685044,9.042270715268805e-05,6.718294536126065e-05,9.159621556278908e-05
4.464052482190584e-09,4.252874098314688e-06,0.0005381624246686622,7.124545166540568e-05,3.3229996480662745e-05,0.00010617001500313377
4.464052482190584e-09,4.920658351392097e-06,0.0005393430860245686,0.0001179682683282851,6.46704551738317e-05,0.00013057368050135807
4.464052482190584e-09,4.347009310754634e-06,0.0003053746772132283,5.941553911178601e-05,3.713539124401477e-05,6.51303321922238e-05
4.464052482190584e-09,4.192099780658218e-06,0.0005296815355070727,0.00010001712035223289,3.9920467476134446e-05,0.00012999267173621496
4.464052482190584e-09,4.433762446167838e-06,0.00037128165628515214,9.219024840976579e-05,5.8460448277976215e-05,9.990062008135592e-05
4.464052482190584e-09,4.078561927934009e-06,0.0006090987799983463,0.00012324041253610122,7.300254314761e-05,0.0001475208172535447
4.464052482190584e-09,3.7338764067555645e-06,0.0006997639797345238,0.000112115476421847,4.655199169625852e-05,0.00015358285639905438
4.464052482190584e-09,3.997805537218878e-06,0.0004270680114721698,7.557287775716208e-05,3.277832019544653e-05,9.887576517661734e-05
4.464052482190584e-09,4.015892813053423e-06,0.00047180866856201504,9.24487224312353e-05,5.034562990030484e-05,0.00011172485033384217
4.464052482190584e-09,3.4029598309899834e-06,0.0005996203567329038,7.203499788485025e-05,3.681945972879083e-05,0.00010389342038807666
4.464052482190584e-09,3.1720941579646934e-06,0.0006042684381122097,8.297487961746908e-05,3.056785441488598e-05,0.00011280222349341912
4.464052482190584e-09,2.954626154061992e-06,0.00047589268313833236,0.0001015834291298158,5.9626974777996766e-05,0.000117956611244115
4.464052482190584e-09,3.760693171738955e-06,0.0008417176784499717,0.00011948395060457275,7.172943227104302e-05,0.0001576535526728913
4.464052482190584e-09,3.1203812765007867e-06,0.0006342551068586401,0.00010060301211464811,2.995803939845115e-05,0.00014302104706199833
4.464052482190584e-09,3.1657792526457203e-06,0.00053103988464973,6.660085021964377e-05,3.2531179920183465e-05,9.683081749870474e-05
4.464052482190584e-09,3.1531286925384926e-06,0.0007037098377233696,8.381431087753409e-05,3.9772832989723095e-05,0.0001163303085585971
4.464052482190584e-09,2.4038489902931507e-06,0.0015272614321234312,0.00011473055284462968,5.050496335317412e-05,0.00022883497809890775
4.464052482190584e-09,2.929146653187643e-06,0.001913291479115247,0.00011832121315042627,3.925433604032649e-05,0.00027412201126096093
4.464052482190584e-09,2.9637780906691537e-06,0.0005040998805912576,6.325929954437812e-05,2.356219736410032e-05,9.737521661311526e-05
4.464052482190584e-09,2.7164366403714645e-06,0.0006957473698671733,0.0001197323093716396,5.2398278699600184e-05,0.00015432528881149934
4.464052482190584e-09,2.7496613097503503e-06,0.0007455689707662941,6.795731198391078e-05,2.8328194236994866e-05,0.00011953170186042677
4.464052482190584e-09,2.698807159364682e-06,0.0004226763033951025,6.977028556801382e-05,2.4007774718596392e-05,0.00010169554987999667
4.464052482190584e-09,2.6479308590630594e-06,0.001041962249775784,0.00010521451170507358,6.474708457086925e-05,0.00015411034254130776
4.464052482190584e-09,3.1692662766606204e-06,0.0008794124128116898,9.085953080200018e-05,2.5228518820350257e-05,0.0001716837882782067
4.464052482190584e-09,3.5466380896476406e-06,0.0005427436651125096,9.374081517710517e-05,5.4811270937780973e-05,0.00011981611536942048
4.464052482190584e-09,3.0851101979627304e-06,0.0005601150478641019,8.581726929972985e-05,4.616504373325592e-05,0.00011364451897765413
4.464052482190584e-09,2.3973896688630045e-06,0.0004352469010996657,9.654697620133703e-05,5.8260429694340244e-05,0.00010647803695181111
4.464052482190584e-09,1.9878683468318696e-06,0.0005747985585606343,0.00012625203993234002,7.583145133594447e-05,0.00013736308679443616
4.464052482190584e-09,1.8599796249960355e-06,0.00041567364187200106,8.89692088968509e-05,5.7541334090741166e-05,9.047753916784472e-05
4.464052482190584e-09,1.9166162470532205e-06,0.0006587682362551936,0.00012351652470265375,5.890857468307291e-05,0.00015437259321676708
4.464052482190584e-09,1.4928031156564964e-06,0.00039594247362034274,5.435581288136503e-05,2.2685230197936814e-05,8.377405362054904e-05
4.464052482190584e-09,2.0999178247508742e-06,0.0003411961209635533,9.426494747194749e-05,4.766860471156619e-05,9.837894447215816e-05
4.464052482190584e-09,1.5792368953981342e-06,0.00036919162339145185,7.15964440285794e-05,5.321245310995023e-05,7.162515367025325e-05
4.464052482190584e-09,1.5650524537374928e-06,0.00043277425712092614,7.62475493304043e-05,3.141407462248928e-05,9.848081082070798e-05
4.464052482190584e-09,2.252828026481738e-06,0.0003563484113932526,7.166189863243498e-05,3.783737138153437e-05,8.397455721927867e-05
4.464052482190584e-09,1.7307369674276546e-06,0.00048252789245218784,8.142144589359694e-05,4.054564004447728e-05,0.00010927795912601168
4.464052482190584e-09,1.2443167997920837e-06,0.0006292643332885689,0.00010202567165309142,6.309395942972385e-05,0.00011573292332679932
4.464052482190584e-09,1.8409815015685047e-06,0.0002812705770078297,6.550740430911742e-05,4.0191617263851234e-05,6.568652539486666e-05
4.464052482190584e-09,1.136541613770881e-06,0.0005164596848046146,0.00010436609774639775,7.834587475964041e-05,0.00010481578261216223
4.464052482190584e-09,7.169274614923786e-07,0.0003088369546868964,5.682247568423167e-05,3.683345117042973e-05,6.256442571795602e-05
4.464052482190584e-09,1.014510352166929e-06,0.00045242591382001153,8.631479168491986e-05,4.3846044975661e-05,0.00010648900686178126
4.464052482190584e-09,7.942159635359864e-07,0.0005393057741051579,6.89436912671101e-05,2.469699976718174e-05,0.00010681243739217233
4.464052482190584e-09,5.751806239612199e-07,0.00033293174586038817,7.174926417294939e-05,2.5772011067438005e-05,8.824222081840372e-05
4.464052482190584e-09,7.365240291475484e-07,0.0002677181325600213,7.092865599487003e-05,4.882397649368512e-05,6.631082431441597e-05
4.464052482190584e-09,5.927974545980383e-07,0.0004505175581008941,8.474556271952423e-05,5.576033585710362e-05,9.178696785596134e-05
4.464052482190584e-09,8.07924358940442e-07,0.0003034577002406298,7.19711582218824e-05,5.539792406521079e-05,7.504219820019716e-05
4.464052482190584e-09,6.868694209280785e-07,0.0004376431726417262,9.8967806329463e-05,4.296292611324078e-05,0.0001177052697395139
4.464052482190584e-09,5.356116903538084e-07,0.00031758204119943764,7.14715248678298e-05,4.735621612863447e-05,7.594333857232992e-05
4.464052482190584e-09,5.775347798166854e-07,0.000630139835578041,0.00010259682825482602,5.812436662655084e-05,0.00013223550641602513
4.464052482190584e-09,3.515908470773779e-07,0.0006144415802893219,7.248200957176294e-05,4.412157008800207e-05,0.00010009475659855638
4.464052482190584e-09,6.833696125652653e-07,0.0003891566994575601,7.021215026066274e-05,3.417375253013419e-05,8.923822196797577e-05
4.464052482190584e-09,4.800666876811471e-07,0.0005606064300401974,7.72259887721501e-05,2.952521033645751e-05,0.00010535981841187335
4.464052482190584e-09,5.905216915406192e-07,0.00039992043599064626,7.33103471482504e-05,3.300937008634186e-05,9.021528291953895e-05
4.464052482190584e-09,5.678294355470075e-07,0.0005568747783315952,8.506487455025956e-05,3.355568766933245e-05,0.00011589563412412046
4.464052482190584e-09,7.85021917425971e-07,0.00040795396445160133,9.429580105654287e-05,6.512358982530278e-05,0.00010070369624047008
4.464052482190584e-09,8.853096528141777e-07,0.00038392851035748345,6.864294213349645e-05,3.933233941707257e-05,8.197063380145228e-05
4.464052482190584e-09,8.315294620038336e-07,0.00027211608025235373,4.531095357247807e-05,1.7498293768175585e-05,6.457825541959416e-05
4.464052482190584e-09,5.049652273112788e-07,0.0004146713947174808,6.017555182814867e-05,4.029597921456144e-05,7.36889614719859e-05
4.464052482190584e-09,4.670583561721588e-07,0.00029441198143764053,3.924554179805062e-05,1.4322971210731883e-05,6.684206826386031e-05
4.464052482190584e-09,2.0222408064485727e-07,0.0003360410817425262,5.199953308800072e-05,2.2384891943129017e-05,7.904407795207593e-05
4.464052482190584e-09,7.557081749074872e-07,0.0004371340525119914,4.9723707575184586e-05,1.8036739494334055e-05,8.187066802997242e-05
4.464052482190584e-09,3.6429653315602095e-07,0.0003489262189963032,6.328317255124644e-05,4.598697641593267e-05,6.425065811981298e-05
4.464052482190584e-09,2.44187371867686e-07,0.0007402123135884266,6.235576684171438e-05,3.294803526097159e-05,0.0001113954543121944
4.464052482190584e-09,1.7025083816780348e-07,0.0008089500281925825,6.109888761057865e-05,3.311073524699525e-05,0.00011972535677902872
4.464052482190584e-09,2.413595686779438e-07,0.00031324341547104493,5.610116988729341e-05,3.1876453496405695e-05,6.41382018809321e-05
4.464052482190584e-09,1.4300610751743567e-07,0.00047319071127024167,7.517863536769643e-05,3.822297746132976e-05,8.968409838591452e-05
4.464052482190584e-09,5.814151987496734e-07,0.0009740159478266696,6.779962702895186e-05,2.8813221474934045e-05,0.00013928882624591806
4.464052482190584e-09,4.098608842454135e-08,0.00039051731743539427,7.477927008849887e-05,3.001254637750348e-05,9.627014449779403e-05
4.464052482190584e-09,2.166013824730012e-07,0.0007534808399839915,6.381418157366299e-05,3.173310925507774e-05,0.00011498669372431434
4.464052482190584e-09,2.232663688184804e-07,0.00038768993449438767,5.742446316056761e-05,2.8492140289888685e-05,7.992798079791548e-05
4.464052482190584e-09,1.858193212429755e-08,0.00022799707900948612,5.7413702388980895e-05,4.256460651354629e-05,6.103686759952582e-05
4.464052482190584e-09,3.4850905969448126e-08,0.0003491949665284038,5.371730176415907e-05,2.122598116386734e-05,7.324036137643275e-05
4.464052482190584e-09,5.526411760715765e-08,0.000220711585615855,5.074785427313712e-05,3.2941507271363175e-05,5.53858954017248e-05
4.464052482190584e-09,2.812509035505988e-07,0.0003719973183304405,7.202195344176886e-05,3.5702664417292165e-05,9.201308618383668e-05
4.464052482190584e-09,2.043029627254799e-07,0.0005631534210983093,7.636024811983315e-05,3.106243160859124e-05,0.00011226154792735765
4.464052482190584e-09,1.0236940543957837e-08,0.0003765348640884937,4.706231241685058e-05,2.037056446825756e-05,7.490608807367803e-05
4.464052482190584e-09,3.1281656635173874e-07,0.0003090013398865654,5.3091675899234304e-05,3.417646919515723e-05,5.776977011663617e-05
4.464052482190584e-09,2.2145556351245835e-07,0.0003988463723081163,4.455558175224693e-05,2.359132242114968e-05,7.058707129450686e-05
4.464052482190584e-09,1.1999887502843606e-08,0.000322714794950683,4.038090934344664e-05,1.5151350394336345e-05,5.964514611646168e-05
4.464052482190584e-09,5.2976995746238495e-08,0.0007779477802261749,6.416750735089998e-05,3.242195369371599e-05,0.00012271016822515329
4.464052482190584e-09,6.067729598419063e-08,0.00032300922559058324,7.078625904976712e-05,3.7752392300655706e-05,8.61244232192296e-05
4.464052482190584e-09,1.1739358265614268e-08,0.0006832892646261711,7.355573282028672e-05,3.5060312841112675e-05,0.00011963374964601757
4.464052482190584e-09,1.307226163152759e-08,0.0005965656621395842,6.758916983378243e-05,2.496554515133792e-05,0.00011988610101092774
4.464052482190584e-09,3.0912687069090456e-08,0.0004896141181986633,5.736941465035367e-05,2.5381321713222515e-05,8.410061748485563e-05
1.688057772260385e-09,1.688057772260385e-09,0.0005807333194126695,5.8881180296894196e-05,1.9019036743862244e-05,0.00011368762147982379
1.688057772260385e-09,9.11216471634704e-08,0.00022798302367295416,6.284255852266734e-05,3.0034224211763878e-05,6.919134855388924e-05
1.688057772260385e-09,5.1185868437987876e-08,0.0004131458949369545,8.405851606041922e-05,3.8194760874559884e-05,0.0001015104835552176
1.688057772260385e-09,1.1477612455261558e-07,0.00021229828903323022,3.4718726901420114e-05,2.145252535574246e-05,4.2169559965323156e-05
1.688057772260385e-09,6.237192642370387e-08,0.0003685167776190994,6.679215859542498e-05,3.6666095959430856e-05,8.179820344115539e-05
1.688057772260385e-09,8.517767375133429e-08,0.00020705859885085008,4.553745951705612e-05,2.8430534165072896e-05,5.123521603225112e-05
1.688057772260385e-09,6.70831167760916e-08,0.00033150316843372473,4.6333265454464025e-05,2.2993353937385756e-05,6.190378191269019e-05
1.688057772260385e-09,1.1475881058266055e-08,0.00032980734263318007,3.9784186553432794e-05,1.2789244378783163e-05,6.211626971939272e-05
1.688057772260385e-09,2.5128291648565735e-08,0.00010874744575377151,3.774686016445001e-05,3.129034683924239e-05,3.4444813490223776e-05
1.688057772260385e-09,2.6887592187526554e-07,0.000587905282764813,0.00011016133923222593,7.353182204228293e-05,0.00011555923596652964
1.688057772260385e-09,1.4744648248852299e-08,0.0005612826099386603,5.4034041534071875e-05,1.5596179858976966e-05,0.00010158571541825008
1.688057772260385e-09,2.145444435621476e-07,0.0004537745851613136,6.333786348561815e-05,2.9861095491040196e-05,8.837879639811343e-05
1.688057772260385e-09,1.423152631409162e-07,0.00037681351368828823,4.3903212391275136e-05,1.929706881499541e-05,6.418218607708671e-05
1.688057772260385e-09,7.621905374070159e-08,0.0004241246336563132,7.034737429644948e-05,3.05961205322056e-05,9.08069346263252e-05
1.688057772260385e-09,8.039365576532466e-08,0.000563907984280963,5.045284706156827e-05,1.8665499815212437e-05,9.56354549851779e-05
1.688057772260385e-09,3.5538741958358274e-07,0.0006663521456969122,8.275849148223048e-05,3.099837815302597e-05,0.00011808667218618386
1.688057772260385e-09,1.580919083193392e-07,0.0009920114954361083,7.319583623527691e-05,3.0242921926566948e-05,0.0001531211400486824
1.688057772260385e-09,2.982521607507242e-08,0.0005010070620611801,7.675358169051974e-05,2.283327562465216e-05,0.00011466361124837954
1.688057772260385e-09,1.7408332568213345e-08,0.00043111461846565496,5.186308937248676e-05,1.5499173378983383e-05,8.845868006204093e-05
1.688057772260385e-09,2.3005444567412203e-08,0.00032896644103318776,6.791992472537512e-05,3.38841145733254e-05,8.043151609692204e-05
1.688057772260385e-09,1.8695536258658338e-07,0.00024486832168169693,5.0378230807535733e-05,2.9181078439390705e-05,6.21451787237038e-05
1.688057772260385e-09,1.1504645157889918e-07,0.0003751376183325452,6.895090323771656e-05,4.489284179845942e-05,7.913901903088954e-05
1.688057772260385e-09,5.2548503521118194e-08,0.00031118085781880924,4.55453350063079e-05,2.659753208109386e-05,5.866664168284315e-05
1.688057772260385e-09,1.4054983736416095e-07,0.00026233130672574206,5.0127186171619506e-05,2.6043919842933333e-05,6.177857872571538e-05
1.688057772260385e-09,8.076679247210575e-09,0.00039910187527888394,4.844631994751776e-05,2.303398370080764e-05,7.042700543227327e-05
1.688057772260385e-09,1.2368995464450696e-07,0.0003451478516938748,4.775475248012778e-05,2.3302667388761017e-05,6.822162505045364e-05
1.688057772260385e-09,1.1184675649313613e-07,0.000416092507844739,5.14883610600507e-05,2.3610573870188406e-05,8.001063080186602e-05
1.688057772260385e-09,2.6220976973237732e-08,0.00013587016950059096,3.764202905942749e-05,2.91283545797322e-05,3.727702313184013e-05
1.688057772260385e-09,2.214529547704182e-07,0.00040915446786673424,6.938756908828807e-05,3.5406181088618025e-05,8.546427613786262e-05
1.688057772260385e-09,9.292382102892928e-08,0.00038823225699426107,5.37552588118983e-05,2.5206167245837255e-05,7.716184329020609e-05
1.688057772260385e-09,3.6689672651635226e-08,0.00023160737679411188,4.963794523508979e-05,2.5916025144640724e-05,5.959296290841296e-05
1.688057772260385e-09,8.223268956727091e-08,0.0005922109657240593,7.098823485971804e-05,2.804519252280713e-05,0.00011464234372011623
1.688057772260385e-09,1.6266949731986144e-07,0.0014287074760487668,6.742722981905218e-05,1.2903241014485635e-05,0.00020511541343406204
1.688057772260385e-09,1.5229587404371714e-07,0.0004186624201134996,3.949941832567644e-05,1.6413790353937374e-05,7.344435315834351e-05
1.688057772260385e-09,1.5230854704099315e-07,0.00043888616408829887,5.2271577037776585e-05,1.8975342838866197e-05,9.302023946684718e-05
1.688057772260385e-09,2.1320979668892325e-07,0.00011111799755967168,3.663013347251102e-05,2.334254589442723e-05,3.3644302995707834e-05
1.688057772260385e-09,3.305431973154589e-07,0.0007918138538953499,0.00010054424551596813,3.693480169233359e-05,0.00015139628949947443
1.688057772260385e-09,4.563806054158652e-08,0.0009244606877927047,8.292334467815066e-05,2.0449918939824263e-05,0.00018054401603509926
1.688057772260385e-09,9.222341156714118e-08,0.00041719952568929156,6.004797555196424e-05,2.2824006408815018e-05,8.50849760640176e-05
1.688057772260385e-09,1.0892023991035191e-07,0.0002688213436762847,5.486100448779229e-05,3.5808273443405634e-05,6.065442727734161e-05
1.688057772260385e-09,5.583111369453704e-07,0.00017740280198945386,3.92346745026601e-05,1.708964698680638e-05,4.89381628811071e-05
1.688057772260385e-09,4.697598566798546e-07,0.0003700475600957878,7.309975429133854e-05,6.037883163155978e-05,7.335157055740882e-05
1.688057772260385e-09,2.2578707906644765e-07,0.00027614569368521896,3.816394521899221e-05,1.2625304749899976e-05,5.864162611438372e-05
1.688057772260385e-09,1.4374046185284843e-07,0.0005224222473632849,5.7278318799252516e-05,2.955428111864645e-05,8.575385895305761e-05
1.688057772260385e-09,3.307869191551995e-07,0.0002433240060856121,3.548543261454398e-05,1.955496421601375e-05,4.3787841644626564e-05
1.688057772260385e-09,2.072302471499832e-07,0.00018013314761522,4.6080728462767896e-05,3.390703854145943e-05,4.922207609339893e-05
1.688057772260385e-09,1.9993078551506094e-07,0.00025958324293646253,4.685259778784341e-05,2.950072766220171e-05,5.698381736771451e-05
1.688057772260385e-09,2.9069681174672964e-07,0.00013059905041690393,2.9642394129185548e-05,1.3024610140814192e-05,3.244953327314107e-05
1.688057772260385e-09,4.4572348754450237e-07,0.0003272309835639602,6.014985439001894e-05,4.0419203063276515e-05,6.850647577098352e-05
1.688057772260385e-09,7.206708535438672e-07,0.00016564009859410504,4.00792302751534e-05,2.272475671295525e-05,4.297840423140681e-05
1.688057772260385e-09,3.5639573487689274e-07,0.0002469129564785277,7.585640002376476e-05,6.0165211052816815e-05,7.423388454548579e-05
1.688057772260385e-09,2.3496293871586767e-07,0.0002581668734891374,4.783642697417955e-05,2.0981292316936357e-05,6.10169051868544e-05
1.688057772260385e-09,2.4465300179849504e-07,0.0002672566995446167,4.0653678750686175e-05,2.1645539137092108e-05,5.661541319236329e-05
1.688057772260385e-09,1.9685568774415339e-07,0.00028377799620358276,6.401661175161796e-05,4.8293028550114645e-05,6.746073312406744e-05
1.688057772260385e-09,3.297622087562251e-07,0.00012460478948762325,3.3845711440397166e-05,2.187102002841732e-05,3.3854859892284396e-05
1.688057772260385e-09,2.3024402383900399e-07,0.0004063545741158759,7.59439849696019e-05,4.67624356089385e-05,8.526364811635013e-05
1.688057772260385e-09,3.8484957493475184e-07,0.0002667064515155389,4.213183537824797e-05,1.873720633980078e-05,5.2540975018607195e-05
1.688057772260385e-09,2.542353412145975e-07,0.0006417491494783914,6.616356737879337e-05,3.2321966804929535e-05,0.00010190065570819654
1.688057772260385e-09,3.808790003041191e-07,0.0006741393646133066,4.653615850771007e-05,1.3787661252712388e-05,0.00011209965528908445
1.688057772260385e-09,3.3320645129808936e-07,0.00017438431837058616,3.4802307898135586e-05,1.2579470680672156e-05,4.278994679053575e-05
1.688057772260385e-09,4.6271356082447073e-07,0.00039179400002000683,6.376125288991736e-05,5.187877614112241e-05,7.362905958443627e-05
1.688057772260385e-09,6.941669091855999e-07,0.0002931652770909967,3.995256547083799e-05,1.4336819945699174e-05,5.623378619812777e-05
1.688057772260385e-09,4.1563203751476077e-07,0.00017476302392802206,3.936108275453651e-05,1.5962978606323113e-05,4.6985451421087575e-05
1.688057772260385e-09,3.3361367971335663e-07,0.00027829643114396887,5.824481683226108e-05,2.3091371882323045e-05,7.311840281614885e-05
1.688057772260385e-09,2.4902461046386826e-07,0.000617152253846773,7.03116303472024e-05,3.1172823253838776e-05,0.00010655765134406193
1.688057772260385e-09,1.9584190673324862e-07,0.0002935022440491434,4.3357473891294734e-05,1.7974108315586773e-05,6.399813540395433e-05
1.688057772260385e-09,3.039665128714648e-07,0.0003583215791201864,4.9653203413407605e-05,2.0450061459024094e-05,7.092856993391963e-05
1.688057772260385e-09,1.4450158524575643e-07,0.00029238474374713937,4.8603733047159136e-05,1.123403899000276e-05,7.452504718947642e-05
1.688057772260385e-09,1.2564900024515017e-07,0.00024025048350766973,4.7619385078458926e-05,3.176950506891608e-05,5.395217130692047e-05
1.688057772260385e-09,2.738784796791775e-07,0.0002986156200800887,3.550784616724763e-05,1.1987986581323553e-05,6.108458306366674e-05
1.688057772260385e-09,1.7890710103377914e-07,0.00021384608085301275,4.059963055093276e-05,1.4222173304598645e-05,5.188694590809853e-05
1.688057772260385e-09,2.296147512413457e-07,0.00022046750022933868,4.69744360481145e-05,2.8993827348527763e-05,5.2187374570890316e-05
1.688057772260385e-09,1.6992254245213606e-07,0.0002532658091076238,3.594302139546311e-05,1.7102494716829134e-05,4.7498684917667414e-05
1.688057772260385e-09,1.18547212389404e-07,0.000144727177131536,2.0745311281860018e-05,8.012300400028822e-06,2.8640202052046217e-05
1.688057772260385e-09,3.0108258070407367e-07,0.0004338974055410819,3.894337793072661e-05,4.656699660971238e-06,7.303337803497236e-05
1.688057772260385e-09,1.474103407739878e-07,0.000316230250736682,3.688930041189511e-05,1.7909309463728037e-05,6.021667236703021e-05
1.688057772260385e-09,1.1870919062021572e-07,0.00018592060099936706,2.663532485114922e-05,1.0556943709544304e-05,3.851600893014327e-05
1.688057772260385e-09,1.1371850977316187e-07,0.00010071042115923686,2.1590056403317873e-05,9.914143991034748e-06,2.6057904306783147e-05
1.688057772260385e-09,2.553354422451405e-07,0.00025579296227641905,4.4542806278829754e-05,3.1312454616748754e-05,5.774645091317875e-05
1.688057772260385e-09,2.4090454796276943e-07,0.0001789844931931405,3.773183705747027e-05,2.2774129557414732e-05,4.088172596903612e-05
1.688057772260385e-09,9.332468186297754e-08,0.00016195047214291337,3.907502287242284e-05,2.8788224905031308e-05,4.222501857860133e-05
1.688057772260385e-09,7.689593175952287e-08,0.00028536020892938607,6.085340990108882e-05,2.425846805578053e-05,7.123797053091933e-05
1.688057772260385e-09,8.115380044086497e-08,0.00032921956550737417,3.3298127815091355e-05,9.282868242792568e-06,5.4721492511876165e-05
1.688057772260385e-09,8.758144548964972e-08,0.00024279990444122165,4.533265566185469e-05,2.8429497789508786e-05,5.366787714637472e-05
1.688057772260385e-09,2.023996078331949e-07,0.0004226969237345463,3.1196850584083105e-05,1.620874655868443e-05,6.344712780682773e-05
1.688057772260385e-09,2.3185736589868503e-07,0.0004928311337423085,4.144449666590812e-05,1.7423108926036572e-05,7.396688502752132e-05
1.688057772260385e-09,2.1359060939277784e-07,0.0001489260667979526,2.868804726308742e-05,1.102400097584089e-05,3.3842109552900814e-05
1.688057772260385e-09,2.5874570494060144e-07,0.0003544471448010422,5.741215739487344e-05,3.105340719717172e-05,7.296572546254384e-05
1.688057772260385e-09,2.2992093586281393e-07,0.00044771814280641865,4.3514234704101224e-05,2.0561529282195927e-05,7.257007022698126e-05
1.688057772260385e-09,4.6027486563607034e-07,0.00012716615476059912,3.59480818308438e-05,2.6709329366154804e-05,3.5742615127919966e-05
1.688057772260385e-09,3.2075007689508626e-07,0.0002077904470994249,7.029177481841968e-05,5.467224776446039e-05,6.369495678571125e-05
1.688057772260385e-09,2.8781347849327916e-07,0.000284086128795258,5.6196901308013015e-05,3.135434340859683e-05,6.62010417622645e-05
1.688057772260385e-09,1.573726281512473e-07,0.0003261089697914202,4.086672416880039e-05,2.0635949936154363e-05,6.243284049185077e-05
1.688057772260385e-09,1.7173485773106933e-07,0.00029487841563790256,4.1480802652997624e-05,2.3574089003558906e-05,5.638017956889376e-05
1.688057772260385e-09,2.493121294927615e-07,0.0002824106563273349,3.466653314573611e-05,2.071164572016447e-05,4.888133339394552e-05
1.688057772260385e-09,2.8219150371975366e-07,0.0002790640047184091,3.3207202697278974e-05,1.2063938809453604e-05,5.486058829459535e-05
1.688057772260385e-09,2.1745133317854102e-07,0.00016355865587395165,3.380460301602783e-05,1.782223359817065e-05,4.0738593742478735e-05
1.688057772260385e-09,5.7169523573557605e-08,0.0001621482268650694,3.6639648413948144e-05,2.0471723343176837e-05,3.802058563470722e-05
1.688057772260385e-09,1.7004196787212206e-07,0.00020602010908169445,3.7727665225411045e-05,2.012298653558144e-05,5.046087941876305e-05
1.688057772260385e-09,2.009948798987245e-07,0.00017533395651175458,3.984667461672627e-05,2.4674165869078314e-05,4.353111064581454e-05
1.688057772260385e-09,3.393399720967642e-07,0.0003422998784345309,4.5342484991800396e-05,2.8127343981841726e-05,5.899354053776125e-05
1.688057772260385e-09,2.6944855512156545e-07,0.00030371363692305883,3.8438441997634084e-05,1.959467046666289e-05,5.860081728954996e-05
1.688057772260385e-09,1.8239645967126685e-07,0.00018384708324209654,2.9776311542860466e-05,1.4813994874742403e-05,3.821724691978258e-05
1.688057772260385e-09,3.5900284619064803e-07,0.0007519234136763312,7.5644630403134e-05,5.0408250981741747e-05,0.0001158426544621202
1.688057772260385e-09,2.1557571318313105e-07,0.0004209788671543291,3.0342097366372823e-05,1.3702682550352052e-05,6.13601712137901e-05
1.688057772260385e-09,1.6515044592604335e-07,0.000613159759423945,6.0019222629329965e-05,1.577469049961902e-05,0.00010617502813430601
1.688057772260385e-09,2.313363645471102e-07,0.0012507047058442403,7.310004890441267e-05,1.193184975512404e-05,0.00020059607350384216
1.688057772260385e-09,3.41073256513778e-07,0.0004394624477800213,4.955491664005669e-05,2.0090248903986593e-05,8.486753837809105e-05
1.688057772260385e-09,1.8166989562845506e-07,0.00032711027833095077,3.19568442209998e-05,1.314966475681672e-05,5.9572342404036736e-05
1.688057772260385e-09,2.546400017313973e-07,0.0005885258800146672,5.12722940233653e-05,2.683370434300231e-05,9.28221795009719e-05
1.688057772260385e-09,1.9882080569357814e-07,0.00024397854037101272,2.7257240766980534e-05,6.964905218655733e-06,4.7840709770475964e-05
1.688057772260385e-09,2.3314605208505187e-07,0.0003190408303934727,3.399347190073122e-05,1.1146965547516955e-05,5.860517457680216e-05
1.688057772260385e-09,1.198677577691111e-07,0.00018162146963870399,2.5998758341115707e-05,1.4768324786194438e-05,3.830222338966111e-05
1.688057772260385e-09,1.643635008049027e-07,0.00013351680945014125,2.3335037091946044e-05,1.057004721054144e-05,2.7612196807330272e-05
1.688057772260385e-09,4.6879313882076085e-07,0.0001344036006277105,3.4555004981244486e-05,2.1900955069655425e-05,3.2822706906652144e-05
1.688057772260385e-09,3.036703687892539e-08,0.00023621782058413232,3.419973513899034e-05,1.0931109958868712e-05,4.794619751264542e-05
1.688057772260385e-09,1.2963218933165835e-07,0.0003597816706815086,3.397782297451597e-05,1.994636704901237e-05,5.5552333129467194e-05
1.688057772260385e-09,6.906040312442246e-08,8.712363650480505e-05,2.0607352505224945e-05,1.1462699228724727e-05,2.2448460754238148e-05
1.688057772260385e-09,3.918762618306092e-08,0.00024980063385530494,3.814775904203651e-05,2.4433203636911957e-05,4.887045478516389e-05
1.688057772260385e-09,6.644903822682945e-08,8.171010849591431e-05,1.9645986060149666e-05,1.2255413202176924e-05,2.1896668176950928e-05
1.688057772260385e-09,1.3698710383557818e-08,0.00021402392492935132,3.54819904961238e-05,1.0182814571001745e-05,5.445113128552693e-05
1.688057772260385e-09,6.698058833358693e-08,0.0003086414303310211,3.940225939816581e-05,2.1714209675063847e-05,5.949285649414898e-05
1.688057772260385e-09,2.7905946121631227e-07,0.0001102222136776137,2.2227177290848034e-05,1.1070646594600247e-05,2.684789755766331e-05
1.688057772260385e-09,3.424004260592714e-07,0.00020018245764134797,3.338592848952291e-05,1.423999017590431e-05,4.468600208221147e-05
1.688057772260385e-09,1.0555191810583919e-07,8.174248062792299e-05,1.7981414788868386e-05,1.0279968743157894e-05,1.919001040349402e-05
1.688057772260385e-09,6.190525797713355e-07,0.0002627751427956809,5.02416404183582e-05,2.37399381419075e-05,6.087112785630564e-05
1.688057772260385e-09,5.984160906354636e-08,0.00017726867543392676,3.259278262855802e-05,1.7670321592450822e-05,4.153800418517231e-05
1.688057772260385e-09,3.4569523376366737e-08,0.00020481075664752682,3.681394474873679e-05,1.6049636277632722e-05,5.021968807883845e-05
1.688057772260385e-09,5.455144917154033e-08,0.00024034415590514765,3.064758351733702e-05,1.1487138181791073e-05,4.887438036462318e-05
1.688057772260385e-09,3.5583367088122174e-08,0.00011396292694652777,2.4004058235404437e-05,1.2417571653368727e-05,2.7770787350757458e-05
1.688057772260385e-09,7.06767806832763e-08,0.00021810323214314367,2.8448301555224865e-05,5.652653823269868e-06,4.656569540695636e-05
1.688057772260385e-09,8.2175593848851e-09,0.0002855426267301343,2.8088048657233752e-05,1.1304561795405991e-05,4.472630507502486e-05
1.688057772260385e-09,3.459433541334988e-08,0.00018128653740111852,2.52976227407732e-05,1.3150302314528249e-05,3.489331265891261e-05
1.688057772260385e-09,9.889551306590173e-09,0.0002249138429727591,3.2961861109369084e-05,2.411588000331276e-05,3.9644694026690564e-05
1.688057772260385e-09,2.7208605324933e-07,8.196910267481048e-05,1.741471317676667e-05,7.969316495575178e-06,1.977503310716336e-05
1.688057772260385e-09,2.81640384405694e-07,0.00017988654151286152,4.5422431699594536e-05,2.3820724742351177e-05,5.142780286692886e-05
1.688057772260385e-09,5.8225678059501826e-08,0.00016782685935385272,2.9641974829312734e-05,2.0194328227394103e-05,3.62163404647958e-05
1.688057772260385e-09,5.0319456757644987e-08,0.00023005743154448446,3.7929614016220676e-05,2.184764305137169e-05,4.6746102402646403e-05
1.688057772260385e-09,3.63472756546969e-08,0.00019613701164901642,2.8265782894925895e-05,1.4499397297729063e-05,3.5831738385684365e-05
1.688057772260385e-09,4.361885733793446e-08,0.00013340680548825504,2.238529746525831e-05,1.0164114363922791e-05,2.9546740901916185e-05
1.688057772260385e-09,1.6029354194279656e-07,0.000114143997880785,3.0345449010844607e-05,2.014673784710781e-05,3.01407658317808e-05
1.688057772260385e-09,7.429375428781225e-09,0.00020529083060458734,3.497600699368519e-05,1.2845375834841039e-05,4.4148689828927424e-05
1.688057772260385e-09,3.141005362487135e-08,0.00012106358299175736,2.3786787438451974e-05,9.001014169251829e-06,3.191766749405182e-05
1.688057772260385e-09,6.886424950072051e-08,0.0003197046968038769,3.216873934626144e-05,1.795835256857447e-05,5.356120264680271e-05
1.688057772260385e-09,1.6799511855992652e-07,0.00022006412281058447,1.9447255541676573e-05,3.6141119865050297e-06,3.626520507650528e-05
1.688057772260385e-09,1.698433698091316e-07,9.670710998573187e-05,1.9253777153812044e-05,1.4194509983109247e-05,2.0289693142910448e-05
1.688057772260385e-09,4.354055276370177e-07,0.00013790658236050444,2.1893244742073743e-05,1.5424617658646045e-05,2.4099600025526082e-05
1.688057772260385e-09,3.2145102499012796e-07,0.000181505129363737,2.778051961503877e-05,1.4160613847297139e-05,3.787174823765347e-05
1.688057772260385e-09,2.766385547499073e-07,0.00013744107093554823,2.8288831970748076e-05,1.202291608703762e-05,3.847757519533693e-05
1.688057772260385e-09,5.184168254744214e-07,7.732336389585542e-05,2.095571086342551e-05,1.1386128217295467e-05,2.2255781464262644e-05
1.688057772260385e-09,4.2699766105447585e-07,0.00021266008348341505,3.504755208692201e-05,1.363979229146209e-05,4.402042278216065e-05
1.688057772260385e-09,4.556455101892809e-07,0.00017284868865610924,2.492771376951111e-05,7.43240101179475e-06,4.019605331731083e-05
1.688057772260385e-09,4.811049922536622e-07,0.00020952198610076094,3.098311676874792e-05,1.4835778591094684e-05,4.088902156098107e-05
1.688057772260385e-09,5.043542387754207e-07,0.00034780411053375696,3.2463392594027536e-05,1.7630612161958022e-05,5.362915892740984e-05
1.688057772260385e-09,6.766322093474211e-07,8.606140228028641e-05,1.5736884129177347e-05,7.038194223326099e-06,2.0152880450325087e-05
1.688057772260385e-09,5.071895286492439e-07,0.00034774934767793316,3.817038175050328e-05,2.309010903533989e-05,5.504991326322894e-05
1.688057772260385e-09,5.717349114746198e-07,0.0005084715182791035,3.226398799216544e-05,1.6005489069802567e-05,7.314551784905841e-05
1.688057772260385e-09,5.591468644693436e-07,0.00019171054137364545,3.2986380685412744e-05,1.602991858302272e-05,4.3963451390928276e-05
1.688057772260385e-09,5.777601910054267e-07,0.0001683856415520931,3.210363406019646e-05,2.2573258477326892e-05,3.523917111891463e-05
1.688057772260385e-09,7.103326996473722e-07,0.00021382888255572457,3.079052412754208e-05,1.2168144537068621e-05,4.804194971193824e-05
1.688057772260385e-09,9.593133323527244e-07,0.00029457212591287436,4.425330750777558e-05,1.8166861128048963e-05,6.347389011930873e-05
1.688057772260385e-09,8.069945969233942e-07,0.0002903838075468922,2.812525056640833e-05,1.3225632346249036e-05,4.749620884572203e-05
1.688057772260385e-09,5.31345763304942e-07,0.00032828444735524104,3.9223786406977556e-05,1.6160244345573076e-05,6.47560326094285e-05
1.688057772260385e-09,8.968709543558465e-07,0.00037187899337179944,4.672533170281715e-05,2.8262437154319323e-05,7.156369258013214e-05
1.688057772260385e-09,6.639610499616471e-07,0.00013867170753713905,2.6103783048739122e-05,1.4044398173244592e-05,3.34880303016785e-05
1.688057772260385e-09,7.438484205518734e-07,0.00020238059277332288,3.238680458126511e-05,1.2014528019857191e-05,4.457176450047909e-05
1.688057772260385e-09,5.419114085880638e-07,0.000401755206421359,3.235904441701847e-05,1.7613798144102678e-05,5.914950118798376e-05
1.688057772260385e-09,5.688762446497082e-07,0.00014517064470449885,2.254245658990988e-05,1.1230429969377447e-05,3.1868022127790784e-05
1.688057772260385e-09,5.43902546668053e-07,0.00022975537414952158,3.803182465869204e-05,1.1657561213418396e-05,5.023739376357603e-05
1.688057772260385e-09,5.439551414700831e-07,0.0003071345074182904,3.4246839120990354e-05,1.166265429722649e-05,5.824206808602832e-05
1.688057772260385e-09,5.978454009561753e-07,0.00026883773948708736,3.7279609697856845e-05,1.8995207573981722e-05,4.681644090381255e-05
1.688057772260385e-09,5.714035654641843e-07,0.0001628498215813583,3.076578074161707e-05,2.0507370191911365e-05,3.809852994163936e-05
1.688057772260385e-09,7.076625972140594e-07,0.0001745856827177633,4.320138974538907e-05,1.715461556901427e-05,5.2869043424370346e-05
1.688057772260385e-09,4.853816400964792e-07,0.00020571743443101502,3.824897324776553e-05,1.544230527592246e-05,4.588457520388807e-05
1.688057772260385e-09,3.3522457059799506e-07,0.00016292358402363,2.916015681290211e-05,1.5233885731833877e-05,3.589521689158914e-05
1.688057772260385e-09,3.810943461893741e-07,0.00011952095279140845,2.0865372499157636e-05,8.20907103595999e-06,3.0145041137087626e-05
1.688057772260385e-09,3.0184037769871785e-07,0.00011641177589407415,2.112276143164799e-05,7.920360805260115e-06,2.8836298988037785e-05
1.688057772260385e-09,2.63028259676615e-07,4.968130141288431e-05,1.4882723601645582e-05,9.252873267351662e-06,1.4957566610314485e-05
1.688057772260385e-09,2.559663539871276e-07,0.00017146460140799689,3.70579615266257e-05,1.7097537404671703e-05,4.270672842068579e-05
1.688057772260385e-09,2.7370427317233485e-07,0.0001373176216394298,1.7450262276684607e-05,5.4574027441691e-06,2.596069674512508e-05
1.688057772260385e-09,3.568841088058416e-07,0.00013166372868669894,2.881572176552964e-05,1.0996666340829686e-05,3.614046437430776e-05
1.688057772260385e-09,2.447792188128809e-07,9.115559184599644e-05,2.0564075586465663e-05,1.095142481937409e-05,2.4022476156856265e-05
1.688057772260385e-09,2.9402988022455895e-07,0.0001349288506176691,2.849942582706415e-05,1.0846457936468525e-05,3.251679654665109e-05
1.688057772260385e-09,2.4572433078617944e-07,0.00015535840715098315,2.5616485089384385e-05,1.0167832954094485e-05,3.337188828239473e-05
1.688057772260385e-09,2.3667772551186064e-07,0.0002535435837307909,3.488679632304153e-05,2.651531288901886e-05,4.2550682379840456e-05
1.688057772260385e-09,1.8895713409480144e-07,0.0003180077548087079,2.8182733145956754e-05,9.48789961027615e-06,5.2648927084139344e-05
1.688057772260385e-09,1.2714689559897015e-07,0.000127122956347805,2.5148051754124282e-05,1.0442369797917337e-05,3.384250256465571e-05
1.688057772260385e-09,2.7028323444200857e-07,0.00011115479672378346,2.1807493445650242e-05,9.951927540154851e-06,2.597235512363264e-05
1.688057772260385e-09,2.19646947418237e-07,0.00014588614597940667,2.483022182780862e-05,1.0652896738019458e-05,3.5224131917129096e-05
1.688057772260385e-09,1.7003967667441178e-07,0.00010717927144394547,1.7597672809655927e-05,9.85291950191598e-06,2.3523900902253072e-05
1.688057772260385e-09,1.1021794580050299e-07,0.00021991456821997136,3.2494066859261967e-05,7.0529835543286694e-06,4.851627593005773e-05
1.688057772260385e-09,1.984359160563352e-07,0.00012922525016523598,1.7189839568057848e-05,5.174724555897546e-06,2.880634231418964e-05
1.688057772260385e-09,2.713126305629312e-07,0.00016926154167348634,2.4943582632882822e-05,9.816894276448844e-06,3.9995433478012795e-05
1.688057772260385e-09,3.221254251354598e-07,0.0001711124625953429,2.8730957762466234e-05,1.6450770109233138e-05,3.3169520783670197e-05
1.688057772260385e-09,1.211606920295408e-07,9.030360273246895e-05,1.5434651914196757e-05,5.728990302631485e-06,2.1945507176270925e-05
1.688057772260385e-09,2.0645932939643335e-07,0.00018430855252980934,2.653922103401612e-05,1.678167483341513e-05,3.360448666598083e-05
1.688057772260385e-09,2.1969143211072863e-07,7.981847414580617e-05,1.6198179629779255e-05,9.09618140865259e-06,1.804001164380481e-05
1.688057772260385e-09,3.3081858805104407e-07,0.0001917752186497546,2.9442452594853692e-05,1.2909663271369575e-05,4.2391212059466796e-05
1.688057772260385e-09,3.9131463475490786e-08,0.0003946631222586487,2.7598923906266124e-05,9.420751475370017e-06,5.943012423295091e-05
1.688057772260385e-09,4.0497234682613844e-08,0.0001288049002951785,2.3806958019243714e-05,1.563524996146998e-05,2.9738155849357625e-05
1.688057772260385e-09,6.5557121860219994e-09,0.00014038510578675488,1.9633019940034358e-05,1.1095794593674298e-05,2.620653468226392e-05
1.688057772260385e-09,2.8280658760733714e-08,0.00010915061958425909,1.954085021113714e-05,8.613463531901827e-06,2.540582142462849e-05
1.688057772260385e-09,7.216337520193639e-08,0.00010363800390851277,1.8329483308206004e-05,8.559545635117604e-06,2.4081944502604107e-05
1.688057772260385e-09,6.119747442089153e-08,9.785104544241857e-05,1.4007689055895995e-05,5.924315448380744e-06,1.952678422719999e-05
1.357192167658767e-09,1.357192167658767e-09,0.00011861209768562205,2.438390155697043e-05,1.4394088862225874e-05,2.8503204097675644e-05
1.357192167658767e-09,1.3566479259784189e-08,0.0001225126416137021,1.466826577495051e-05,8.702681549277802e-06,2.0569756317934586e-05
1.357192167658767e-09,1.6093822196358308e-07,0.00018655921956772664,2.710428379613294e-05,1.1828698869272633e-05,3.975940110807133e-05
1.357192167658767e-09,2.1498105312012023e-08,0.00018316000712641898,2.6101775312279085e-05,8.760309381023381e-06,4.1835699526186754e-05
8.119234379397356e-10,8.119234379397356e-10,0.0001352429491805622,1.986278312945118e-05,7.141963174713247e-06,2.9878732567109073e-05
8.119234379397356e-10,4.557222822061915e-08,0.00013033902992262876,2.2649342132814395e-05,1.1026856562566841e-05,2.7741330779320487e-05
8.119234379397356e-10,3.4713978893209357e-09,8.94539293452716e-05,2.103898304125811e-05,1.0456667331932372e-05,2.590999185151082e-05
8.119234379397356e-10,2.8952732706840728e-08,0.00013118251859693523,2.4891379167464037e-05,1.5897675057669767e-05,3.0170729568656723e-05
8.119234379397356e-10,3.5088951666489157e-08,0.00024699437204817965,2.8931859027701424e-05,1.3489880493695911e-05,4.79541738356998e-05
8.119234379397356e-10,6.87293038781323e-08,0.00019702946092206824,1.6956852218595824e-05,4.035410047949844e-06,3.1720264282043435e-05
8.119234379397356e-10,1.567764214367078e-08,0.0001404505098349996,2.0041449272205373e-05,8.684205936457493e-06,2.9138114154754898e-05
5.478751955605474e-10,5.478751955605474e-10,7.941461376710644e-05,1.723701150974578e-05,1.1919562999791924e-05,1.9718904443336624e-05
5.478751955605474e-10,7.0939339645743104e-09,0.0001437879379465597,2.0129483952928913e-05,6.3401004389862705e-06,3.2594899699384445e-05
5.478751955605474e-10,3.237531174937283e-08,0.00022965327980053964,3.2898799728291594e-05,1.6332696305200305e-05,4.4194630837433646e-05
5.478751955605474e-10,1.552950840015287e-08,0.0001770082463783814,1.4619159683478653e-05,5.042806777292779e-06,2.9483319792676375e-05
5.478751955605474e-10,2.6202934884726593e-09,0.00013618575128451215,2.7965899952435515e-05,1.153163471384904e-05,3.700249436899645e-05
5.478751955605474e-10,3.194480619609857e-08,0.00030686217953737333,2.0051351809450717e-05,4.955025553284509e-06,5.2819469496090724e-05
5.478751955605474e-10,3.947838383593328e-08,0.0002274321590578895,2.492390219996999e-05,1.4557815944863714e-05,3.7897941432759494e-05
5.478751955605474e-10,9.077664291156667e-08,0.00016557332904240126,1.7741191657456556e-05,6.728447165371843e-06,3.0366952305239606e-05
5.478751955605474e-10,1.9767927212943992e-08,0.0001473358541723831,2.047595654971432e-05,8.543639162895272e-06,2.9086457311526862e-05
5.478751955605474e-10,1.792976196127489e-07,7.847168876142195e-05,1.8425708022682452e-05,8.66395322673944e-06,2.1604101995515405e-05
5.478751955605474e-10,1.162734157137691e-07,0.00017072877198654577,2.551174232043295e-05,7.821917368170428e-06,3.590108642295374e-05
5.478751955605474e-10,2.054737744988413e-08,0.00019245058040162475,2.4579863365220034e-05,1.4343442911912853e-05,3.6441404131287895e-05
5.478751955605474e-10,3.517215041688385e-08,8.972695621184054e-05,1.5911405669774395e-05,7.2602540118603465e-06,2.0850019510065915e-05
5.478751955605474e-10,3.0352673966511245e-08,0.0002342361957629082,1.9273445266489078e-05,6.500245000122727e-06,3.6614931808860654e-05
5.478751955605474e-10,2.876902056535298e-08,0.00010079902778051482,1.4998488194788382e-05,7.238827531277513e-06,2.061953326274519e-05
5.478751955605474e-10,1.496844064729884e-07,9.223469709410844e-05,1.9850738173792252e-05,1.0723803500046506e-05,2.2006378419206617e-05
5.478751955605474e-10,3.244887401893979e-08,8.352995592789303e-05,1.1670495615181987e-05,4.265127348311108e-06,1.755602138245555e-05
5.478751955605474e-10,3.903555795741144e-08,6.962222058399027e-05,1.3235137367813225e-05,8.000896928792178e-06,1.546677862056531e-05
5.478751955605474e-10,3.2828232779293965e-08,6.796586113558738e-05,1.2701958191498637e-05,6.142304140472887e-06,1.5594914192574313e-05
5.478751955605474e-10,4.689451612555089e-08,9.589069564766886e-05,1.7647847122311452e-05,7.749086457167473e-06,2.3187966060509824e-05
5.478751955605474e-10,7.225906833628306e-08,9.48875810416214e-05,1.5558878011688537e-05,6.990231577458449e-06,2.1679610806506038e-05
5.478751955605474e-10,8.995134740864633e-08,0.00016359185241310626,2.1501334640678808e-05,8.716278073959244e-06,3.380121558826404e-05
5.478751955605474e-10,1.4242162905877523e-07,0.00016597900012910326,2.4245742848970636e-05,1.1719348294507877e-05,3.427163340926243e-05
5.478751955605474e-10,1.280234931351929e-07,0.00010445617606721219,1.7404553876381955e-05,7.276192421356173e-06,2.36561566637772e-05
5.478751955605474e-10,1.4320304392501407e-07,0.00012516887234788896,2.779202463414324e-05,1.810686540093584e-05,3.092348950801908e-05
5.478751955605474e-10,1.8232524590587577e-07,0.00010037099838765184,1.3581638474532675e-05,9.855911281967454e-06,1.731177209627764e-05
5.478751955605474e-10,2.4805876951752617e-07,0.0001412259551211816,2.31489294981189e-05,1.378383115960867e-05,2.681737355600985e-05
5.478751955605474e-10,1.898084437739252e-07,9.211432792391817e-05,9.388668840567488e-06,3.1546734567436694e-06,1.5520498527845345e-05
5.478751955605474e-10,2.111023180662162e-07,9.075649723240547e-05,2.0228105339063674e-05,1.3575322339182254e-05,2.3252470173803794e-05
5.478751955605474e-10,1.3756526060708976e-07,6.278212318858186e-05,1.3602030533594095e-05,1.100651930490255e-05,1.3840143298883017e-05
5.478751955605474e-10,1.3721439290361937e-07,8.705940899442777e-05,1.7219358058003798e-05,7.534986751592843e-06,2.1307262887171397e-05
5.478751955605474e-10,1.0753640887594777e-08,6.394312493734241e-05,1.3599212934733017e-05,8.005755001083527e-06,1.5396112763468206e-05
5.478751955605474e-10,8.388843068769625e-09,8.958851180335735e-05,1.6404438239567778e-05,1.1115968884757002e-05,1.7390010621483627e-05
5.478751955605474e-10,8.561299317444109e-10,9.277316964836372e-05,1.1467598464246515e-05,5.64995342663378e-06,1.6503774281923063e-05
3.8379467943843327e-10,3.8379467943843327e-10,0.00010608691857260454,1.6352214241409236e-05,4.750174862782057e-06,2.318132602499385e-05
3.8379467943843327e-10,3.6015663569475575e-08,6.040091332264162e-05,1.5943805476485918e-05,1.2801726813548973e-05,1.428511735785833e-05
3.8379467943843327e-10,7.750980459638125e-10,7.304070363144405e-05,1.5111766781270807e-05,8.609137560972248e-06,1.5883256696347602e-05
3.8379467943843327e-10,1.8778759401691434e-09,8.96381661561195e-05,1.4871444672504646e-05,6.071222346663588e-06,2.039940000383055e-05
3.8379467943843327e-10,4.6239939618748866e-08,0.0001007903831925711,1.3214176601124154e-05,3.828166678545933e-06,1.9695883223745063e-05
3.8379467943843327e-10,9.829928848032838e-09,6.073675858575697e-05,1.1097289909613482e-05,4.466332736664762e-06,1.3688495597783376e-05
3.8379467943843327e-10,2.692735150448778e-08,9.173229765937097e-05,1.7510727317166946e-05,1.1865857822651192e-05,2.0772853385295695e-05
3.8379467943843327e-10,5.5231992936967885e-09,5.922408258433855e-05,1.2769033114186366e-05,4.197862704390894e-06,1.5616264822980877e-05
3.8379467943843327e-10,4.806271426224281e-09,7.886697201114925e-05,1.6520217211862952e-05,1.111782506950489e-05,1.7609890021253054e-05
3.8379467943843327e-10,2.1666086456176486e-09,5.14667037382623e-05,9.98711549209253e-06,3.907924971152208e-06,1.2906493092950748e-05
3.8379467943843327e-10,4.835583493121058e-08,0.00017675567881197878,2.216026018564662e-05,1.1457524297967213e-05,3.094559613332388e-05
3.8379467943843327e-10,8.755222650552284e-09,0.00017865938450508108,1.8910044329818913e-05,9.734005272441506e-06,2.9801410119713853e-05
3.8379467943843327e-10,2.5800710078352798e-08,0.0001648487380379758,1.2768309604134109e-05,5.806072336514667e-06,2.4485733720853755e-05
3.8379467943843327e-10,1.4842677791037353e-08,0.0001535232019179043,1.6110658954960093e-05,8.82797506637617e-06,2.5714044673183848e-05
3.8379467943843327e-10,1.1694753781754486e-08,0.00013221083593418188,1.347503954714489e-05,6.980942894279831e-06,2.07010343226159e-05
3.8379467943843327e-10,9.794140934052283e-09,6.263855501468413e-05,1.075969101472442e-05,6.592107882819761e-06,1.3350757208321121e-05
3.8379467943843327e-10,7.546015253905572e-09,8.202379569256961e-05,1.4345687834933381e-05,9.322574374220667e-06,1.606026677175374e-05
2.982854541150356e-10,2.982854541150356e-10,9.080128786092428e-05,1.0773224073953758e-05,4.641732904012168e-06,1.591579312864543e-05
2.982854541150356e-10,7.163700933555662e-09,3.913680806842833e-05,9.527855196388254e-06,7.1462177586922645e-06,9.495970007991019e-06
2.982854541150356e-10,1.4524093145104001e-08,8.943250226234671e-05,2.2242611652859273e-05,1.2353457813170815e-05,2.304141372517217e-05
2.982854541150356e-10,1.2950584973105723e-08,6.91076690967599e-05,1.3554230512709477e-05,6.2158569460144575e-06,1.6706577657182276e-05
2.982854541150356e-10,1.4465158470798569e-08,0.00017529389136033694,2.342896954276657e-05,1.3084533992700273e-05,3.199429038407237e-05
2.982854541150356e-10,1.9322488092284894e-08,0.00013701583380827602,1.7284079596564355e-05,8.548387819157785e-06,2.6109516482286274e-05
2.982854541150356e-10,1.150163739080063e-08,5.9242447852076265e-05,1.2158328624373913e-05,6.05222177935559e-06,1.569557781779727e-05
2.982854541150356e-10,1.9633592213328106e-07,0.00015013769938964388,1.7422652051639222e-05,6.711421761446071e-06,2.812970165941679e-05
2.982854541150356e-10,1.1119486609417339e-08,0.0001560061212315769,1.4613878087933135e-05,7.613594659481342e-06,2.4011477735644556e-05
2.982854541150356e-10,9.342007069262302e-09,0.00013907700872633984,1.6544689802126714e-05,6.307299834373498e-06,2.5432090346441533e-05
2.982854541150356e-10,9.665399817706664e-09,0.000153502896657947,1.4545715576097565e-05,4.197072625749011e-06,2.8877037128885945e-05
2.982854541150356e-10,3.600191826647032e-08,7.463857723885421e-05,1.8530908563427818e-05,1.1433107525357195e-05,1.9512205269653382e-05
2.982854541150356e-10,4.737774479839082e-08,0.0001772209401438498,2.0733555436284924e-05,1.2775950365029754e-05,2.7511582118177444e-05
2.982854541150356e-10,4.578645994860834e-08,0.00010214974243274292,1.3825453518389242e-05,8.492993311570757e-06,1.7580227934690204e-05
2.982854541150356e-10,5.6070471801679084e-08,0.00013980291682761937,2.003156935314782e-05,7.06328250962256e-06,2.9815724787507228e-05
2.982854541150356e-10,2.8912815716175045e-08,6.560717867376817e-05,1.3216995032791958e-05,8.245552911279825e-06,1.5821526230901617e-05
2.982854541150356e-10,7.439574763412487e-08,7.170707522128745e-05,1.2949759168878809e-05,6.226015714917849e-06,1.7691314862276243e-05
2.982854541150356e-10,1.8441151254291187e-08,0.0001672628461540133,1.3578389444761898e-05,6.9700490779157724e-06,2.4853729213861055e-05
2.982854541150356e-10,6.440768197825643e-08,7.975419408349097e-05,1.017770972370692e-05,3.7157588328608377e-06,1.3934375855115288e-05
2.982854541150356e-10,4.5724989239181253e-08,7.266533610427754e-05,1.0778393530798659e-05,5.422832523516712e-06,1.4924387714143319e-05
2.982854541150356e-10,2.9783279547798292e-08,5.4156568862845895e-05,1.4358803644492898e-05,8.815908597052069e-06,1.3944325236037653e-05
2.982854541150356e-10,2.1354174000821198e-08,8.764044619923545e-05,1.588955921399692e-05,6.957598671345938e-06,1.949981118783081e-05
2.982854541150356e-10,5.030733876711318e-08,8.008604803037523e-05,1.4430905909541132e-05,8.85726235719762e-06,1.753176961572396e-05
2.982854541150356e-10,1.4737327306986761e-08,7.343677409072578e-05,1.5212447239127644e-05,8.187151192134714e-06,1.8266524466128974e-05
2.982854541150356e-10,1.0530014861969672e-08,6.294431283551956e-05,1.2101939907442963e-05,4.149962670845434e-06,1.681959533734008e-05
2.982854541150356e-10,6.260527732088288e-09,0.00010907678331650104,2.0268465097480013e-05,8.535275864938967e-06,2.6615966159827884e-05
2.982854541150356e-10,2.0412354314158093e-08,7.04808689459721e-05,1.2839194984760702e-05,5.12877726736085e-06,1.867708225521357e-05
2.982854541150356e-10,3.5124158246900795e-08,9.860259833198079e-05,2.0313896670957154e-05,1.0316478905407363e-05,2.4816605299458753e-05
2.982854541150356e-10,7.569586287539196e-09,0.0001337272119940463,1.7441708132679178e-05,7.659184285701192e-06,2.645214094556143e-05
2.982854541150356e-10,1.8840837994889587e-09,9.283323436498077e-05,1.4131878179184832e-05,4.823185864765308e-06,1.953889890506577e-05
2.982854541150356e-10,8.563821566988659e-09,0.00010325483917036896,1.4830316540664748e-05,6.906287641831153e-06,2.1597738514929627e-05
1.8867100046215753e-10,1.8867100046215753e-10,5.16421995984959e-05,1.071630762661773e-05,8.10572156449292e-06,1.1796754523114297e-05
1.8867100046215753e-10,1.7950490941204954e-09,9.778913843387705e-05,1.7237352462634604e-05,6.690930569355431e-06,2.3126039856370166e-05
1.8867100046215753e-10,1.635672849235884e-08,0.00014228870166441135,1.4812852228083713e-05,5.8020659578046575e-06,2.6136909286800035e-05
1.8867100046215753e-10,1.7100834002106024e-08,3.957190251651756e-05,8.123595286485358e-06,3.7342602734735323e-06,9.802179106417928e-06
1.8867100046215753e-10,4.755829882355876e-09,9.091546560764895e-05,1.019278629125225e-05,5.419338607831097e-06,1.6341644269685424e-05
1.8867100046215753e-10,1.632135895105766e-08,4.0226942674938954e-05,1.0699204522951725e-05,5.913344931307111e-06,1.1074703246244696e-05
1.8867100046215753e-10,8.107795766094031e-08,7.261517575663923e-05,1.5194215954961095e-05,5.685702648443958e-06,1.8483407077805556e-05
1.8867100046215753e-10,1.9124466384400803e-09,7.201946827923581e-05,1.0717145688435727e-05,6.627388381486144e-06,1.537709788195795e-05
1.8867100046215753e-10,2.91823115051118e-09,6.203939051019908e-05,1.0575426943728646e-05,5.984755939431866e-06,1.4255576188366655e-05
1.8867100046215753e-10,6.098066271490897e-09,6.204082030834341e-05,9.582738451815976e-06,5.213410082051096e-06,1.2422896791095594e-05
1.8867100046215753e-10,4.924442638790555e-10,6.532853825296354e-05,1.1369063957347376e-05,3.158146327957491e-06,1.5649916097375922e-05
1.8867100046215753e-10,2.4750263912369745e-08,7.543682441124702e-05,1.19785819163227e-05,5.942864843074127e-06,1.6110900249750573e-05
1.8867100046215753e-10,1.4252471339077174e-08,6.964099653722991e-05,1.490064887835146e-05,9.502735873151268e-06,1.548748690584924e-05
1.8867100046215753e-10,1.5192646582874386e-08,3.9792026854423254e-05,1.0078718237475704e-05,5.841353158057455e-06,1.0938419674988162e-05
1.8867100046215753e-10,7.618854575311273e-09,0.00012557063830131624,1.4762609744059284e-05,6.010586618953445e-06,2.1703606334246384e-05
1.8867100046215753e-10,5.347523579724757e-09,0.00025519518046710214,1.6027697824266732e-05,6.796790552312583e-06,3.6373720918159403e-05
1.8867100046215753e-10,2.159052589630833e-08,0.00010264259445622623,1.1779219197364482e-05,4.8603638847412436e-06,1.8927318568277372e-05
1.8867100046215753e-10,2.1433020378688666e-09,7.336944786569768e-05,1.1480156199908534e-05,5.552004851305872e-06,1.4770663510251097e-05
1.8867100046215753e-10,1.1384353741131852e-08,0.00014169819414477935,1.3691050012313828e-05,4.053276862305029e-06,2.434650101743194e-05
1.8867100046215753e-10,3.204422128788807e-08,8.28132408194187e-05,1.28676756116853e-05,6.215614625240604e-06,1.8090231966639945e-05
1.8867100046215753e-10,2.1199541658832094e-09,6.225876541878533e-05,9.418040959132813e-06,4.048220559066398e-06,1.2492909614462952e-05
1.8867100046215753e-10,4.085188906589925e-08,0.00011298998267057698,1.152040717535902e-05,5.596738884363006e-06,1.778676147922874e-05
1.8867100046215753e-10,7.123099228558461e-09,0.00010419099288535227,9.92329215837732e-06,5.119401124114996e-06,1.647579328876248e-05
1.8867100046215753e-10,1.5432444718826485e-08,4.550535010542284e-05,1.0480031825760038e-05,6.3838792319684845e-06,1.2290384941287344e-05
1.8867100046215753e-10,2.4692629682060095e-08,7.900251973021374e-05,1.3427682811207239e-05,8.312891266115377e-06,1.739028025918516e-05
1.8867100046215753e-10,9.160913631912751e-09,0.00010785071117608591,1.0633362422128537e-05,3.1862355982254237e-06,1.9869166008453697e-05
1.8867100046215753e-10,3.915752343542526e-09,0.00016479529509959813,1.0936835243862321e-05,2.312282642482388e-06,2.436929915451076e-05
1.8867100046215753e-10,7.197136475006223e-09,5.347411985484174e-05,8.529927395721696e-06,2.736509918934267e-06,1.1947713492380196e-05
1.8867100046215753e-10,2.922533456625334e-08,9.833909929310946e-05,1.0314166506121977e-05,4.56767473505946e-06,1.5999732701243818e-05
1.8867100046215753e-10,1.386693636489729e-08,5.513292699024012e-05,7.3320777661186775e-06,2.417521774952412e-06,1.0845563112043076e-05
1.8867100046215753e-10,1.7853396718423026e-08,5.930571655418609e-05,8.259880560939643e-06,3.222292193323461e-06,1.2001290935359524e-05
1.8867100046215753e-10,4.377428350169924e-08,4.537242753588749e-05,8.890259328861394e-06,4.6047065269576575e-06,1.0353582853882956e-05
1.8867100046215753e-10,3.365544002036906e-08,5.84694138507044e-05,8.83961589330491e-06,5.326307080242922e-06,1.1467279117368823e-05
1.8867100046215753e-10,1.981735018981099e-08,3.627401480731839e-05,7.731327425250982e-06,2.483745457536901e-06,9.71893812520471e-06
1.8867100046215753e-10,2.5890710010685162e-08,4.796268615206148e-05,9.505792464574112e-06,5.640161100283201e-06,1.1709622449258022e-05
1.8867100046215753e-10,3.3981377072003024e-08,5.8096032190404064e-05,1.1341573243359758e-05,4.943391196761642e-06,1.4355735840656503e-05
1.8867100046215753e-10,7.729903814871187e-08,7.317789261577045e-05,1.1833483840258059e-05,6.160455548526274e-06,1.5108699775191906e-05
1.8867100046215753e-10,5.210840821173604e-08,4.0580705679753565e-05,6.574681126944071e-06,3.971042684860515e-06,8.528276216440967e-06
1.8867100046215753e-10,2.3886530737144627e-08,4.1337549084073064e-05,1.0420981033091831e-05,5.908632993836605e-06,1.0717739692642084e-05
1.8867100046215753e-10,1.163761434536786e-07,5.3623024122165655e-05,9.962005160120509e-06,6.278862946467422e-06,1.1995036599341936e-05
1.8867100046215753e-10,8.283945783205949e-08,6.929003252801382e-05,7.338565068398289e-06,2.5806484215494242e-06,1.1273888148339282e-05
1.8867100046215753e-10,8.120993103622029e-08,4.609752216719871e-05,9.52134279397675e-06,4.366017224045986e-06,1.1695494687874474e-05
1.8867100046215753e-10,1.106429933290464e-07,3.404362627471017e-05,6.531950220541283e-06,4.978596850195075e-06,7.109289144556851e-06
1.8867100046215753e-10,1.295256712732146e-07,6.00454272900666e-05,1.190116001703442e-05,5.558680021245294e-06,1.5001448792377e-05
1.8867100046215753e-10,1.28507104613256e-07,3.94663385054072e-05,9.060322371927897e-06,4.868985275121378e-06,1.021639058400043e-05
1.8867100046215753e-10,1.139243313940878e-07,4.565633178336477e-05,1.045412514545421e-05,6.345937069454783e-06,1.2091567840305511e-05
1.8867100046215753e-10,1.0781764759745719e-07,6.287587494321522e-05,1.02648293473311e-05,4.7611057669848215e-06,1.3505383540551068e-05
1.8867100046215753e-10,7.906468248501128e-08,7.248389356558419e-05,1.3206998149966906e-05,6.804416679108499e-06,1.5240307127526956e-05
1.8867100046215753e-10,1.1248852190150625e-07,6.221216540736189e-05,1.0212460057134564e-05,5.7441458436287485e-06,1.3428721419564728e-05
1.8867100046215753e-10,1.636805337730223e-07,5.273826728333755e-05,1.4023183811811759e-05,9.84691691681412e-06,1.4114125368547572e-05
1.8867100046215753e-10,1.141585946482854e-07,4.4662265521029466e-05,7.6293846159982435e-06,4.568635189452318e-06,8.419108927762274e-06
1.8867100046215753e-10,1.285822312725153e-07,5.534908602907111e-05,1.0177494840256681e-05,4.429804764362913e-06,1.3195483032431968e-05
1.8867100046215753e-10,2.2477207802183814e-07,7.847267045529365e-05,8.143582321006996e-06,3.84222918556666e-06,1.2770897753068601e-05
1.8867100046215753e-10,9.167697901182617e-08,4.647615828488336e-05,7.329143910921982e-06,1.7179382370097513e-06,1.1999221433156657e-05
1.8867100046215753e-10,1.3523549539952824e-07,7.569498145036534e-05,1.164967176669716e-05,7.130365922939813e-06,1.4352110828004162e-05
1.8867100046215753e-10,9.942858745399315e-08,3.0481341468909008e-05,6.965543942448007e-06,3.6741201741230466e-06,7.986622264641357e-06
1.8867100046215753e-10,8.202948374141612e-08,5.479425996474476e-05,1.0641881195461494e-05,5.6646579948236845e-06,1.2705850418674023e-05
1.8867100046215753e-10,7.708072718675061e-08,2.5850431171421966e-05,5.818393617381464e-06,3.895688804228762e-06,6.222181615089177e-06
1.8867100046215753e-10,7.703836427370467e-08,7.694940754145589e-05,1.4732178458884838e-05,9.53247909715524e-06,1.6898221393639678e-05
1.8867100046215753e-10,9.017054742997198e-08,8.796135477541516e-05,5.983955027339819e-06,1.9402840768967548e-06,1.2936536513377358e-05
1.8867100046215753e-10,1.1544519506194887e-07,8.286679061229482e-05,1.0258372551327103e-05,4.176470043084137e-06,1.6241186926503403e-05
1.8867100046215753e-10,1.0118703020167338e-07,8.313518521312978e-05,8.049428376547087e-06,2.9632996166893395e-06,1.4937591044518364e-05
1.8867100046215753e-10,8.405347997849153e-08,5.268301767109449e-05,8.39041564100827e-06,1.931426683352399e-06,1.2794461393643545e-05
1.8867100046215753e-10,2.6981950973659545e-07,6.514300066279787e-05,8.14487135930691e-06,4.771583404940269e-06,1.1303912603323149e-05
1.8867100046215753e-10,1.5302828405029913e-07,2.4914007418412166e-05,5.871802054749106e-06,2.7215713468328222e-06,6.5602785373620076e-06
1.8867100046215753e-10,2.0109872707006705e-07,5.594701085985089e-05,1.0158880048705825e-05,6.021440415438331e-06,1.2264001074372756e-05
1.8867100046215753e-10,2.2714693704083408e-07,3.32653507524356e-05,7.982928248243723e-06,6.435895467855717e-06,7.695526479180796e-06
1.8867100046215753e-10,1.5011382883651955e-07,5.351607848857402e-05,7.990822030484228e-06,3.90213608401196e-06,1.095574036729078e-05
1.8867100046215753e-10,1.3490886937711506e-07,3.9895044439076696e-05,8.955216782205937e-06,4.823785794825623e-06,1.0813725964783667e-05
1.8867100046215753e-10,1.8198393655080255e-07,7.559572308472522e-05,1.0636239773998907e-05,4.454487841243256e-06,1.4583554537263701e-05
1.8867100046215753e-10,1.7012709749501718e-07,0.00011868300236490576,9.31361617966414e-06,3.9961338693360185e-06,1.79835122179612e-05
1.8867100046215753e-10,1.4435708845298176e-07,4.4994204821456064e-05,6.549542231984841e-06,4.189177581428185e-06,7.810580641121799e-06
1.8867100046215753e-10,1.4680916970980152e-07,3.1197442760742566e-05,6.943795157902649e-06,3.968781069568952e-06,8.108332565457705e-06
1.8867100046215753e-10,9.451484248228928e-08,0.00010639887400970522,9.406518328518913e-06,4.1081310076093445e-06,1.6634627056441057e-05
1.8867100046215753e-10,9.242187520424743e-08,0.00012657257093807121,7.16256196588505e-06,2.6841528997968793e-06,1.8031044996291372e-05
1.8867100046215753e-10,5.927771284896927e-08,6.926426922081417e-05,6.556187016179293e-06,3.1125176353569142e-06,1.1034278583436105e-05
1.8867100046215753e-10,6.940667248047585e-08,5.786543299405215e-05,9.660322055423119e-06,4.217562520934252e-06,1.4035992662012472e-05
1.8867100046215753e-10,6.211294622821316e-08,6.806785949783126e-05,9.28416184303644e-06,2.6872718758605357e-06,1.5402452441709744e-05
1.8867100046215753e-10,7.378820724414967e-08,3.762290028182963e-05,6.5137892296583005e-06,2.6810432582654434e-06,9.149292092566602e-06
1.8867100046215753e-10,3.187790005048709e-08,3.0281885202336026e-05,5.375598828516734e-06,2.7842368544466223e-06,6.61978977926903e-06
1.8867100046215753e-10,1.0157285769763623e-07,4.17298037102243e-05,9.281777287199448e-06,5.8088018873595e-06,1.0152176001796747e-05
1.8867100046215753e-10,6.637171269289979e-08,6.667926516095549e-05,8.550062093268288e-06,3.375398946379013e-06,1.3315577569718152e-05
1.8867100046215753e-10,5.6191365411213284e-08,5.0424759516356604e-05,7.644233143143504e-06,4.025143593746761e-06,9.510121205659549e-06
1.8867100046215753e-10,3.181931698083829e-08,4.981408118662512e-05,7.925884082478106e-06,3.357942831881485e-06,1.124077768695094e-05
1.8867100046215753e-10,4.267331390069671e-08,6.119687940028943e-05,9.013479157725106e-06,3.994277269323135e-06,1.2242772379812832e-05
1.8867100046215753e-10,4.0394170799038134e-08,3.235767859438963e-05,6.791451190140773e-06,4.572810831969829e-06,6.9997199052950205e-06
1.8867100046215753e-10,1.9016711919784092e-08,0.00012314946922247673,1.0350106573668606e-05,4.437440701275202e-06,1.829471260941947e-05
1.8867100046215753e-10,9.174471586490304e-09,0.00013943790305474333,8.819614581904478e-06,2.963475646052642e-06,2.0443542983258488e-05
1.8867100046215753e-10,1.171273586333103e-09,6.30552274886456e-05,8.390168777724551e-06,4.07806724515087e-06,1.3781118316685599e-05
1.8867100046215753e-10,6.024375016699208e-08,2.9893866285844118e-05,5.280024263658148e-06,3.2416727408692142e-06,6.214863714190133e-06
1.8867100046215753e-10,1.898237277023543e-09,0.00010042402013636985,9.756866695919283e-06,4.3005670786356205e-06,1.676985077234459e-05
1.8867100046215753e-10,5.365607318279858e-09,0.00010622875388765386,8.751924411120323e-06,2.655377670885483e-06,1.780842453129422e-05
1.8867100046215753e-10,5.4998753823144685e-08,5.0955073202634325e-05,1.0537335154962154e-05,5.623750100485858e-06,1.1775757460838222e-05
1.8867100046215753e-10,1.0017741074281923e-08,6.638230676677981e-05,8.546092583489038e-06,2.0108284649979228e-06,1.358896022058712e-05
1.8867100046215753e-10,1.6995693425592727e-08,5.183136127082776e-05,9.24285730433099e-06,6.593072163144551e-06,1.0451572268095521e-05
1.8867100046215753e-10,1.596731135079081e-08,9.705138042229046e-05,8.473632497874512e-06,3.04753157883178e-06,1.795363661082886e-05
1.8867100046215753e-10,7.509260634190242e-09,8.995389365011155e-05,1.0803327319239461e-05,3.077761930330498e-06,1.9752809179964597e-05
1.8867100046215753e-10,2.366485318278123e-08,6.442586682601721e-05,9.733109299287975e-06,4.694808733964252e-06,1.3248437318706504e-05
1.8867100046215753e-10,2.6279557380345572e-08,6.369548561331957e-05,9.514450316440088e-06,5.434375345558402e-06,1.3011153408460226e-05
1.8867100046215753e-10,5.7376125989700295e-08,6.512836283753362e-05,1.149690520322616e-05,5.702729433676302e-06,1.5844062825638364e-05
1.8867100046215753e-10,3.4929850663099605e-08,6.381579643038767e-05,1.0400379624899572e-05,5.262742046710429e-06,1.3798140262855722e-05
1.8867100046215753e-10,2.517430148030725e-08,3.0428015235623216e-05,6.616715453598149e-06,3.845797258087023e-06,7.050713376812305e-06
1.8867100046215753e-10,9.09502723024321e-09,4.970916381179371e-05,1.0984407587506094e-05,6.979953797259954e-06,1.2142891877381483e-05
1.8867100046215753e-10,1.683002241638839e-08,7.200559310319595e-05,8.369315353527155e-06,5.341002036170156e-06,1.2616383407929563e-05
1.8867100046215753e-10,3.757834524013975e-09,4.522851620766193e-05,8.171212630506259e-06,4.294179391259153e-06,9.737126791832274e-06
1.8867100046215753e-10,4.065312644977734e-09,4.032753898716529e-05,6.494156818144025e-06,1.8670515984665375e-06,9.930011277895008e-06
1.8867100046215753e-10,5.796873835236642e-08,2.6401911161275136e-05,8.498508427929151e-06,6.311626741646897e-06,7.281735609436522e-06
1.8867100046215753e-10,3.135732402054532e-09,7.345027887290782e-05,1.0713457729124337e-05,3.109596727721371e-06,1.635465390397414e-05
1.8867100046215753e-10,4.757719843389494e-08,0.00013738356322958348,1.1736689844252601e-05,4.756092365932796e-06,2.0886470255218842e-05
1.8867100046215753e-10,1.974591135680522e-09,5.756592370173015e-05,6.0228304410987996e-06,3.2097243158587505e-06,8.926762462986791e-06
1.8867100046215753e-10,1.865449375294308e-09,3.8468534964541156e-05,7.545455534922862e-06,2.004124161411995e-06,1.0768939913141778e-05
1.345830076824062e-10,1.345830076824062e-10,4.6831632953272104e-05,8.143363652590576e-06,5.666072528491095e-06,9.062527714028919e-06
1.345830076824062e-10,1.0110926699304755e-08,8.524467373840415e-05,8.56365442247245e-06,3.1190913366925115e-06,1.5973258516822638e-05
1.345830076824062e-10,7.298521021550572e-09,6.444984431165303e-05,9.508868403456967e-06,5.141270662452397e-06,1.1462659492126994e-05
1.345830076824062e-10,6.7654207479893884e-09,2.977266679864849e-05,5.407740243235861e-06,1.9463569658356795e-06,7.096981500646256e-06
1.345830076824062e-10,6.3776539466533114e-09,6.5346286235318e-05,1.0631195733837049e-05,4.375367762123985e-06,1.4027283539115269e-05
1.345830076824062e-10,1.603288503517088e-08,5.412219754957063e-05,7.12068032381593e-06,3.1034433585873968e-06,1.0263549210783554e-05
1.345830076824062e-10,2.707147400789462e-09,2.430918466391525e-05,6.4958800130424424e-06,4.024907628462265e-06,7.088638254227246e-06
1.345830076824062e-10,4.012756527435116e-09,4.961081044424393e-05,7.299825947147803e-06,3.126754582414138e-06,1.0056588328328761e-05
1.345830076824062e-10,4.5393621046423035e-08,4.0663657544970126e-05,8.517478819455141e-06,4.4357012959502345e-06,1.0176248222301407e-05
1.345830076824062e-10,2.7451025974230522e-08,4.276819765139532e-05,8.666823908787329e-06,3.0959920833664983e-06,1.122286195472314e-05
1.345830076824062e-10,9.504864500226402e-09,4.8683567215994004e-05,6.78651608032837e-06,2.5482401899370615e-06,9.576585461742874e-06
1.345830076824062e-10,2.1192812168229776e-08,5.3629373541681525e-05,8.650485893438403e-06,4.678496518981288e-06,1.1932729076810228e-05
1.345830076824062e-10,8.159026735241491e-09,5.494570212724657e-05,5.719619883123255e-06,3.220998833853253e-06,8.738168308681794e-06
1.345830076824062e-10,5.226289265902394e-09,4.603137747483655e-05,5.7614491173140525e-06,1.7427038975496485e-06,9.614393210486125e-06
1.345830076824062e-10,2.7853810648916545e-09,3.514824639603476e-05,6.16174196291214e-06,2.698292070925836e-06,8.445934049256375e-06
1.345830076824062e-10,6.478327489814815e-09,4.1437333664200554e-05,7.290396252311659e-06,3.625119378302638e-06,9.460678046420745e-06
1.345830076824062e-10,5.4370557267118635e-08,8.413775300677211e-05,8.483683864723691e-06,3.4128758665928632e-06,1.5486221658990523e-05
1.345830076824062e-10,5.766731229563794e-09,6.973651744134167e-05,6.805377743306436e-06,2.1346352094090314e-06,1.2353658079054092e-05
1.345830076824062e-10,6.371890359336121e-09,3.330235028099956e-05,4.652865818135188e-06,2.128921598502342e-06,6.610220470623619e-06
1.345830076824062e-10,3.748913400691121e-10,4.9670019044475094e-05,6.179608168706606e-06,3.2424905544705125e-06,8.905119612985383e-06
1.345830076824062e-10,2.4610499200181715e-09,2.8475896207273006e-05,8.113594832375106e-06,7.95471295673407e-06,6.859196958189742e-06
1.345830076824062e-10,3.0747865674306187e-09,2.7110482546523515e-05,5.209340229480523e-06,3.4268888739945665e-06,6.110694284217102e-06
1.345830076824062e-10,6.86329039797593e-08,3.692206381111221e-05,7.505530899723475e-06,4.41842248218884e-06,7.784191809800805e-06
1.345830076824062e-10,2.0794440007122884e-08,4.495944822617684e-05,5.537641084982485e-06,1.9049358994315432e-06,8.58899952643172e-06
1.345830076824062e-10,9.510364871472495e-09,6.497959847663116e-05,6.873443073141713e-06,2.5440852826719577e-06,1.1011796544366834e-05
1.345830076824062e-10,6.07026717566886e-09,4.4629396033464475e-05,6.522038737601879e-06,2.0167152398566387e-06,9.334579159158793e-06
1.345830076824062e-10,1.228559551421048e-08,3.768350541391647e-05,6.405861500144161e-06,3.5404233920348115e-06,8.3308667333819e-06
1.345830076824062e-10,1.3693747759666264e-08,6.01920732504631e-05,6.394168197946165e-06,1.645088005331553e-06,1.1459119377860004e-05
1.345830076824062e-10,7.423493055761387e-10,3.676832271276151e-05,5.8067379786045835e-06,3.3449134931694173e-06,7.606980940341602e-06
1.345830076824062e-10,1.0783042385794935e-08,3.766950125490336e-05,4.5905263139915135e-06,2.4422757356976715e-06,6.644313392299769e-06
1.345830076824062e-10,3.887090674424487e-09,2.980641511765751e-05,6.059582271303399e-06,2.751171808003186e-06,7.222361939118773e-06
1.345830076824062e-10,1.1101317452147668e-08,3.0373935267948203e-05,5.860978786569835e-06,3.140291050529304e-06,7.417222117628617e-06
1.345830076824062e-10,4.475416759139646e-08,3.951928921529396e-05,8.40024873267093e-06,3.990927326351019e-06,1.0085509819096525e-05
1.345830076824062e-10,2.5789967723531137e-08,2.8084493156656287e-05,6.273211058716803e-06,4.0956482679130025e-06,6.665436542488471e-06
1.345830076824062e-10,1.2580568107401617e-08,4.370290708797066e-05,6.451120321477558e-06,2.472133012436793e-06,9.715254732153981e-06
1.345830076824062e-10,7.0221260118569215e-09,4.671667988030724e-05,4.543862541542608e-06,1.999119457290362e-06,7.66918657330834e-06
1.345830076824062e-10,2.7497140622642265e-09,2.375592719307902e-05,4.3557592171972135e-06,2.2948892078193267e-06,5.162081323989753e-06
1.345830076824062e-10,4.849900081749454e-09,2.9778654848657378e-05,6.132508747519936e-06,2.7968639760229373e-06,7.558934576139862e-06
1.345830076824062e-10,2.299821541350599e-09,3.4056657448861845e-05,4.272893321717638e-06,1.7378155609192114e-06,6.0955617260759145e-06
1.345830076824062e-10,4.4464805510267563e-10,3.204748170197597e-05,5.864304535271302e-06,2.0767239105206564e-06,7.910395455197496e-06
1.345830076824062e-10,7.196525660762348e-09,2.8442134730028457e-05,5.629166664875241e-06,3.8499858733210995e-06,6.375487648626275e-06
1.345830076824062e-10,1.007393967757209e-08,3.857409126573245e-05,6.572592473325403e-06,3.305094287702102e-06,8.420881002842786e-06
1.345830076824062e-10,4.694286093901465e-09,2.066020437278472e-05,3.037723002635774e-06,1.970313515523505e-06,3.8103136875366415e-06
1.345830076824062e-10,1.4807939268145853e-08,4.0057023720686405e-05,5.383673526289679e-06,2.6439027245252963e-06,7.909179682775547e-06
1.345830076824062e-10,1.952590399211228e-09,5.896185595686064e-05,5.738710424037741e-06,3.1300958367804532e-06,8.950045151763378e-06
1.345830076824062e-10,1.594832321250293e-08,2.5378034245763804e-05,4.4952075973725e-06,1.5482695833415075e-06,5.844257222521059e-06
1.345830076824062e-10,1.0664763923797739e-09,3.168305658674955e-05,5.397842549574348e-06,2.4940050115796118e-06,7.076440308131239e-06
1.345830076824062e-10,1.91926120759692e-09,5.562798663319683e-05,6.90699178865548e-06,3.952894597596803e-06,9.38195939674986e-06
1.345830076824062e-10,2.084633162663947e-09,2.2510365637816817e-05,4.354327189025881e-06,2.0222607713658253e-06,5.568369072036409e-06
1.345830076824062e-10,9.78307734411939e-09,4.979498425980377e-05,6.7360834467926425e-06,3.42874222549627e-06,8.866225793696648e-06
1.345830076824062e-10,7.191425438049095e-10,2.3125527895314592e-05,3.328069741648167e-06,1.6329042039067892e-06,4.586228020152757e-06
2.93648422841651e-11,2.93648422841651e-11,6.139098626098615e-05,6.211596825356198e-06,2.488280238049184e-06,1.2001383952784704e-05
2.93648422841651e-11,1.0041301856431456e-09,0.00016594163052044143,8.123772010680933e-06,2.2864911338444435e-06,2.373803100052995e-05
2.93648422841651e-11,7.530273457686054e-10,7.178465267811882e-05,5.093483250784505e-06,2.499821226067345e-06,1.0277657038405603e-05
2.93648422841651e-11,5.255267510312161e-09,3.725985138263975e-05,3.999717990562187e-06,1.6003352509540815e-06,6.5642692175198525e-06
2.93648422841651e-11,4.029888637369869e-09,4.6772490117098164e-05,6.964385631590278e-06,2.0710596393271946e-06,1.0682683280905447e-05
2.93648422841651e-11,2.602815862785709e-09,5.2513344664741785e-05,6.2379772705640775e-06,3.2431967722324223e-06,9.579113734946024e-06
2.93648422841651e-11,1.1531412089907455e-08,3.215746150779787e-05,5.39450282225721e-06,3.810268132242966e-06,5.868977010245248e-06
2.93648422841651e-11,1.336028180427972e-08,2.312388484758942e-05,3.5270275345843236e-06,1.4387958725031515e-06,5.095111226991012e-06
2.93648422841651e-11,9.653382641480357e-10,2.6217379842814652e-05,5.302465818552891e-06,3.5069319267258566e-06,5.859799821407635e-06
2.93648422841651e-11,5.753058053036481e-09,1.5197249797728625e-05,2.849550997481717e-06,1.2654583321997088e-06,3.3995766184443223e-06
2.93648422841651e-11,2.3927431495785196e-09,1.8559264261598457e-05,4.6404572370089985e-06,2.9585289798413798e-06,4.957295738152244e-06
2.93648422841651e-11,8.440328182592568e-09,2.637029612815054e-05,5.0356059341470104e-06,2.2855583615992638e-06,6.295843402606265e-06
2.93648422841651e-11,7.0578866749603666e-09,3.4813911634360476e-05,3.819175987958177e-06,2.200488660380733e-06,5.574709531701723e-06
2.93648422841651e-11,1.1677005994469721e-08,3.508751475749447e-05,4.061190205894551e-06,1.6758769417069922e-06,7.458890635626077e-06
2.93648422841651e-11,1.841671897967579e-08,2.1157687123418196e-05,3.3201070316103867e-06,1.522334273186551e-06,4.521106301239974e-06
2.93648422841651e-11,5.718742437518157e-08,3.7793523045374694e-05,5.45657758753372e-06,2.113385041348582e-06,7.71195755487494e-06
2.93648422841651e-11,5.522627910421343e-08,2.2674167257431937e-05,3.029539275040012e-06,1.9502422418458825e-06,3.9916468641537015e-06
2.93648422841651e-11,5.471193070220257e-08,5.975245672126806e-05,5.829070757832318e-06,2.1963226507998687e-06,1.0464442908578454e-05
2.93648422841651e-11,5.890555959020031e-08,7.322578969550824e-05,5.1722194853534224e-06,1.6509566857923426e-06,1.1474356310859914e-05
2.93648422841651e-11,8.883633838339669e-08,3.147789094170237e-05,3.656452744363226e-06,1.272561260776761e-06,6.09451283106845e-06
2.93648422841651e-11,5.3589652899850494e-08,1.727651330247526e-05,3.100691397706458e-06,1.938763537480494e-06,3.4949246415540766e-06
2.93648422841651e-11,4.973975088714472e-08,2.4199231463418466e-05,4.488839362622928e-06,2.7855992634230333e-06,5.178548193311628e-06
2.93648422841651e-11,9.045882550044458e-08,2.4594266605784204e-05,4.081693591364417e-06,1.8404312836183517e-06,5.141986939207172e-06
2.93648422841651e-11,7.442564127898885e-08,2.3813369474831854e-05,3.7659024734922254e-06,1.7717947847141812e-06,5.226815329897701e-06
2.93648422841651e-11,1.0507547901220116e-07,2.280529988123415e-05,3.224468189402491e-06,1.411329817600606e-06,4.218599552019151e-06
2.93648422841651e-11,9.60760797949499e-08,4.3616899263506254e-05,5.161010442931238e-06,2.770148555075796e-06,6.965422019356362e-06
2.93648422841651e-11,1.1404185000934632e-07,2.3977479454688202e-05,3.1273380366692297e-06,1.0281512588484043e-06,4.604923590208558e-06
2.93648422841651e-11,1.8354553472482232e-07,2.2825207108221055e-05,3.3122896464129967e-06,1.9052188795542196e-06,4.501624775128181e-06
2.93648422841651e-11,2.016029879902668e-07,3.063113376550917e-05,3.6851654403564025e-06,2.108223170252252e-06,5.088753119296469e-06
2.93648422841651e-11,1.713970188961921e-07,2.185604789127488e-05,4.34405514964156e-06,2.017931872482212e-06,5.4585085279670495e-06
2.93648422841651e-11,1.3373801586197363e-07,2.3836348615726165e-05,5.184258409596888e-06,2.6642548110715037e-06,5.97633813740927e-06
2.93648422841651e-11,1.896763058279531e-07,6.18703770494591e-05,5.210203844162859e-06,1.255869189659137e-06,9.791990166424691e-06
2.93648422841651e-11,1.4874540202112506e-07,2.17698565661906e-05,3.972540089144552e-06,1.8204393443297668e-06,5.174205592864142e-06
2.93648422841651e-11,1.2204643307348401e-07,6.101730490488232e-05,5.044397298915512e-06,9.038813611868327e-07,9.83226371945467e-06
2.93648422841651e-11,1.0531364113955262e-07,6.204154815770926e-05,5.983879115902176e-06,2.1282318249564353e-06,1.0342802501489928e-05
2.93648422841651e-11,1.0222920796080856e-07,2.4285538193909135e-05,4.421715794029394e-06,2.472535734647531e-06,5.233674203035039e-06
2.93648422841651e-11,9.919870128318385e-08,2.838210844363623e-05,4.6788022651136465e-06,1.6421173968337395e-06,6.269986828948858e-06
2.93648422841651e-11,1.179212000752705e-07,3.2397074653339955e-05,5.0872636318797465e-06,1.7648422082557993e-06,7.617859602267162e-06
2.93648422841651e-11,8.315368134099433e-08,5.4661230666577294e-05,5.308947532294645e-06,2.18485467606784e-06,1.0501375357088068e-05
2.93648422841651e-11,7.87112998832947e-08,9.261739895602625e-05,5.990387398811018e-06,2.208746105540998e-06,1.3469488254260017e-05
2.93648422841651e-11,9.526848997855158e-08,3.703539555260465e-05,4.439602898732273e-06,2.273320715848527e-06,7.211749615688105e-06
2.93648422841651e-11,6.991971386244718e-08,5.387790382617926e-05,6.315804275988813e-06,3.1907035463455337e-06,9.032259479032056e-06
2.93648422841651e-11,4.7756453938210356e-08,3.53044397692659e-05,3.7596682056475e-06,1.473723031193183e-06,6.721162384217503e-06
2.93648422841651e-11,4.4059961230311636e-08,2.2108758650910223e-05,4.37963587815685e-06,2.4810609359053945e-06,5.080154250445329e-06
2.93648422841651e-11,2.5882812397138283e-08,3.780862783416446e-05,4.965918049207001e-06,1.572268283817513e-06,7.674500303543482e-06
2.93648422841651e-11,3.483944673692617e-08,3.1413134670119287e-05,3.595142187445734e-06,1.5326113519647872e-06,6.123264252240555e-06
2.93648422841651e-11,2.362964216939114e-08,5.3107219711664056e-05,4.9139231046611385e-06,2.1633931176113628e-06,8.477350682724013e-06
2.93648422841651e-11,1.7051786702451346e-08,2.8763863325317667e-05,2.8940934715604814e-06,1.5032058038108348e-06,4.869539011472708e-06
2.93648422841651e-11,4.490357543413516e-09,3.462192135008547e-05,4.407740014106916e-06,2.514499006490688e-06,6.128000927759404e-06
2.93648422841651e-11,1.7564491271464896e-08,2.5248189228383247e-05,2.7707490466358683e-06,9.770065831448032e-07,4.4255845098698e-06
2.93648422841651e-11,4.668086600240144e-08,2.6783877212546198e-05,4.1070907351050736e-06,2.1619141949774473e-06,5.1468143658007925e-06
2.93648422841651e-11,1.5453561727182715e-08,2.4157912694085435e-05,3.622297744358587e-06,1.213791472445883e-06,5.015640654957192e-06
2.93648422841651e-11,2.5887075727897882e-08,4.0136302084031106e-05,4.1500645131491835e-06,2.5102652303954397e-06,6.4302542742403685e-06
2.93648422841651e-11,2.587687267778053e-08,6.11537676160567e-05,4.734207921929658e-06,1.3971591899155128e-06,9.99039265015191e-06
2.93648422841651e-11,7.404904409164438e-09,2.75703152966083e-05,4.521077866810533e-06,1.7637394559955896e-06,6.183697907305915e-06
2.93648422841651e-11,1.2036100001585938e-08,2.7504032817401994e-05,4.427094243307146e-06,1.8640909488429111e-06,6.069112317305437e-06
2.93648422841651e-11,5.049371132180584e-09,1.8578073556289546e-05,4.149484395647138e-06,1.9360670726471357e-06,4.692686131155516e-06
2.93648422841651e-11,8.337567895795976e-09,4.198961817553192e-05,6.56611595932495e-06,3.0604174372334753e-06,8.236976220795653e-06
2.93648422841651e-11,1.0284695012585761e-08,5.244342133833153e-05,5.5941502289887035e-06,2.119706243543509e-06,8.589837835925584e-06
2.93648422841651e-11,2.0527329550930597e-09,2.3684146588408203e-05,4.04131984661404e-06,1.69232528095615e-06,5.078149015741757e-06
2.93648422841651e-11,7.905586183235997e-09,2.7180955653860436e-05,3.356257381451121e-06,1.6310951588728776e-06,5.18929838407157e-06
2.93648422841651e-11,2.366568544683014e-09,2.4470348008401496e-05,2.6256727907410483e-06,1.3459239528490059e-06,3.889662354948796e-06
2.93648422841651e-11,1.7117268064953667e-09,2.255680944981456e-05,3.3794933589940425e-06,1.4432887910039399e-06,4.603890397565656e-06
2.93648422841651e-11,2.7176356012331773e-08,2.9078095820298048e-05,3.039911385908339e-06,1.2022393357052375e-06,4.894123244907717e-06
2.93648422841651e-11,5.423311061390662e-10,2.2066998555431483e-05,3.0379938697702067e-06,1.7125167948532098e-06,4.08878461442812e-06
2.93648422841651e-11,2.0940899415259848e-09,1.9800368050710528e-05,3.1538468661340008e-06,8.762628752059568e-07,4.4821093338641825e-06
2.93648422841651e-11,7.26730828792746e-10,2.1007062871131956e-05,3.3508135471347183e-06,1.6188494061136446e-06,4.74289505647389e-06
2.93648422841651e-11,9.529619425218648e-10,2.6145936429009874e-05,3.19209761286337e-06,1.6187147210600769e-06,5.244167226734208e-06
2.93648422841651e-11,3.2527502378846387e-10,1.1784300514086244e-05,3.085694329804013e-06,1.3030568432166212e-06,3.485533324011317e-06
2.93648422841651e-11,1.8919768770088864e-08,2.2835969905574103e-05,3.877531660769216e-06,1.982888992631143e-06,5.085815665971729e-06
2.93648422841651e-11,6.689303217754861e-09,2.177764732585564e-05,4.28562334962654e-06,2.6105379073299915e-06,5.089173419644289e-06
2.93648422841651e-11,9.143321451420564e-09,1.5151224365940551e-05,3.10975014154507e-06,1.6155502672253878e-06,3.758356629054372e-06
2.93648422841651e-11,6.613444193056026e-09,1.9859056724278067e-05,2.8249978171908065e-06,1.277382954201244e-06,3.6793970796263423e-06
2.93648422841651e-11,1.1088275998314194e-08,1.4003369202327146e-05,2.747779927129636e-06,1.4710757702177065e-06,3.371897766051566e-06
2.93648422841651e-11,7.372130073890057e-10,3.0647183149733545e-05,5.413722419897164e-06,2.8419543093909966e-06,6.765609229650158e-06
2.93648422841651e-11,8.704420529001256e-10,3.0478313568892188e-05,4.006772042867054e-06,1.6621729772545565e-06,6.018633512404926e-06
2.93648422841651e-11,1.975429978103286e-09,5.0476318592887134e-05,4.2318480030792285e-06,2.674885996735969e-06,7.614084853039417e-06
2.93648422841651e-11,1.1341404904278063e-09,2.5817433015669254e-05,2.336138009793086e-06,8.851336266402326e-07,4.863313009695514e-06
2.93648422841651e-11,3.606674158977832e-10,2.8826110113329873e-05,3.859213649936452e-06,2.1789456149221623e-06,4.950055455474855e-06
2.93648422841651e-11,6.44503144760252e-11,1.5906111501654545e-05,2.8240893042080334e-06,1.5968065192273586e-06,3.745460565108955e-06
2.93648422841651e-11,1.851684320512602e-08,2.7963509839573584e-05,3.91897713644668e-06,1.9798518853875397e-06,4.80515603930062e-06
2.93648422841651e-11,2.9765638961530083e-09,2.2958668212942013e-05,2.718472214378638e-06,1.316922141458089e-06,4.130167238119819e-06
2.93648422841651e-11,1.1600815807664123e-08,1.7971656718085963e-05,3.2299488580291457e-06,1.7231751526737964e-06,4.292310899180255e-06
2.93648422841651e-11,9.30349686973237e-10,1.4441233851643158e-05,2.2782143411811883e-06,9.684842263270111e-07,3.2135260869915806e-06
2.93648422841651e-11,1.0381258315264252e-09,1.0635147213998793e-05,2.616615913481459e-06,9.878659863343874e-07,3.062667585754513e-06
2.93648422841651e-11,1.1337362784760397e-08,1.9881386348538355e-05,4.339498950654306e-06,2.6167698947854697e-06,4.94792015263859e-06
2.93648422841651e-11,2.730522000531886e-09,1.6266485216531796e-05,3.8128313294740206e-06,2.9781585993754914e-06,4.095544388756355e-06
2.93648422841651e-11,3.3843878815440734e-09,2.361246765593497e-05,3.2860543184999217e-06,1.2829639835559172e-06,4.9081437746765305e-06
2.93648422841651e-11,8.324101343504899e-09,2.684500147218139e-05,3.8141447903326558e-06,1.2483983706988109e-06,5.826958681525796e-06
2.93648422841651e-11,2.24985993284997e-09,4.137341241969325e-05,3.252211655666499e-06,1.3935920564521268e-06,6.388598480505198e-06
2.93648422841651e-11,8.28116155987671e-10,2.4522013042936197e-05,3.0560689549209002e-06,7.718114525622764e-07,4.701254329883901e-06
2.93648422841651e-11,2.366754228434024e-09,3.693527198770313e-05,3.063698597925725e-06,1.0079856291428976e-06,6.002716849155864e-06
2.93648422841651e-11,3.4335896209545738e-09,3.632749931000816e-05,3.2217430794147523e-06,1.6518609952288766e-06,5.894109485326677e-06
2.93648422841651e-11,3.695782318411375e-09,1.0062350018750225e-05,2.0182128568535666e-06,1.1368781938689064e-06,2.2046383418948697e-06
2.93648422841651e-11,9.066503011597512e-09,1.9897104862944357e-05,2.730919996855872e-06,6.518225015913898e-07,4.153123585061784e-06
2.93648422841651e-11,3.731026778440441e-09,3.120303064535215e-05,2.6087479920869616e-06,8.734545764182875e-07,5.161779403703914e-06
2.93648422841651e-11,3.8763577075645974e-09,2.7296219842731633e-05,2.2408762723625245e-06,6.065685872353171e-07,4.2186386853389396e-06
2.93648422841651e-11,3.4327523849498976e-09,1.533033814797586e-05,2.773014497541106e-06,1.5640280286203686e-06,3.2308221883292744e-06
2.93648422841651e-11,6.801227067167804e-10,1.2447567491444773e-05,2.5590270041370102e-06,1.1688932705759052e-06,3.1660703594133273e-06
2.93648422841651e-11,3.99553002888253e-10,1.6458135415010342e-05,3.356328255956143e-06,1.806811098128845e-06,3.581267067167456e-06
2.93648422841651e-11,1.000000421329721e-09,1.9102896092360878e-05,3.3844047920817744e-06,1.6160543138102978e-06,4.539874039725509e-06
2.93648422841651e-11,5.973493649269494e-10,1.6558606905749397e-05,3.4343956001804026e-06,1.5278757825613466e-06,4.22253974103054e-06
2.93648422841651e-11,9.142057752553893e-09,2.4455459260015528e-05,3.115726629989954e-06,8.509253314319576e-07,4.862496688597219e-06
2.93648422841651e-11,1.144647922299319e-09,2.3287864901081936e-05,3.7129556774366395e-06,1.5694992636253866e-06,4.945688783783567e-06
2.93648422841651e-11,1.783936507203856e-09,2.82088912641951e-05,2.483785603100903e-06,1.2103954445547645e-06,4.312957021355639e-06
2.93648422841651e-11,5.568205070294968e-10,1.4982917900586912e-05,2.1864202783539577e-06,8.101131641113394e-07,3.130313699538841e-06
2.93648422841651e-11,6.096196160675318e-10,1.2842404367276539e-05,1.8364720200330752e-06,5.378241948420101e-07,2.7436356995052385e-06
2.93648422841651e-11,1.4275433603439743e-09,1.7842109905168364e-05,2.0823135564253046e-06,7.13427471903781e-07,3.238093933465659e-06
2.93648422841651e-11,5.585374950563e-09,2.514429334350014e-05,2.6230287265521824e-06,1.1151130447462259e-06,4.795136489964495e-06
2.93648422841651e-11,1.268291134740137e-09,3.2847989259975395e-05,3.3407925683185238e-06,1.1849142240306393e-06,6.162322684929847e-06
2.93648422841651e-11,7.360059768794659e-10,1.3145147372904768e-05,2.8007113561299495e-06,1.2367510382956783e-06,3.5702118740518543e-06
2.93648422841651e-11,2.652889325250816e-09,1.2351625757433759e-05,2.3367571876045876e-06,1.1758093567452116e-06,2.7604724201312795e-06
2.93648422841651e-11,1.870872940223573e-08,1.1723787945086339e-05,3.16748135840843e-06,1.9962470402734896e-06,3.2065888023331344e-06
2.93648422841651e-11,5.076401711059249e-10,9.98244210691369e-06,1.921413906684671e-06,8.707220604850813e-07,2.256066097508278e-06
2.93648422841651e-11,6.571952295339923e-10,1.44491723626784e-05,2.98532061214097e-06,1.3641595279000215e-06,3.460973250553028e-06
2.93648422841651e-11,1.3029384037197396e-09,2.5250569544015618e-05,2.97999624659173e-06,1.3201589423044503e-06,4.770478331569658e-06
2.93648422841651e-11,5.346010605503152e-09,1.3767830380856485e-05,3.013933403302625e-06,1.9004308743756632e-06,3.4246836632687523e-06
2.93648422841651e-11,3.9432228353153315e-09,2.1201235137249484e-05,3.573047081818556e-06,2.3998688323318575e-06,4.199335764879865e-06
2.93648422841651e-11,4.918532242172022e-09,1.2571222669508885e-05,2.7636755292241215e-06,1.1896301804258384e-06,3.157351790355118e-06
2.93648422841651e-11,6.936336479305614e-09,1.768527874688299e-05,4.20616828206583e-06,2.724392886403904e-06,4.520537769147482e-06
2.93648422841651e-11,4.048203474534073e-09,2.153848263303439e-05,3.065600648972728e-06,1.877599113046392e-06,4.141869051353177e-06
2.93648422841651e-11,7.870068062059456e-09,3.42998695971031e-05,3.6075303650487003e-06,1.6352705664604014e-06,6.313755015951533e-06
2.93648422841651e-11,1.0593247039326734e-08,2.0433225542021897e-05,2.4640715493298497e-06,8.871790748791186e-07,4.1905578011107376e-06
2.93648422841651e-11,1.0038737528572998e-08,1.6118056228592356e-05,2.4217062145257224e-06,1.1729114969365328e-06,3.0107593271742885e-06
2.93648422841651e-11,1.1138549416227767e-08,2.7085496482044843e-05,2.5964565849439984e-06,1.0926311697577974e-06,4.562296342829931e-06
2.93648422841651e-11,1.2590071001650283e-08,2.239836514025281e-05,2.816587704105631e-06,9.492248573731929e-07,4.8014029081498624e-06
2.93648422841651e-11,5.916179856418806e-09,8.260306027655828e-06,1.862642436458762e-06,1.0506246623116713e-06,2.17279502158067e-06
2.93648422841651e-11,1.2389992039724604e-08,1.2174564972625899e-05,3.081359106131406e-06,1.7729650893068352e-06,3.0830379851992298e-06
2.93648422841651e-11,4.825725161089263e-09,1.0880550386520414e-05,2.208659849821071e-06,1.1372325486540947e-06,2.7916502325455034e-06
2.93648422841651e-11,3.4951397569444736e-09,2.481647224386125e-05,2.63100933474823e-06,1.3088130303052515e-06,3.924831675997486e-06
2.93648422841651e-11,3.5343811412479584e-09,2.376049908235993e-05,1.759901049309093e-06,4.90492720027658e-07,3.5901532458777473e-06
2.93648422841651e-11,4.871740578938282e-09,8.598407891981372e-06,1.870522719311876e-06,1.059212542482294e-06,2.1300354796336044e-06
2.93648422841651e-11,3.692261157616652e-09,8.994757095525523e-06,1.6457274980056764e-06,7.512224101923597e-07,2.18990869117974e-06
2.93648422841651e-11,7.644542119634314e-09,1.0770244112559345e-05,2.257052966891421e-06,1.466866361222258e-06,2.4763735745604963e-06
2.93648422841651e-11,8.168700262977044e-09,1.19361409012851e-05,2.5341202587231764e-06,1.379711735177507e-06,2.7718499960705133e-06
2.93648422841651e-11,1.471990513203733e-08,1.6685817848549253e-05,1.982580212511153e-06,1.266611643364059e-06,2.779073840153667e-06
2.93648422841651e-11,5.922688016645596e-09,2.79961624153903e-05,2.4460357582675123e-06,8.953712507791441e-07,4.524642244908261e-06
2.93648422841651e-11,2.083808495358521e-08,9.530900705242394e-06,2.360500834946174e-06,1.2436114148799797e-06,2.609965804089955e-06
2.93648422841651e-11,8.564961820202747e-09,2.3737813999090754e-05,2.6820682357253395e-06,1.1902715202061846e-06,4.388949276588854e-06
2.93648422841651e-11,1.1066139500456726e-08,1.5901448378229404e-05,2.2837629691173173e-06,8.845172109073861e-07,3.3699037479758716e-06
2.93648422841651e-11,3.0966245351519324e-09,1.246001338590957e-05,1.9193387918885835e-06,9.209753765282802e-07,2.5898707329886443e-06
2.93648422841651e-11,8.691575716744817e-10,2.0534952733429886e-05,1.9396701318384648e-06,5.71106551602661e-07,3.4079241531409927e-06
2.93648422841651e-11,6.1701110984086044e-09,4.391442570716583e-05,2.056087928194467e-06,4.800974893543028e-07,6.2076162985306485e-06
2.93648422841651e-11,2.9129916812894728e-09,1.7267525904983606e-05,2.110317133224016e-06,7.83130573298892e-07,3.2228479890625574e-06
2.93648422841651e-11,3.242872251626521e-09,1.0425095225160276e-05,1.715919869353172e-06,1.143747233470473e-06,2.073476124072913e-06
2.93648422841651e-11,1.8206870572101431e-09,2.318017044565757e-05,2.4211693083791902e-06,1.745323777344401e-06,3.448698046613843e-06
2.93648422841651e-11,1.9207946992930701e-10,7.971096639264522e-06,1.290980516730456e-06,4.759477357336108e-07,1.9276515271729817e-06
2.93648422841651e-11,1.391468262582996e-09,2.635689347489483e-05,2.8777669963710342e-06,1.2791414250869132e-06,4.667480679291033e-06
2.93648422841651e-11,1.4663410116626416e-09,5.184867099516019e-05,2.7942939841846827e-06,7.568453485910112e-07,7.5960969598061565e-06
2.93648422841651e-11,1.8069222258364823e-09,2.301099900325718e-05,2.7464935283306077e-06,1.2698280386969094e-06,3.887021425571265e-06
2.93648422841651e-11,3.40928165005492e-09,7.613939838287959e-06,1.1720328255973074e-06,6.608521866344666e-07,1.6934025779484978e-06
2.93648422841651e-11,3.497191150609757e-09,7.965096661682325e-06,1.7709599625702707e-06,6.258095544701269e-07,1.998802782330417e-06
2.93648422841651e-11,7.380623418911963e-09,9.681606657287354e-06,1.492875778851716e-06,4.83650305516484e-07,2.309750039355551e-06
2.93648422841651e-11,6.775354748720954e-09,1.2851356395138254e-05,2.36608336482614e-06,5.393444060491295e-07,2.9404653306220664e-06
2.93648422841651e-11,9.93325507050955e-09,1.5411931840001668e-05,2.365919727085529e-06,1.313607206592002e-06,3.1760063251491305e-06
2.93648422841651e-11,1.2065981261036742e-08,1.6896818980211754e-05,1.7218042162469302e-06,6.105704952556257e-07,3.2002747169810516e-06
2.93648422841651e-11,3.629164619893989e-09,1.1415352818360768e-05,1.8467407953847415e-06,1.16231821566982e-06,2.30217911151713e-06
2.93648422841651e-11,2.9624267941242476e-08,1.079943953153018e-05,1.4491649220725766e-06,6.172442110059201e-07,2.2314856852321e-06
2.93648422841651e-11,9.025619922885552e-09,1.1531488557592343e-05,1.928574636065335e-06,1.0446511328882274e-06,2.3583412664971888e-06
2.93648422841651e-11,5.946832031766719e-09,8.642055424463507e-06,1.681536072845284e-06,6.511555659797108e-07,2.0651733136261266e-06
2.93648422841651e-11,4.770935933586612e-09,1.528525576552645e-05,3.1059704906438512e-06,1.050012968849357e-06,3.7751261064518185e-06
2.93648422841651e-11,5.068812642886466e-09,1.1490488803057492e-05,2.3914286678520563e-06,1.1579104747765575e-06,2.727567359971289e-06
2.93648422841651e-11,3.785103945039324e-09,1.4917895777989738e-05,1.8000836384567853e-06,4.852621681196707e-07,3.2631636142186157e-06
2.93648422841651e-11,1.3182905045238673e-09,1.2107766120725348e-05,1.6355929514074466e-06,4.0915701090375085e-07,2.6296416287023496e-06
2.93648422841651e-11,1.9443451033957744e-09,9.820751351089228e-06,1.999875331314812e-06,9.327324444345289e-07,2.5227792844136808e-06
2.93648422841651e-11,3.036953684241519e-09,1.301029658570669e-05,2.533551087326027e-06,1.5070434485225996e-06,3.1810197886767987e-06
2.93648422841651e-11,7.472613715930277e-10,1.1585517412373223e-05,1.7574821740243169e-06,9.443559367871672e-07,2.165303377106865e-06
2.93648422841651e-11,4.929437590441936e-10,1.7796590374343088e-05,2.4176930499074237e-06,1.0746108319224352e-06,3.3976089219625995e-06
2.93648422841651e-11,1.9151919431983772e-09,1.1119926747765403e-05,2.384960135775401e-06,1.1764403350137115e-06,2.9845138341325e-06
2.93648422841651e-11,1.372218022910241e-09,6.986990440575687e-06,1.3419562734313576e-06,8.250290238839978e-07,1.558036582167233e-06
2.93648422841651e-11,1.0006703047157791e-09,1.294090412666202e-05,1.937608037654699e-06,6.664430291259854e-07,2.6906212560728255e-06
2.93648422841651e-11,8.896389695865796e-11,9.321135120605823e-06,1.4938648741480322e-06,7.647143997667955e-07,2.025925125681052e-06
2.93648422841651e-11,9.546215424409622e-10,1.4960649220482926e-05,1.6042134412815118e-06,7.747489857474997e-07,2.465390257233502e-06
2.93648422841651e-11,1.5150096242461715e-09,5.780310337982548e-06,8.738482908432992e-07,4.016183644390338e-07,1.2702794612781583e-06
2.93648422841651e-11,3.3412856873918414e-09,6.262627837096376e-06,9.607621909718335e-07,7.504836487610056e-07,1.0006397326520279e-06
2.93648422841651e-11,6.161543965137161e-09,1.1139768888903682e-05,1.6588390984564733e-06,9.749969875195355e-07,2.0716598294278807e-06
2.93648422841651e-11,7.696861178850163e-09,7.481747210654598e-06,1.0589534089572462e-06,6.053742743872819e-07,1.3763748850849313e-06
2.93648422841651e-11,8.718418605911539e-09,1.5970974317849245e-05,1.8351615312669944e-06,6.084346626854095e-07,3.0500115243287347e-06
2.93648422841651e-11,1.1248372669924077e-08,1.0064722373395251e-05,1.0502669132752678e-06,3.8024445337881196e-07,1.6685789443354797e-06
2.93648422841651e-11,1.945538794199942e-08,1.0364191170734512e-05,9.746825559979534e-07,3.9482142982134893e-07,1.64790353551338e-06
2.93648422841651e-11,2.3763116031399607e-08,8.914401590035096e-06,1.1200102014590746e-06,5.164947843718579e-07,1.6283804536553618e-06
2.93648422841651e-11,1.636938500169756e-08,1.7783643119141853e-05,1.7693031209150351e-06,7.155939858309176e-07,2.8062486834648733e-06
2.93648422841651e-11,1.4522734210938645e-08,4.7735717294697146e-05,2.087859815736137e-06,4.87844820135366e-07,6.781237286491028e-06
2.93648422841651e-11,1.9921025697846485e-08,3.464353461326127e-05,1.6370819943480917e-06,5.442286778654097e-07,4.885803247958736e-06
2.93648422841651e-11,1.756693074735546e-08,1.015828853602249e-05,1.395794070514596e-06,3.8964307558986085e-07,2.150406564263482e-06
2.93648422841651e-11,1.3174021296956134e-08,8.823030972553173e-06,1.2849111961994254e-06,3.979418698616633e-07,1.891018878024073e-06
2.93648422841651e-11,1.353420732740401e-08,1.1909263265993057e-05,1.681061137978518e-06,1.0510138554774993e-06,2.1253247397661564e-06
2.93648422841651e-11,1.263303745866499e-08,2.371165008408547e-05,1.63194793367705e-06,5.293342680917061e-07,3.6113859160741527e-06
2.93648422841651e-11,1.3244023399069978e-08,1.2431451802304553e-05,1.6199823910056617e-06,8.418938950223144e-07,2.3150452338311557e-06
2.93648422841651e-11,5.653402998591172e-09,5.5156544652685305e-06,1.1120252513822767e-06,5.530687441256914e-07,1.320075289866635e-06
2.93648422841651e-11,1.2695006957605663e-08,4.829082992304764e-06,8.235912648102227e-07,3.293471815907406e-07,1.1992333882160926e-06
2.93648422841651e-11,7.69525485069173e-09,5.283133416271184e-06,1.1641572616017956e-06,5.368769684680429e-07,1.3410976767037914e-06
2.93648422841651e-11,2.47225923981228e-08,5.634967048130946e-06,1.3574779057730363e-06,1.0188529121217588e-06,1.3854120112212287e-06
2.93648422841651e-11,1.4025536774097313e-08,1.0463683139127482e-05,1.4064721568401017e-06,5.817467797696745e-07,2.1342043048798125e-06
2.93648422841651e-11,1.2751319831314016e-08,7.935916929077938e-06,1.293065905716843e-06,7.022343567109503e-07,1.8850455686137178e-06
2.93648422841651e-11,9.953009966565177e-09,1.1619444023773268e-05,1.3851953227959669e-06,2.991651961006528e-07,2.525316207171359e-06
2.93648422841651e-11,9.138224601836775e-09,2.22175157048664e-05,1.8339836288650341e-06,4.854820631064516e-07,3.986903659955794e-06
2.93648422841651e-11,1.7320658930777384e-08,1.723339883127263e-05,1.8510857869146616e-06,7.841653115504885e-07,3.083176552080651e-06
2.93648422841651e-11,1.0817833485597544e-08,8.678551351660488e-06,1.4511550082623642e-06,6.03342703370588e-07,1.9672323027997084e-06
2.93648422841651e-11,2.046423453853346e-08,1.4976383057302998e-05,2.9116374918869057e-06,1.1852829912892246e-06,3.9495838470702205e-06
2.93648422841651e-11,8.801562820080747e-09,2.7732317390830924e-05,2.8605855811633756e-06,1.0818500786615638e-06,5.20473347960046e-06
2.93648422841651e-11,8.143005839038156e-09,2.5908129412195376e-05,1.9980097230393353e-06,5.405864495853631e-07,3.9142877690112375e-06
2.93648422841651e-11,5.169062615938962e-09,1.3984286334218162e-05,1.7483762317377849e-06,6.744970250912949e-07,3.0102598662824975e-06
2.93648422841651e-11,8.212605689871955e-09,8.353785395857565e-06,1.481505497870443e-06,5.661310266832708e-07,2.026561388813364e-06
2.93648422841651e-11,9.707162905315585e-09,1.094765406816226e-05,1.2024963809839452e-06,4.1591085854432795e-07,2.020546208665022e-06
2.93648422841651e-11,1.3808451488183272e-09,1.1389530885672993e-05,1.0997049007440778e-06,4.81039093022858e-07,1.7891077563630257e-06
2.93648422841651e-11,1.1086807395109743e-09,1.0547731396941068e-05,9.722906901422802e-07,4.334400096446263e-07,1.6719073421796644e-06
2.93648422841651e-11,4.749123878582363e-11,8.97164661481854e-06,9.609315073520883e-07,5.582123611440226e-07,1.4117803541240491e-06
2.93648422841651e-11,1.3985325014989544e-09,9.524386382875079e-06,8.041818151293572e-07,2.2232502591541208e-07,1.513885699012035e-06
2.93648422841651e-11,1.9237873362016484e-09,1.1351767032242421e-05,1.0783593294034309e-06,4.657471376241516e-07,1.8118655202434515e-06
2.93648422841651e-11,3.706470820451461e-10,1.0859448317746215e-05,9.923716308074412e-07,2.692495299386768e-07,2.0988314581869212e-06
2.93648422841651e-11,4.073190481956495e-09,9.527492911990533e-06,1.6780062056023402e-06,9.534279591779808e-07,2.012523026755979e-06
2.93648422841651e-11,1.105858588969559e-09,9.717440477129963e-06,1.2897206812820794e-06,6.973081021545032e-07,1.7964940387625728e-06
2.93648422841651e-11,8.481092805060477e-10,1.089691368110124e-05,1.5529854549345555e-06,5.112378972049953e-07,2.14018771761871e-06
2.93648422841651e-11,4.108408895520144e-09,1.0426509305594622e-05,7.915359392478531e-07,2.4202564743926963e-07,1.593822639884379e-06
2.93648422841651e-11,4.657916077068986e-09,3.8024587677987343e-06,1.1372436281924363e-06,9.314474267251805e-07,1.1076889298283122e-06
2.93648422841651e-11,6.892615976871956e-09,1.3408632789159856e-05,2.5317115895000208e-06,1.0285631350949973e-06,3.211972496657349e-06
2.93648422841651e-11,1.0275993754344205e-08,1.2969255418925565e-05,2.0707411170822633e-06,1.021418143220843e-06,2.7271243188692418e-06
2.93648422841651e-11,5.434687450853026e-09,5.6579370149648945e-06,1.1949398553422996e-06,6.413281968949013e-07,1.4092271840993558e-06
2.93648422841651e-11,4.538035043508109e-09,1.6873606249085624e-05,1.4433789579566524e-06,5.866815377227481e-07,2.878262645935446e-06
2.93648422841651e-11,3.3874763876696886e-08,1.7127495470748797e-05,1.6900008971545773e-06,5.647000260138456e-07,2.9653084182117206e-06
2.93648422841651e-11,2.3252912471139076e-09,9.234370859144807e-06,1.0337149078631017e-06,4.855543010841112e-07,1.6506799466845507e-06
2.93648422841651e-11,1.1109400382145791e-09,7.990104456536072e-06,1.2402082252240215e-06,5.935755535844356e-07,1.6483072087878447e-06
2.93648422841651e-11,1.0186700305935098e-09,4.74833257784174e-06,8.002268810992105e-07,2.7660452117402145e-07,1.0770488055371639e-06
2.93648422841651e-11,6.437761625115517e-09,7.163791186113546e-06,2.0607931623648177e-06,1.181625495812287e-06,1.9164394897634494e-06
2.93648422841651e-11,6.712678399987902e-09,6.242643405604144e-06,1.0611681400538323e-06,5.731860556991822e-07,1.2484989661645243e-06
2.93648422841651e-11,1.3426350718087123e-09,1.0334857298925304e-05,9.449061819881515e-07,3.54289103455377e-07,1.7465138629475806e-06
2.93648422841651e-11,7.263557568861585e-10,1.6643724253915467e-05,8.662445977041091e-07,3.68878582801227e-07,2.3515049216779485e-06
2.93648422841651e-11,2.9363677443331945e-09,4.634318737097946e-06,7.183394449644646e-07,4.495705529992245e-07,1.0340128801861818e-06
2.93648422841651e-11,4.841290160023839e-09,1.682105908192042e-05,1.0483747693456253e-06,2.9914680801916845e-07,2.5430482746480353e-06
2.93648422841651e-11,3.2557476211586143e-09,8.733450974543734e-06,1.0653341742774491e-06,4.829566945903962e-07,1.5505446221263228e-06
2.93648422841651e-11,7.053602598255339e-09,3.8619909328589695e-06,6.531169159967607e-07,2.333315502169384e-07,8.8077395707892e-07
2.93648422841651e-11,3.760576218603083e-09,4.322124466263766e-06,1.0369478711969837e-06,3.747761407483412e-07,1.1819503328581031e-06
2.93648422841651e-11,7.676607794361431e-09,4.680453835543156e-06,6.11106623014684e-07,3.619300601276053e-07,8.861648542706459e-07
2.93648422841651e-11,6.6709186434675474e-09,4.2340613713177555e-06,6.853572139614457e-07,2.9156656849070376e-07,9.589597778748128e-07
2.93648422841651e-11,3.0575002090132498e-09,5.4181720526247985e-06,7.43646884521579e-07,2.6113593052436297e-07,1.18708485165472e-06
2.93648422841651e-11,4.736653939856315e-09,6.556493218486657e-06,9.01914427188815e-07,5.179997281999863e-07,1.2036000976464333e-06
2.93648422841651e-11,2.999948970776141e-09,4.492195074575172e-06,9.549889885158499e-07,4.5609420332678034e-07,1.184931807178293e-06
2.93648422841651e-11,3.6364135058594324e-09,5.603165897879144e-06,7.880690884853531e-07,3.690156608967048e-07,1.008939618794265e-06
2.93648422841651e-11,1.5501563452989353e-09,4.6607718552312014e-06,9.64553955579936e-07,5.878290701101394e-07,1.1750400345365582e-06
2.93648422841651e-11,7.790495026225467e-10,5.779502968043565e-06,7.004907498929112e-07,3.3569258261662496e-07,1.04065283242681e-06
2.93648422841651e-11,3.341883833000796e-09,3.6936333677275557e-06,9.653007140228095e-07,5.696336522005933e-07,1.0294036806647282e-06
2.93648422841651e-11,2.0130237625543746e-09,5.626931378422062e-06,1.1213907935662215e-06,6.967603483335916e-07,1.3150043829725214e-06
2.93648422841651e-11,2.0076371776546156e-09,3.955217069089304e-06,9.792489725799106e-07,4.3165605232191e-07,1.1574950588906526e-06
2.93648422841651e-11,1.6481787954860225e-08,9.557208734211514e-06,1.6249059661722066e-06,7.616421126725936e-07,2.0626745121219364e-06
2.93648422841651e-11,1.000883122884995e-08,1.0434958138422022e-05,1.7413196950774484e-06,9.26292046951222e-07,2.3878254857678856e-06
2.93648422841651e-11,6.826875769964594e-09,7.1763394956838775e-06,1.521230490012649e-06,6.646350698188452e-07,1.8938737342468641e-06
2.93648422841651e-11,7.95735334194187e-09,1.1645640159209038e-05,1.628343988765236e-06,5.488946153899295e-07,2.403967322574395e-06
2.93648422841651e-11,5.991955719843064e-09,1.560109665717099e-05,1.676197089049587e-06,5.704341717511548e-07,3.1342257135193244e-06
2.93648422841651e-11,6.964325970018255e-09,1.097735057566271e-05,1.6795035681959352e-06,7.778485111846992e-07,2.0974766942402158e-06
2.93648422841651e-11,9.08524803704995e-09,5.284722380189027e-06,1.0878123323485598e-06,4.7120583709300674e-07,1.3627962786961035e-06
2.93648422841651e-11,9.150452128154144e-09,1.0777271679925227e-05,1.7404373868702355e-06,8.939249678739651e-07,2.191176812348581e-06
2.93648422841651e-11,4.688517065667356e-09,9.119645835528061e-06,1.3628053614240568e-06,5.656006256438829e-07,1.8322061136902464e-06
2.93648422841651e-11,6.527293873257015e-09,1.5181155038087834e-05,1.2235299086461679e-06,4.59993418233595e-07,2.5189908863678335e-06
2.93648422841651e-11,5.461972712659194e-09,7.369015777774833e-06,1.2051808257915838e-06,5.741520074122018e-07,1.7191905916694792e-06
2.93648422841651e-11,7.811796161075994e-09,4.3557438513976655e-06,1.1597485404792362e-06,4.840207121797935e-07,1.2795067074099922e-06
2.93648422841651e-11,7.521671684130857e-09,1.2488209397457298e-05,1.4813079216650074e-06,4.284210125509828e-07,2.3781039673077714e-06
2.93648422841651e-11,4.937747047653269e-09,1.975183684082351e-05,1.5222357338988332e-06,4.20036730072804e-07,3.3898516258796997e-06
2.93648422841651e-11,1.239523831870272e-08,5.022340943064974e-06,1.4814441554044264e-06,1.1184283358206791e-06,1.229697423203909e-06
2.93648422841651e-11,1.6407184581585896e-08,4.703531943126641e-06,1.3910324034060255e-06,9.24031016591444e-07,1.1971512517908014e-06
2.93648422841651e-11,8.382569718236566e-09,1.5146444181528242e-05,1.5647602792129268e-06,7.520878082158929e-07,2.4806331002448122e-06
2.93648422841651e-11,6.737566231191583e-09,4.84197975394685e-06,1.11594131043031e-06,7.289466188966844e-07,1.3130412383281533e-06
2.93648422841651e-11,3.898566546413427e-09,1.08202144340373e-05,1.7392685340277306e-06,1.0642021852106544e-06,2.152922642328151e-06
2.93648422841651e-11,1.150246289038399e-08,2.8704094968998423e-05,2.0668241606574736e-06,3.7600902987242383e-07,4.622946283826651e-06
2.93648422841651e-11,1.1154733334693133e-08,1.6216437280451847e-05,1.4094337762952307e-06,3.8335199482547853e-07,2.6651669111105597e-06
2.93648422841651e-11,1.2258312161287588e-08,1.0236186273131763e-05,8.492326161159805e-07,3.3359981601555e-07,1.552153480891681e-06
2.93648422841651e-11,1.0087469640285567e-08,1.0261339373665538e-05,1.5018416833999777e-06,8.05210619501341e-07,2.0210078501750966e-06
2.93648422841651e-11,9.950250149414853e-09,1.9399601388110357e-05,1.0716568981818141e-06,2.450638296812861e-07,2.9611694180851598e-06
2.93648422841651e-11,7.195414725304541e-09,1.0484391114590823e-05,8.193394734392924e-07,4.2021174941707147e-07,1.564252950333635e-06
2.93648422841651e-11,7.728841078931389e-09,3.263725484183149e-06,4.966972095868505e-07,2.1856611427394344e-07,6.949950189646099e-07
2.93648422841651e-11,8.162080102189762e-09,1.2440709748393346e-05,1.0141815603052088e-06,2.965453406520124e-07,1.979285153661216e-06
2.93648422841651e-11,4.039428116803178e-09,2.1961134927642056e-05,1.0023967339528937e-06,2.2830787277244552e-07,3.1098764155338114e-06
2.93648422841651e-11,1.5979855432120496e-09,1.7946133290391925e-05,1.0469967473058251e-06,3.687651018046996e-07,2.5681641282999345e-06
2.93648422841651e-11,7.060121655759955e-10,7.1895701065324275e-06,6.538273739952767e-07,1.8493680856352403e-07,1.25747270727407e-06
2.93648422841651e-11,1.3903594311316886e-09,3.5234734895230624e-06,5.820285902996424e-07,3.591873425397885e-07,7.028629112524424e-07
2.93648422841651e-11,2.244341729606246e-09,8.27799326839698e-06,8.407241098149911e-07,3.0939606325961837e-07,1.4502949907416683e-06
2.93648422841651e-11,8.406143369540469e-10,5.2386375243778905e-06,7.634855965413152e-07,3.9601377276923655e-07,1.1020447148163775e-06
2.93648422841651e-11,2.0643783025304536e-09,5.160918383825928e-06,9.328755842399336e-07,4.782781131279543e-07,1.1375063856539728e-06
2.93648422841651e-11,3.394376287186994e-11,9.688996779375046e-06,9.930568566903262e-07,3.707062001287087e-07,1.6140581761496598e-06
2.93648422841651e-11,1.4012430585121184e-10,5.51235631293416e-06,9.629118007710473e-07,2.5663931184388886e-07,1.2987683685524798e-06
2.93648422841651e-11,1.2764210979744557e-09,3.976953152756094e-06,6.113753973442685e-07,1.6516535666366676e-07,8.660795735745215e-07
2.93648422841651e-11,8.762378157803541e-10,9.526419571605786e-06,9.902357002785357e-07,5.425695304133638e-07,1.5521984994526403e-06
2.93648422841651e-11,7.242367126891116e-10,4.9009019966935235e-06,7.00948282660181e-07,3.5510438337471797e-07,9.251605567945102e-07
2.93648422841651e-11,1.0488464777458857e-09,7.769006779290101e-06,7.798210484458433e-07,1.431872044010519e-07,1.373925188922591e-06
2.93648422841651e-11,7.892944281068629e-09,5.338714326030638e-06,8.138846366065812e-07,3.296891555565123e-07,1.0390129759064289e-06
2.93648422841651e-11,4.417269477629457e-09,6.1684867847261374e-06,7.306637367286938e-07,3.7087833710117184e-07,1.145077118429637e-06
2.93648422841651e-11,8.189014206856367e-09,6.933045162417961e-06,9.223735520549438e-07,4.4998863597284497e-07,1.2801019197272452e-06
2.93648422841651e-11,6.232770220643521e-09,1.169124833305348e-05,8.37016385007874e-07,1.2602682603910645e-07,1.9563831015508963e-06
2.93648422841651e-11,4.480850484658408e-09,5.405087212829211e-06,6.071353714631849e-07,3.6119161537474146e-07,9.083310174313823e-07
2.93648422841651e-11,9.152217023348506e-09,3.5301000337131525e-06,7.135928198751825e-07,3.821240012059348e-07,8.241133081554871e-07
2.93648422841651e-11,1.1544593189926174e-08,9.622295558740676e-06,7.708203384656858e-07,3.4354968414633245e-07,1.4595889850498593e-06
2.93648422841651e-11,1.2146274718129855e-08,4.197331381186303e-06,6.406089349244382e-07,3.794853434224016e-07,8.363793051337054e-07
2.93648422841651e-11,1.3616171103599618e-08,3.9155741759359835e-06,7.579622980122852e-07,4.809030284874298e-07,8.509371421998723e-07
2.93648422841651e-11,1.301429533453909e-08,4.547793773973804e-06,8.913545635787452e-07,4.7170898249388346e-07,1.0481410417597014e-06
2.93648422841651e-11,1.721767694153693e-08,6.310525233520356e-06,7.966823938211292e-07,5.217743351437937e-07,1.1138970365274657e-06
2.93648422841651e-11,1.0888323272658126e-08,4.9043606710731e-06,8.736854713575495e-07,4.239247119795042e-07,1.0397840216096388e-06
2.93648422841651e-11,6.6279122280310516e-09,2.791785157243889e-06,6.115799756613733e-07,3.262563531464759e-07,6.93955061843463e-07
2.93648422841651e-11,7.801107472674855e-09,4.363242854149346e-06,7.686991367879954e-07,4.435481870771059e-07,8.958621201732483e-07
2.93648422841651e-11,9.34784749238799e-09,5.19151575564269e-06,6.558022835656634e-07,2.7896076908426145e-07,9.19847826326042e-07
2.93648422841651e-11,8.710945868890417e-09,3.993912465221772e-06,9.165823571700754e-07,5.459208797076215e-07,1.0023172230794208e-06
2.93648422841651e-11,6.132815790136058e-09,7.290464107871314e-06,7.514290989882635e-07,2.616587500010702e-07,1.3245065576540837e-06
2.93648422841651e-11,3.860714308191022e-09,5.203018581342178e-06,7.772030188562515e-07,2.865113423491349e-07,1.097823540969369e-06
2.93648422841651e-11,2.592352501824431e-09,8.057522140008269e-06,9.060550449492837e-07,2.7051785727727917e-07,1.5011043869831977e-06
2.93648422841651e-11,8.55785919027371e-09,5.224252315803992e-06,6.592973195994222e-07,3.892307300874948e-07,9.24598178935907e-07
2.93648422841651e-11,4.044691751229963e-09,5.566909503510642e-06,6.204968323312084e-07,3.0316484073609006e-07,1.0136075124991644e-06
2.93648422841651e-11,7.018415545276413e-09,5.4879489179076965e-06,7.028830358643926e-07,3.376219974654029e-07,1.0126124762326954e-06
2.93648422841651e-11,5.995302986245294e-09,3.9297480116962116e-06,6.875186689800419e-07,3.683293162737892e-07,8.575084700678e-07
2.93648422841651e-11,2.852331261766435e-09,4.642174936826555e-06,5.992805881290195e-07,2.275336905176063e-07,8.675554834535825e-07
2.93648422841651e-11,4.784472062102415e-09,3.2648008830391774e-06,5.469045722317808e-07,2.844985452454444e-07,6.832058218552733e-07
2.93648422841651e-11,1.2342123722021651e-09,5.349430401513561e-06,8.967821450731608e-07,5.178191811575343e-07,1.0376312200853716e-06
2.93648422841651e-11,1.045354611656337e-09,2.30208436819905e-06,5.617691864699504e-07,2.2821006558069363e-07,6.786717437193525e-07
2.93648422841651e-11,5.928864033637505e-10,3.140971907336049e-06,7.477159006797199e-07,5.213012792411713e-07,7.331181833472032e-07
2.93648422841651e-11,4.6404354634959103e-10,3.2229537353471585e-06,4.4143956678005236e-07,9.536095124204296e-08,6.771243318072353e-07
2.93648422841651e-11,2.974475151472667e-09,7.88346461833743e-06,7.259934620519713e-07,3.8485550061395717e-07,1.234025739488778e-06
2.93648422841651e-11,5.588352240766057e-10,3.602020295802182e-06,4.482962988845569e-07,1.4915817777018096e-07,6.674473116433126e-07
2.93648422841651e-11,6.366991969962208e-11,2.304394406909537e-06,5.485075228407877e-07,2.811519177835435e-07,6.270798221996243e-07
2.93648422841651e-11,7.118534609085494e-11,7.198455865035222e-06,1.1119370626337165e-06,8.571404610091024e-07,1.1796635823334861e-06
2.93648422841651e-11,3.268091287096478e-09,1.4149554303158103e-05,1.0432359859673233e-06,3.414913987782066e-07,2.073714229575705e-06
2.93648422841651e-11,5.10933313066219e-10,3.549131240031446e-06,6.436092247845686e-07,2.8603723908526946e-07,8.370305709858669e-07
2.93648422841651e-11,1.7703959885991317e-09,6.160884647082307e-06,8.01903656736881e-07,3.0723132266914905e-07,1.1618872321029443e-06
2.93648422841651e-11,6.419417260186945e-09,4.609155082213169e-06,6.923137348938168e-07,2.997742013064645e-07,8.922994251038117e-07
2.93648422841651e-11,4.5128854605619346e-09,2.0902734305371575e-06,4.381195732299969e-07,2.2377736661558144e-07,4.813383428255423e-07
2.93648422841651e-11,5.606757006321166e-09,7.198256407011408e-06,8.377184092802957e-07,4.4874494417097526e-07,1.1468836820638249e-06
2.93648422841651e-11,4.3170669508649e-09,3.904253522397291e-06,6.019134232261403e-07,2.7218129208567523e-07,8.299205288978055e-07
2.93648422841651e-11,9.589690771051649e-09,4.559273647986632e-06,8.039953804501903e-07,4.3820039665343896e-07,9.857729413238302e-07
2.93648422841651e-11,2.5938215168934585e-09,6.822786937563638e-06,5.294427912943835e-07,1.7177384691206982e-07,1.0229102751888844e-06
2.93648422841651e-11,1.115545680387451e-09,5.73483142410537e-06,6.690726705258477e-07,3.926223309306135e-07,9.3357274786838e-07
2.93648422841651e-11,8.797853230308677e-10,1.1868950904527146e-05,5.342567268858515e-07,2.310517065933406e-07,1.6545400177828156e-06
2.93648422841651e-11,4.874393109335512e-10,3.972632155121116e-06,5.544932600856784e-07,1.7759658100250832e-07,8.723330181941737e-07
2.93648422841651e-11,1.428821336476318e-09,2.5536220065722974e-06,4.055362996419374e-07,1.5967351218600678e-07,5.368615309781777e-07
2.93648422841651e-11,2.3985186501085606e-10,3.377151012891919e-06,5.074220360846283e-07,2.8268252575218367e-07,6.592673654367025e-07
2.93648422841651e-11,6.909247889520048e-11,2.674386540361754e-06,3.4138963209653005e-07,1.2483831677556081e-07,4.625498322346916e-07
2.0108058324442918e-11,2.0108058324442918e-11,6.11938845748547e-06,7.300406528185854e-07,4.1779946146695656e-07,1.0161035550772955e-06
2.0108058324442918e-11,1.8822480051500374e-10,3.1835869636826668e-06,5.757159771784183e-07,2.9312462331074664e-07,7.357930118866503e-07
2.0108058324442918e-11,2.484847957004045e-10,3.458456278952708e-06,6.465592834387838e-07,3.22138253587245e-07,8.508854863151574e-07
2.0108058324442918e-11,1.5542297119548913e-09,6.942350080727693e-06,8.05438767829424e-07,2.2654229646240787e-07,1.3904013029350114e-06
2.0108058324442918e-11,4.898255167859973e-10,5.0746886210681785e-06,6.253811134413842e-07,3.009066540544866e-07,8.679925343116171e-07
2.0108058324442918e-11,5.834479270280337e-10,3.540029380537534e-06,8.06034334530481e-07,4.1497141957890475e-07,9.088931508902219e-07
2.0108058324442918e-11,8.094508190136964e-10,5.439394597313861e-06,7.709940006651112e-07,2.3727342598651676e-07,1.0872772222039125e-06
2.0108058324442918e-11,4.004396957748353e-10,4.2334155352422575e-06,6.104079134869078e-07,2.0487715074078405e-07,9.04848079584734e-07
2.0108058324442918e-11,1.1979346614966765e-09,5.328109818497534e-06,6.88666099017342e-07,2.87570740655282e-07,1.040180387377307e-06
2.0108058324442918e-11,2.7353581769345087e-10,3.932449957578151e-06,5.940535031097298e-07,2.927015844224642e-07,7.71384652970891e-07
2.0108058324442918e-11,9.47035902364277e-10,3.1406732008859516e-06,7.484309442332586e-07,4.007843665858551e-07,8.357439910831781e-07
2.0108058324442918e-11,2.4911399155748734e-09,5.3361779094578485e-06,6.184351889102664e-07,3.5097110114394245e-07,8.858917804955639e-07
2.0108058324442918e-11,5.562849750500139e-10,4.1562805987840015e-06,7.095287339686063e-07,2.419087334235994e-07,9.085876528872714e-07
2.0108058324442918e-11,9.609174747150862e-11,3.860681107344293e-06,8.233944674781084e-07,5.188686479666963e-07,9.820788904148377e-07
2.0108058324442918e-11,1.4538269075884886e-10,3.947766738232168e-06,4.6329419407159613e-07,2.502482151435031e-07,7.271586880106536e-07
2.0108058324442918e-11,2.0436359489363877e-11,6.658256726372199e-06,6.097461159607055e-07,2.490847317147617e-07,1.0609006127948601e-06
2.0108058324442918e-11,3.6831278813372045e-11,1.688943598861187e-05,8.395231631766773e-07,1.6312929387756418e-07,2.4039187466123417e-06
2.0108058324442918e-11,5.098401815733925e-10,7.594438119161663e-06,6.491199037666293e-07,2.332699542951803e-07,1.2992569799552534e-06
2.0108058324442918e-11,4.366687352192569e-10,3.990222193120926e-06,5.562944842837219e-07,2.8073250650520696e-07,7.456431181288525e-07
2.0108058324442918e-11,3.843016077264393e-10,6.865047029055134e-06,7.438411050341836e-07,2.8500432143346236e-07,1.3334313144838177e-06
2.0108058324442918e-11,3.7753419611932515e-10,1.6996131840241406e-05,7.956499489682119e-07,2.1116145507227087e-07,2.3947284034545923e-06
2.0108058324442918e-11,1.0042768189712436e-09,1.0443456290223341e-05,7.397349798706236e-07,3.9359509125840975e-07,1.5038481723699545e-06
2.0108058324442918e-11,1.3925668938648865e-09,4.812586117979137e-06,6.634001123381088e-07,2.0952801435938218e-07,1.1026310980044355e-06
2.0108058324442918e-11,1.8938531841444744e-09,3.817279680600848e-06,7.067758972782708e-07,1.6526442724486513e-07,9.854786223956972e-07
2.0108058324442918e-11,3.0787925985430676e-09,5.61405789656499e-06,6.230855733100363e-07,3.2286195686268624e-07,9.932845352549012e-07
2.0108058324442918e-11,1.3759234801492157e-09,5.1541036960235655e-06,7.684842569923977e-07,2.9973706000634416e-07,1.1347260973386817e-06
2.0108058324442918e-11,1.646198567438119e-09,2.0264587774469554e-06,4.554653669722567e-07,2.4844872254163596e-07,5.340764227426269e-07
2.0108058324442918e-11,8.490990341039355e-10,4.561988192654925e-06,7.318459729381873e-07,3.213448749471204e-07,1.0643916855702875e-06
2.0108058324442918e-11,2.201791950545148e-09,9.832278311815222e-06,7.629588417817124e-07,3.0470397733768953e-07,1.5140677325549242e-06
2.0108058324442918e-11,4.558190552749141e-09,3.210786354721642e-06,4.28459760816494e-07,1.4774612414644115e-07,6.058999291140942e-07
2.0108058324442918e-11,1.5997397551271357e-09,3.7289487535951848e-06,4.5698040446454727e-07,1.6977307135330696e-07,8.145722857574321e-07
2.0108058324442918e-11,1.9705871845201638e-09,4.0064317157853955e-06,5.177164563683894e-07,3.072953277063926e-07,7.07450035239416e-07
2.0108058324442918e-11,1.2643843340953623e-09,3.595045036170538e-06,3.3639224030489685e-07,1.1588398699965014e-07,7.087456402072333e-07
2.0108058324442918e-11,5.3319146429857e-10,3.1110091230241566e-06,4.1408670894972213e-07,1.9318913487031802e-07,5.642214551589619e-07
2.0108058324442918e-11,3.3313811948684336e-10,2.2447720772758586e-06,3.1037043098719034e-07,1.7107004781123344e-07,4.133963016036873e-07
2.0108058324442918e-11,9.535947214623105e-10,2.3777956313509713e-06,3.2514115666015664e-07,1.402716545060523e-07,4.6207848910483853e-07
2.0108058324442918e-11,4.68624887654883e-10,2.0388375479951936e-06,2.524881136587721e-07,1.1407047482530492e-07,4.003808169823346e-07
2.0108058324442918e-11,6.524648415180915e-10,1.9935592149056124e-06,2.1149697548665444e-07,9.383024182474713e-08,3.199586399408772e-07
2.0108058324442918e-11,2.803719265219471e-10,1.6610903101876513e-06,2.5736787355170553e-07,1.7404081480516446e-07,3.1123940570474606e-07
2.0108058324442918e-11,6.789060574358487e-10,2.8613480641113835e-06,5.033510475899946e-07,3.6542368945050727e-07,5.784151663336437e-07
2.0108058324442918e-11,1.5199752227933103e-09,5.22009414915738e-06,3.1651148072561325e-07,1.2024615863128584e-07,7.491044175185028e-07
2.0108058324442918e-11,3.513611356460524e-10,2.6377085790345836e-06,3.507841014776281e-07,1.1877555252044353e-07,5.440845448252091e-07
2.0108058324442918e-11,1.0294683981578165e-09,1.6281149166824555e-06,3.2179705142892656e-07,2.0337223708997556e-07,3.582917454231389e-07
2.0108058324442918e-11,5.039401657650555e-11,2.3132797565578442e-06,4.1108613610324963e-07,1.9032463141071176e-07,5.079086008029083e-07
2.0108058324442918e-11,1.2897074525247931e-09,4.332366160646687e-06,4.557568441686326e-07,1.847797868032655e-07,7.723616641349225e-07
2.0108058324442918e-11,4.6175716816367385e-10,3.427849832110028e-06,4.0323901193328903e-07,2.34578460774619e-07,5.886964071947432e-07
2.0108058324442918e-11,1.480766614270079e-09,1.6018245953257628e-06,3.1782844760488175e-07,2.0744480212201093e-07,3.5144259713254544e-07
2.0108058324442918e-11,2.0830453461497088e-10,1.8846955117621156e-06,3.077592329779926e-07,1.2951123779471298e-07,4.055619288502222e-07
2.0108058324442918e-11,3.4434765900392063e-11,2.4493477619737575e-06,4.694786990155816e-07,2.4739037503782085e-07,5.81158511630677e-07
2.0108058324442918e-11,1.8348848644780076e-10,2.7792938291916787e-06,3.5779326293014996e-07,8.614662300176518e-08,5.927952861307066e-07
2.0108058324442918e-11,5.771298134381543e-10,2.9462076402741693e-06,4.460026444936251e-07,2.0919581878625912e-07,6.510228537219576e-07
2.0108058324442918e-11,5.597226904831212e-10,2.3610005945022526e-06,4.7006022013979783e-07,1.4705186206740004e-07,6.266648963712545e-07
1.574818049292685e-11,1.574818049292685e-11,4.010528061760842e-06,4.6220914117649754e-07,1.3977357828453234e-07,8.05680508561941e-07
1.574818049292685e-11,1.631852839820289e-10,4.159467470881777e-06,4.555345770552582e-07,1.786900654591846e-07,7.283916810174397e-07
1.574818049292685e-11,2.230137077162033e-10,2.7885794488148693e-06,4.218614639909052e-07,2.3130543581325212e-07,5.881558953793948e-07
1.574818049292685e-11,3.5223227195999027e-09,4.11328502403096e-06,4.785250422953475e-07,1.4483704895330475e-07,8.306754628229961e-07
1.574818049292685e-11,3.135258782577258e-10,4.407287249737407e-06,5.915160630965262e-07,1.3477080376193206e-07,8.925330249155343e-07
1.574818049292685e-11,1.8661207080627267e-09,2.461443272874565e-06,3.577653860336001e-07,2.0917377485774333e-07,4.783533520474466e-07
1.574818049292685e-11,3.449779213383563e-09,2.9828108070476265e-06,4.468592932455589e-07,2.462972539322379e-07,5.585377525799829e-07
1.574818049292685e-11,1.2409467139627427e-09,3.870426946601217e-06,5.131830717433148e-07,1.695855083014547e-07,8.331753664200988e-07
1.574818049292685e-11,3.4230120192627986e-10,1.5881071146843171e-06,3.430476177772429e-07,2.1178187962065476e-07,3.8305000274188147e-07
1.574818049292685e-11,3.0002723446073577e-09,4.088714996896488e-06,6.282706889902895e-07,2.4293539736307507e-07,8.681982377065856e-07
1.574818049292685e-11,1.282779408554181e-09,6.198041815499207e-06,5.558735105384134e-07,1.962588114366068e-07,9.94735539765524e-07
1.574818049292685e-11,1.0052025690642574e-09,2.2786540399609785e-06,2.3238682363352913e-07,9.198086020871914e-08,3.790714638366209e-07
1.574818049292685e-11,5.007979221302732e-10,1.1658707477068903e-06,3.3118759280392897e-07,1.4595258236400249e-07,3.6180153525523435e-07
1.574818049292685e-11,8.379075126210758e-10,1.7233628379152482e-06,3.648168198013613e-07,1.8473729514065944e-07,4.6646465968905545e-07
1.574818049292685e-11,3.845415107351324e-10,4.0128563647744344e-06,5.006202358100694e-07,1.869671205263687e-07,7.474967660639579e-07
1.574818049292685e-11,1.2329522510937398e-09,2.9634290669409626e-06,4.46192995538359e-07,1.7471711352116272e-07,6.723743872635092e-07
1.574818049292685e-11,1.6901080130742574e-09,2.5266102805493014e-06,3.6756831296923753e-07,1.463274945597522e-07,5.624925914397616e-07
1.574818049292685e-11,1.6257295045036992e-09,2.0544514790920414e-06,3.854388312830066e-07,1.2198991584684983e-07,5.259513079884663e-07
1.574818049292685e-11,2.2311092320381278e-09,2.8865464266218826e-06,4.868053909325398e-07,1.7003098328385447e-07,7.069898581499257e-07
1.574818049292685e-11,2.1559281511314477e-09,5.19175079685966e-06,4.1275595611531723e-07,1.3742181245776422e-07,8.017536272724544e-07
1.574818049292685e-11,4.723908066302396e-09,3.9566707410070255e-06,3.903962382588456e-07,1.460790888567928e-07,6.765668689643461e-07
1.574818049292685e-11,4.547606139423325e-09,1.6421134216076515e-06,2.94058016397458e-07,1.388035096436778e-07,3.5611067340038663e-07
1.574818049292685e-11,2.850974930098618e-09,2.529362384576126e-06,4.3602234207442686e-07,1.9786481337083165e-07,5.84062778422924e-07
1.574818049292685e-11,3.2804856971404126e-09,3.2748993121859913e-06,3.7750181054677013e-07,1.9333812068007827e-07,5.324819205293097e-07
1.574818049292685e-11,2.0434288861707262e-09,2.2900188193033897e-06,3.476534520609107e-07,1.4166928992787492e-07,4.909006665132141e-07
1.574818049292685e-11,4.732133211464438e-10,1.944299262759068e-06,3.6669627594994704e-07,2.103502067549839e-07,4.746450736513648e-07
1.574818049292685e-11,3.061748418448624e-09,2.1296557493480543e-06,4.0017684646415025e-07,1.71712751294015e-07,5.039727651922113e-07
1.574818049292685e-11,7.105146001986105e-10,1.566992611846506e-06,3.4559036497833847e-07,1.7886355964399226e-07,4.122440345691357e-07
1.574818049292685e-11,4.4444122286321447e-10,1.7161805741369576e-06,3.729293759025911e-07,2.3162653366814093e-07,4.12445223662025e-07
1.574818049292685e-11,4.397348254973564e-10,2.9766726964844756e-06,4.412999846360923e-07,1.8113133126529235e-07,5.919530377192224e-07
1.574818049292685e-11,2.482471372001186e-10,2.2315184647005507e-06,4.6416105256598106e-07,2.6865696615046167e-07,5.68201884880655e-07
1.574818049292685e-11,1.1908256061864308e-09,3.952515797943467e-06,4.417789809900782e-07,1.444185622146691e-07,7.124749373222055e-07
1.574818049292685e-11,2.758977177446627e-10,2.0430421880526557e-06,3.895436805039651e-07,2.1296942502333431e-07,4.884792004620933e-07
1.574818049292685e-11,2.177675037814404e-09,3.1734608150066556e-06,4.820471441645409e-07,2.8154601034929903e-07,6.022029914057606e-07
1.574818049292685e-11,3.65599668816611e-10,1.540011136870416e-06,3.2595049231300204e-07,1.9904909453655132e-07,3.7350954895741157e-07
1.574818049292685e-11,2.4661154869663822e-09,4.097345129282805e-06,4.470782231145167e-07,1.3609392653642657e-07,7.677949096795307e-07
1.574818049292685e-11,9.282122452279251e-11,3.8266936608927494e-06,4.5485386936143455e-07,1.9759795759625134e-07,6.918940708048719e-07
1.574818049292685e-11,4.177509013454467e-10,2.2463821547723954e-06,3.500907429032117e-07,2.174286167056115e-07,4.361628774537252e-07
1.574818049292685e-11,6.089920127686804e-11,3.3463624619437945e-06,5.302692508653613e-07,2.684522971116282e-07,7.052402611352297e-07
1.574818049292685e-11,1.6604308243283573e-10,2.3304840343680137e-06,2.6171268698187745e-07,1.3251055613876577e-07,4.1891331666442953e-07
1.574818049292685e-11,3.8337150502288284e-10,2.285391241605575e-06,4.1046729855784583e-07,1.8497400227789685e-07,5.169910904008654e-07
1.574818049292685e-11,7.978391816098601e-10,1.6586163001055006e-06,3.258038872260636e-07,1.6870016276065933e-07,3.9291896747965216e-07
1.574818049292685e-11,3.990532705301506e-10,1.444658831283511e-06,1.9003688663020536e-07,7.756069512965248e-08,3.06102474159157e-07
1.574818049292685e-11,2.6641221881842867e-11,2.8723265640851482e-06,3.304376006110097e-07,1.2774179384552872e-07,4.972339735660385e-07
1.574818049292685e-11,1.9561498634637891e-10,1.2553271455418107e-06,2.0362717510937707e-07,8.167299055312229e-08,2.8303862688765704e-07
1.574818049292685e-11,8.909942214988728e-11,1.8858385606719742e-06,2.3561649550767468e-07,9.927954222605191e-08,3.6117933062432275e-07
1.574818049292685e-11,8.018489602925871e-11,1.004990461919384e-06,2.4064243334322866e-07,9.270030378641358e-08,2.77661976116749e-07
1.574818049292685e-11,7.85590928476566e-10,2.6339077630714754e-06,2.679687114921383e-07,8.886398141424069e-08,4.2914365073719146e-07
1.574818049292685e-11,2.453878090320015e-10,3.169328211135952e-06,2.3615860476470313e-07,4.520741839166868e-08,4.971401341530609e-07
1.574818049292685e-11,3.0565300084753856e-10,1.216954463986408e-06,2.6366976305536056e-07,1.5539794571889959e-07,2.859928730408759e-07
1.574818049292685e-11,4.3454275786263873e-10,3.2344747525858897e-06,4.12137167574038e-07,1.6269954856756072e-07,6.849215032662344e-07
1.574818049292685e-11,5.698597756240318e-10,2.4298670799440173e-06,4.2764555519314365e-07,8.472545082871655e-08,6.870293216075507e-07
1.574818049292685e-11,2.6038047657575466e-09,2.142325434410815e-06,3.9407367072342316e-07,1.618462787085164e-07,5.082681029102246e-07
1.574818049292685e-11,2.0981187957530717e-09,2.2623917355894247e-06,3.6757223103536987e-07,1.7462777313948784e-07,4.900784435833174e-07
1.574818049292685e-11,1.3120274609733537e-09,2.2241605686936953e-06,4.2321870728270404e-07,1.3273874791899556e-07,5.511879111205809e-07
1.574818049292685e-11,1.8202511686985108e-09,2.4618940908822746e-06,3.5590804228321474e-07,1.3092278965469894e-07,5.515076796012693e-07
1.574818049292685e-11,1.898861735697804e-09,2.2313194120983467e-06,3.183367142897354e-07,1.1718348828969146e-07,4.572463706613818e-07
1.574818049292685e-11,1.991356671864974e-09,1.421997219132318e-06,3.566140572591089e-07,1.6732913842420035e-07,3.688557553117037e-07
1.574818049292685e-11,4.716284382580609e-10,1.8427553821303574e-06,4.7302337955370333e-07,3.2407283762142015e-07,4.517021631895488e-07
1.574818049292685e-11,8.977729661303059e-10,2.0544721044311635e-06,3.315813312604614e-07,1.8827891641476977e-07,4.7010423226028354e-07
1.574818049292685e-11,7.874264948706263e-10,2.335075729035463e-06,3.278781194853195e-07,1.0930331439481807e-07,4.802733728961217e-07
1.574818049292685e-11,1.882626498887932e-09,3.2471742765103232e-06,4.0714162340674844e-07,1.0469563432878937e-07,7.241833948162381e-07
1.574818049292685e-11,2.7128391940789817e-09,1.5481757108619996e-06,2.5397730647401327e-07,1.2016029252394008e-07,3.433944335994683e-07
1.574818049292685e-11,3.2158961163653226e-09,4.68956306860653e-06,5.82397198457221e-07,1.9421830127721957e-07,8.713399769724008e-07
1.574818049292685e-11,3.1326072076700475e-09,5.14019642552279e-06,3.917933805516793e-07,1.72784903850202e-07,8.721397901882107e-07
1.574818049292685e-11,5.115681758842746e-09,3.0371392281229304e-06,3.5046311310245456e-07,1.4621387548427437e-07,5.492223471714568e-07
1.574818049292685e-11,3.22705425534107e-09,1.6683807097278162e-06,2.1819904981685467e-07,7.458610639052424e-08,3.0995014101174917e-07
1.574818049292685e-11,2.036647348051452e-09,2.0987980073187912e-06,4.08016077883064e-07,2.404410922761697e-07,4.5835847816397575e-07
1.574818049292685e-11,2.416602052362802e-09,1.5185482959156554e-06,3.064003630908612e-07,1.8357289317671072e-07,3.5072758807544507e-07
1.574818049292685e-11,2.506690173501658e-09,1.8042909799148013e-06,2.7181155997162603e-07,1.34914572358934e-07,3.5104114776361405e-07
1.574818049292685e-11,2.0909506845833398e-09,1.730978045912201e-06,3.136381755212781e-07,1.6110401830496807e-07,3.9974472512720227e-07
1.574818049292685e-11,2.640236959933753e-09,1.0634448691528895e-06,2.050292586162715e-07,1.1052962358467363e-07,2.3397929699549593e-07
1.574818049292685e-11,2.7955122129225583e-09,1.6667090743173972e-06,3.040748916655735e-07,1.4614894530223486e-07,3.7931782470306755e-07
1.574818049292685e-11,9.19602073212874e-10,3.6608084050945463e-06,2.3393677474104685e-07,8.385351079688648e-08,5.343659061974986e-07
1.574818049292685e-11,1.7654261204931536e-09,3.7611813813783215e-06,3.338556658811488e-07,1.0981398484032156e-07,6.960287721926346e-07
1.574818049292685e-11,4.848658235550503e-10,2.451165401192385e-06,3.320601138804671e-07,1.5117462577304347e-07,4.632881690631065e-07
1.574818049292685e-11,8.120908335203716e-10,1.8943771917283604e-06,3.7547591121521007e-07,2.2788812199116643e-07,4.315621530448055e-07
1.574818049292685e-11,1.0039049948622778e-09,1.0463166590343593e-06,2.3774119544077795e-07,1.4731042240528164e-07,2.682689631602458e-07
1.574818049292685e-11,4.2140992224928203e-10,2.1363731393240634e-06,3.6845052726406363e-07,2.009078048546874e-07,4.983178411289267e-07
1.574818049292685e-11,8.761059739325302e-10,3.309521709846736e-06,3.192129377936299e-07,1.376613185972162e-07,5.637385693408157e-07
1.574818049292685e-11,1.5977486647083522e-09,2.494740375311556e-06,3.6715920816918996e-07,1.9486232883770842e-07,4.81223747402612e-07
1.574818049292685e-11,3.844654672557453e-10,2.2859489620719745e-06,5.101280896864418e-07,1.8533989494297995e-07,6.139977715851576e-07
1.574818049292685e-11,6.936743320723666e-10,1.5166523999303167e-06,2.865707987939332e-07,1.5941095138177888e-07,3.6365436867225185e-07
1.574818049292685e-11,9.811500808147791e-10,9.811113798369508e-07,2.1521334454428202e-07,1.0765219815257082e-07,2.7357686938362314e-07
1.574818049292685e-11,1.2886679982960055e-09,1.3100922431526939e-06,1.8667035881819184e-07,6.245000846414523e-08,2.417106867629924e-07
1.574818049292685e-11,5.1632324845198e-10,8.380646822192712e-07,1.3865770667165484e-07,7.761625201873027e-08,1.7702895953003365e-07
1.574818049292685e-11,7.628273898843806e-10,6.333884409053703e-07,1.3028022679966528e-07,5.8850616967313226e-08,1.4904448087623368e-07
1.574818049292685e-11,2.809320462680266e-10,1.2210751545617606e-06,2.2111680965879489e-07,1.4113223495855367e-07,2.894644496637788e-07
1.574818049292685e-11,2.603485622086108e-10,9.606243965642478e-07,1.6528879676240125e-07,7.735405998750089e-08,2.038985530301359e-07
1.574818049292685e-11,7.973236018286236e-10,1.4038341992656686e-06,2.5659317916165167e-07,1.193356024271371e-07,3.1386324597671374e-07
1.574818049292685e-11,2.2218368457344915e-10,6.239555147459264e-07,1.4221921010432612e-07,7.962085443703658e-08,1.6204047821827377e-07
1.574818049292685e-11,3.685962125878993e-10,1.2750197971006972e-06,2.5355582915998564e-07,1.0047559940036551e-07,3.2748411327160006e-07
1.574818049292685e-11,1.8505373848772997e-09,3.0193869943892886e-06,2.237313586282025e-07,4.589327633895253e-08,4.739531398933027e-07
1.574818049292685e-11,3.1947471992300713e-10,1.0929652995351528e-06,1.6050242786968547e-07,7.635248227355872e-08,2.3172458062468482e-07
1.574818049292685e-11,6.678097723583666e-10,2.077520015630121e-06,2.1732413613095583e-07,7.593633822708041e-08,3.646440790471796e-07
1.574818049292685e-11,4.619792763721151e-10,2.247764655654621e-06,1.7701329867873673e-07,4.123538240290328e-08,3.7821090868334585e-07
1.574818049292685e-11,2.013869887534651e-11,1.0323450425222898e-06,1.691577682168452e-07,5.672038403217768e-08,2.4723480999444627e-07
1.574818049292685e-11,7.815439420138317e-11,5.971084989570087e-07,1.2283243974462423e-07,6.677706865708238e-08,1.4642417932919335e-07
1.574818049292685e-11,5.329514688322832e-11,1.7059087331883686e-06,2.710220936566518e-07,2.0719035300472195e-07,3.130222602997758e-07
1.574818049292685e-11,2.4395927965669714e-10,2.453325017927726e-06,2.0985136716945243e-07,8.523331639632211e-08,3.757959155400654e-07
1.574818049292685e-11,4.355438372135e-11,6.967327050200223e-07,1.1791909579506238e-07,2.949591419928814e-08,1.7220434484060955e-07
1.574818049292685e-11,2.972418285680092e-10,1.1851284592314423e-06,1.9688378778266718e-07,5.8423166943316016e-08,2.866562915770486e-07
1.574818049292685e-11,1.4529110011453085e-09,3.0943458448032494e-06,1.9035136377271896e-07,7.207344854483474e-08,4.4191150778156257e-07
1.574818049292685e-11,8.943987826696002e-10,2.19605663370271e-06,1.652581630947715e-07,5.249884314646319e-08,3.3119827312478504e-07
1.574818049292685e-11,2.60457177325503e-09,7.235577526927683e-07,1.3658800951628936e-07,5.0694875735101284e-08,1.919896764051285e-07
1.574818049292685e-11,1.5223270071577427e-09,5.694607841748003e-07,1.212305596324408e-07,4.913122253101679e-08,1.4929792242045845e-07
1.574818049292685e-11,1.337050556162802e-09,6.926355747000765e-07,9.53435551382203e-08,4.10209950387433e-08,1.4193984543259246e-07
1.574818049292685e-11,9.66544731030276e-10,8.614907439920293e-07,1.4740841245327918e-07,5.5046207301689226e-08,2.01576458139596e-07
1.574818049292685e-11,7.796580289454364e-10,1.1741834661664886e-06,1.8690249237918542e-07,8.914693300063584e-08,2.3956521793797933e-07
1.574818049292685e-11,2.261307941638075e-09,2.5404575441262903e-06,2.8171751346545523e-07,1.0626213074977726e-07,4.3642897621773727e-07
1.574818049292685e-11,1.9547801603562696e-09,1.7263210637977369e-06,2.33015985680495e-07,1.0693494121153202e-07,3.8925174306729057e-07
1.574818049292685e-11,1.9675888973867188e-09,9.198771283473141e-07,1.5504837799172162e-07,8.325814514702458e-08,2.0566955191006043e-07
1.574818049292685e-11,2.827656941681514e-09,1.3974456019292486e-06,2.9096322356995883e-07,1.4893015055872926e-07,3.781944401390768e-07
1.574818049292685e-11,3.0672483456005092e-09,1.7928438970903379e-06,2.6374267761638506e-07,1.415363721433094e-07,3.546193456085724e-07
1.574818049292685e-11,3.7057985096172453e-09,1.2270247156809167e-06,2.1359189731309254e-07,8.81020776004227e-08,2.68913389814817e-07
1.574818049292685e-11,2.795895174967191e-09,1.6465273756427817e-06,2.771997436382004e-07,1.311768843058458e-07,3.597986751155209e-07
1.574818049292685e-11,3.0978948923481263e-09,9.344769776891254e-07,1.993597530218247e-07,9.44758910637957e-08,2.438026196569695e-07
1.574818049292685e-11,3.343835873616546e-09,2.2140169674315833e-06,2.4891638152718736e-07,8.811059298389144e-08,3.726282783222125e-07
1.574818049292685e-11,2.564860247896048e-09,1.5664644335248076e-06,2.1640932134976888e-07,1.1553358557835415e-07,2.95271983443203e-07
1.574818049292685e-11,3.442325250412267e-09,8.785097195855147e-07,1.2014470334376997e-07,5.119915611591556e-08,1.751352792478442e-07
1.574818049292685e-11,3.6157685854966033e-09,1.4525128161224962e-06,2.3390763872819265e-07,7.561926058783912e-08,3.4033774793544627e-07
1.574818049292685e-11,2.897628639861358e-09,2.0863967225129884e-06,2.3886800901316427e-07,1.1177626806797405e-07,4.0244788242239733e-07
1.574818049292685e-11,4.605718850301695e-09,1.038441244301152e-06,1.4411883438826273e-07,7.237646428018024e-08,2.0136086198882666e-07
1.574818049292685e-11,1.3845812971195406e-09,9.655063548481793e-07,1.4470197117362693e-07,3.614745649532758e-08,2.2099763892147096e-07
1.574818049292685e-11,1.4449437539386829e-09,1.0840143183589336e-06,1.724485525143827e-07,6.863860025622523e-08,2.4648560194746306e-07
1.574818049292685e-11,9.673575853829093e-10,8.506760754901743e-07,1.1039592744787456e-07,5.5045515105049836e-08,1.5571185808715958e-07
1.574818049292685e-11,1.756133296614926e-09,1.8095114485816262e-06,2.3574581343713812e-07,1.1249692283899386e-07,3.188271366888305e-07
1.574818049292685e-11,4.858379720201601e-10,1.391278571760795e-06,1.6556219091582755e-07,5.5607009723527254e-08,2.75524635486283e-07
1.574818049292685e-11,6.852822137353976e-10,8.758848139610453e-07,1.3875767145737214e-07,6.066819834290922e-08,1.9710976394692445e-07
1.574818049292685e-11,4.74422067361264e-10,1.6174903658657984e-06,2.995021130521968e-07,1.0581994263566096e-07,3.890431687811907e-07
1.574818049292685e-11,8.597780666538437e-10,2.7073266436531163e-06,1.9130286532337028e-07,6.99756283886575e-08,4.1767246856584947e-07
1.574818049292685e-11,2.8281387862893753e-10,1.1727037835407404e-06,1.6001605081296178e-07,6.832906369186217e-08,2.44367586141344e-07
1.574818049292685e-11,1.3514628435212344e-10,2.115151327787172e-06,1.8116101326223215e-07,5.807501829617074e-08,3.3328546568173743e-07
1.574818049292685e-11,3.573808541692743e-10,1.558280751076587e-06,1.8108213896375068e-07,7.176445607342049e-08,2.830010850353957e-07
1.574818049292685e-11,5.356364599617774e-10,5.6463727176968e-07,1.0175201960372051e-07,5.756233125711318e-08,1.0917715559122696e-07
1.574818049292685e-11,9.702648230632333e-11,6.874702091047962e-07,1.6611111048235562e-07,1.0601100130733091e-07,1.7602783455884237e-07
1.574818049292685e-11,3.251371865242008e-10,5.986762478447802e-07,1.2052231873774263e-07,7.101163327615012e-08,1.4306427287642824e-07
1.574818049292685e-11,3.0195634872237455e-10,9.118788131120825e-07,1.4417687463099018e-07,6.242805193957497e-08,1.994529305935422e-07
1.574818049292685e-11,3.368124762419583e-10,1.205955050316311e-06,1.7786840673389802e-07,1.2794723789220973e-07,2.0911223984865302e-07
1.574818049292685e-11,3.4317105825131116e-10,1.4778855679494961e-06,1.3630383841850113e-07,5.518697806506868e-08,2.3302028500667386e-07
1.574818049292685e-11,2.4767735998016787e-10,2.0613141903600806e-06,1.7509254408574002e-07,3.5194032130281755e-08,3.449850982149088e-07
1.574818049292685e-11,5.688912816296327e-11,4.989406242978317e-07,9.422668547829496e-08,4.4202753851977376e-08,1.105824754978211e-07
1.574818049292685e-11,4.407399192324375e-10,1.009272280289886e-06,1.7709828344802533e-07,7.536048527881287e-08,2.3452636686084008e-07
1.574818049292685e-11,4.9446906140266805e-11,1.4590220760643546e-06,1.8046668980989832e-07,8.238385556567807e-08,2.897242446587676e-07
1.574818049292685e-11,6.414675930223999e-11,6.789574686804217e-07,1.1679935955436748e-07,6.959799495612783e-08,1.3336438166475776e-07
1.574818049292685e-11,4.721000031667317e-10,1.0474634884339733e-06,1.6980644761465566e-07,9.962032018253619e-08,2.0994472989917e-07
1.574818049292685e-11,2.2460685043808184e-11,1.2552981434600547e-06,2.0343169651752416e-07,1.0858939393076607e-07,2.610838404744904e-07
1.574818049292685e-11,2.5875298317274275e-10,1.6507746248837993e-06,1.3240461455492294e-07,4.9298225942763795e-08,2.5730283885795367e-07
1.574818049292685e-11,2.4831682248056745e-10,1.8771194278820752e-06,1.0664180289717033e-07,5.512709304903526e-08,2.6296971620908427e-07
1.574818049292685e-11,5.885646255816716e-11,8.473263532343873e-07,1.1561704456178131e-07,6.145337861632633e-08,1.703518637898501e-07
1.574818049292685e-11,4.094086316693405e-10,5.446671135969157e-07,8.177372155074386e-08,4.481419040375229e-08,1.0810640371536867e-07
1.574818049292685e-11,1.750584461492778e-09,1.2630795736125564e-06,2.5940186286275746e-07,1.3441474483401897e-07,2.9150526185666277e-07
1.574818049292685e-11,2.5016291003597313e-10,5.567405543709698e-07,1.0352839166036739e-07,5.489296339478407e-08,1.2473198885430795e-07
1.574818049292685e-11,5.926134015548744e-11,9.89805441377694e-07,1.5849800747956308e-07,7.676838406646962e-08,2.0116354353267054e-07
1.574818049292685e-11,1.8118981248098735e-11,8.406761976664573e-07,1.415113057593828e-07,5.834383457964037e-08,1.830974748228079e-07
1.574818049292685e-11,1.2808592964700345e-10,1.3459957035133575e-06,1.494717144799333e-07,5.6959377651547343e-08,2.3572609321295803e-07
1.574818049292685e-11,1.6268901916399354e-10,1.4348630260825052e-06,1.5948646363837558e-07,6.115533058586005e-08,2.573639721179925e-07
1.574818049292685e-11,1.60584138052179e-11,1.1079334247252414e-06,1.3921026861650042e-07,6.659086562640551e-08,1.9826048829969286e-07
1.574818049292685e-11,6.212835441007369e-10,1.6093879562560463e-06,1.3904083859978144e-07,3.781767876347972e-08,2.789305421261251e-07
1.574818049292685e-11,2.3056115981106065e-10,6.776640123571885e-07,9.532917758266872e-08,6.066070105813693e-08,1.27870436355188e-07
1.574818049292685e-11,4.850793850480741e-11,9.764462537560591e-07,1.66053246886555e-07,7.180050955533901e-08,2.1724004806934198e-07
1.574818049292685e-11,1.6375033583786559e-10,8.317242762097644e-07,1.5587959395380674e-07,7.855179131265174e-08,1.9725367887057117e-07
1.574818049292685e-11,3.273307616072897e-11,6.551125524282472e-07,9.972349331825544e-08,4.699243178775692e-08,1.3767412049046088e-07
1.574818049292685e-11,2.763753278906524e-11,1.5358100547679707e-06,1.6898480244420422e-07,3.218686824266666e-08,3.0784608204614013e-07
1.574818049292685e-11,6.009581747177252e-10,1.7047850827181034e-06,1.716631720676093e-07,6.72440554095711e-08,3.14543673459529e-07
1.574818049292685e-11,2.362131596918307e-11,7.518321961333697e-07,1.14015555849851e-07,2.0594246978453634e-08,1.7169924558584644e-07
1.574818049292685e-11,2.925293115162399e-10,8.387900222088292e-07,1.1881517392053718e-07,5.484327863648177e-08,1.6528495490136403e-07
1.574818049292685e-11,6.007233683314047e-11,1.0090182098962607e-06,1.1446504566720596e-07,3.339299291041123e-08,1.9613485120136805e-07
1.574818049292685e-11,2.1814060095216322e-11,1.587224438243019e-06,1.6420358184350177e-07,7.766654923659845e-08,2.664757407497486e-07
1.574818049292685e-11,1.8895055600315274e-10,1.1718255384859706e-06,1.3196706513165478e-07,2.6224410245095868e-08,2.492098391812805e-07
9.867517584882881e-13,9.867517584882881e-13,1.377088075430721e-06,1.7561289760017647e-07,6.588335212284769e-08,2.6759138464933553e-07
9.867517584882881e-13,1.2324962800857245e-11,2.5243114376137804e-06,1.7865319932506397e-07,2.5226425120014752e-08,3.999869505258826e-07
9.867517584882881e-13,4.9408422561988583e-11,1.6277963774297174e-06,1.1752334637838109e-07,4.016570456224913e-08,2.420643213850142e-07
9.867517584882881e-13,4.0916282704388743e-10,3.565594472740525e-07,1.0391984139626422e-07,6.667253534965913e-08,9.813841301785776e-08
9.867517584882881e-13,5.095679252912039e-11,9.57496034930506e-07,1.1220341655855294e-07,5.193271492529654e-08,1.6882354234108255e-07
9.867517584882881e-13,8.649635591771215e-10,8.340747820790017e-07,1.128713250980852e-07,4.467025346571391e-08,1.5808748036706848e-07
9.867517584882881e-13,2.1252838633629933e-10,6.957216821441041e-07,1.1742537811724147e-07,5.23783954713948e-08,1.525415528907744e-07
9.867517584882881e-13,1.7244269137107127e-11,5.185871055254825e-07,1.3373578386367043e-07,5.9480796693680666e-08,1.578432526449533e-07
9.867517584882881e-13,4.1662578465368656e-11,6.48642997916865e-07,1.3599522459070396e-07,7.3654525557075e-08,1.5570068955322293e-07
9.867517584882881e-13,5.7413247768194705e-11,1.4345701030541776e-06,1.4412119916911725e-07,4.4570166159711094e-08,2.5563202529992373e-07
9.867517584882881e-13,2.6079125121652404e-12,1.1418820168490667e-06,1.3435657703553617e-07,4.5059066262520214e-08,2.24210153121261e-07
9.867517584882881e-13,8.576179482476849e-11,7.640664436741617e-07,1.0835435241233697e-07,2.9505834551859534e-08,1.536892320645747e-07
9.867517584882881e-13,2.1651926515021605e-10,6.985998136868423e-07,8.452381805041352e-08,2.3779502357173126e-08,1.2291458032231647e-07
9.867517584882881e-13,2.1911280467115607e-10,5.565707713232824e-07,1.0758024330618819e-07,5.532159233932255e-08,1.3053175717723782e-07
9.867517584882881e-13,3.750788401994339e-10,5.031264957724094e-07,7.357790097545306e-08,3.0845748811123054e-08,9.627517879189119e-08
9.867517584882881e-13,7.036075851883264e-10,5.40862683462198e-07,7.726432323006806e-08,4.287986176410736e-08,1.0395277964034294e-07
9.867517584882881e-13,6.321288562913522e-10,3.2751257845654005e-07,5.8806324079944863e-08,3.663578168362622e-08,6.9252364400049e-08
9.867517584882881e-13,6.0144542223634e-10,2.256847758207922e-07,5.607425623266478e-08,3.41221860620432e-08,5.65016721723968e-08
9.867517584882881e-13,6.991944799699934e-10,4.680700454599591e-07,8.334198727365924e-08,2.766517234463312e-08,1.1433624271849867e-07
9.867517584882881e-13,1.7756995235653167e-09,6.052671675415894e-07,1.0296136181418917e-07,4.5567570456760125e-08,1.2334849789052253e-07
9.867517584882881e-13,1.3042022946307707e-09,5.830043153019437e-07,1.0555048395238117e-07,5.45074392733581e-08,1.258242102389887e-07
9.867517584882881e-13,1.8387366526012353e-09,6.06660459897199e-07,1.0333486385053064e-07,3.8973232436088437e-08,1.497547900411838e-07
9.867517584882881e-13,1.3554970279909073e-09,1.1541858739460085e-06,1.4313588811586125e-07,7.030646792474489e-08,2.0064298485244634e-07
9.867517584882881e-13,9.027302148962236e-10,1.8612810822753501e-06,1.1234307193129378e-07,3.672912506319179e-08,2.7033000543701794e-07
9.867517584882881e-13,7.267776995189452e-10,4.5769510178439406e-07,7.240200465544915e-08,3.532789813080965e-08,1.0283030045488491e-07
9.867517584882881e-13,8.844079063460099e-10,8.97185877210445e-07,1.1026319359574048e-07,3.0384032183454445e-08,1.651781735067971e-07
9.867517584882881e-13,2.7921346763538977e-10,4.563915587467832e-07,9.130561816476779e-08,4.38899328294463e-08,1.1636259925914116e-07
9.867517584882881e-13,4.2007584745705043e-10,5.619792201034075e-07,8.495299915197291e-08,4.178163031156621e-08,1.1670153428830295e-07
9.867517584882881e-13,2.172823396261086e-10,4.115005420481635e-07,6.209470055451243e-08,3.624528046393936e-08,8.143289547037794e-08
9.867517584882881e-13,3.6425240676631787e-10,3.8095769077046543e-07,5.968975657237558e-08,3.915289949774591e-08,8.148256032173291e-08
9.867517584882881e-13,3.829755394422247e-10,2.974032894719126e-07,5.367786848215377e-08,3.582616715616764e-08,5.7090677770763385e-08
9.867517584882881e-13,4.0234121947970265e-10,5.24630592284137e-07,7.87451758905132e-08,3.23962944041169e-08,1.0599513774419739e-07
9.867517584882881e-13,5.655541859777432e-10,3.9476822917207005e-07,6.498551047550309e-08,4.221143562569831e-08,7.257433816739158e-08
9.867517584882881e-13,3.303490771301008e-10,3.066994643390579e-07,5.483743901757762e-08,2.2626510294175374e-08,7.061883621533726e-08
9.867517584882881e-13,3.862375437631925e-10,4.37403247682261e-07,5.373600433294432e-08,2.6329047781172187e-08,7.47476020922612e-08
9.867517584882881e-13,8.622578328327376e-10,3.0352160071150136e-07,5.053020415678019e-08,2.7519589326693655e-08,5.6739930056351985e-08
9.867517584882881e-13,1.089546854681355e-09,3.4466687094132836e-07,6.958509365298132e-08,5.110953545837319e-08,7.37952151454042e-08
9.867517584882881e-13,6.491629994988257e-10,5.840886006114403e-07,8.299906810757096e-08,3.6325181576590095e-08,1.2094966503927936e-07
9.867517584882881e-13,1.0256022554852285e-10,8.257005674051543e-07,9.548487574458644e-08,4.111979256754602e-08,1.5869148729793968e-07
9.867517584882881e-13,1.5702298690887596e-10,3.712303393180987e-07,6.453998474464432e-08,2.341754075159693e-08,8.645453377444944e-08
9.867517584882881e-13,2.4386363706181696e-11,3.1482152594386314e-07,4.799827933852248e-08,1.590965352045669e-08,6.620914020521833e-08
9.867517584882881e-13,5.88611842084105e-11,1.8164433014283052e-07,4.7961602950795074e-08,3.244638376429648e-08,5.045969936311011e-08
9.867517584882881e-13,2.942224026554513e-10,5.969168172664892e-07,1.2457711307737975e-07,6.985070659967124e-08,1.4715483061189654e-07
9.867517584882881e-13,8.268889473114269e-11,3.478707923370237e-07,4.6101628797382826e-08,1.7436031746138278e-08,6.754034146684495e-08
9.867517584882881e-13,2.1413708231747606e-10,4.7307470844626176e-07,7.499447390246949e-08,2.8179566025709798e-08,1.0559582010869075e-07
9.867517584882881e-13,2.2966866379363886e-10,4.778648348230561e-07,6.171632280770325e-08,2.0193281793569268e-08,9.163182348210956e-08
9.867517584882881e-13,1.3616668740437217e-10,3.5990231959273315e-07,6.952789938605052e-08,2.7449030431468438e-08,9.339115344970438e-08
9.867517584882881e-13,1.0618364291588123e-10,5.860910256898957e-07,9.590482317888481e-08,4.3461199683274415e-08,1.2725647427422928e-07
9.867517584882881e-13,1.5415307013163794e-10,4.861729886723038e-07,5.28235417376141e-08,1.8958742631378556e-08,8.624227945676588e-08
9.867517584882881e-13,7.889558711549937e-11,5.36773849127105e-07,6.977464537475345e-08,1.9889327563299137e-08,1.0934575630922958e-07
9.867517584882881e-13,1.9153496983056545e-11,8.722991667687521e-07,9.639781629555409e-08,2.7453167761067618e-08,1.5849399660121838e-07
9.867517584882881e-13,8.763891047097071e-11,5.757713516785205e-07,7.835409599486382e-08,2.1038581066982673e-08,1.2892625216070583e-07
9.867517584882881e-13,5.680126546927414e-11,5.659189665222429e-07,6.018169465193816e-08,1.1816294757068416e-08,1.0872748164492642e-07
9.867517584882881e-13,5.067670054060955e-10,6.727050959356992e-07,5.7377487747034055e-08,2.3177881478056918e-08,1.023817770565543e-07
9.867517584882881e-13,1.058606561262379e-10,5.548541769328525e-07,7.429787572380538e-08,2.790246119680011e-08,1.1725490656445805e-07
9.867517584882881e-13,4.093587303758342e-10,7.654212002345139e-07,8.64563175956316e-08,3.0043619584666366e-08,1.5030577113041408e-07
9.867517584882881e-13,2.4840946617192754e-10,5.080392000729841e-07,6.958575061587501e-08,3.920630981482355e-08,8.787683610029209e-08
9.867517584882881e-13,7.664415443503634e-10,5.837559229582637e-07,7.769211533659727e-08,3.4036759183391806e-08,1.0703922911128805e-07
9.867517584882881e-13,6.860730308883878e-11,3.8347015052805484e-07,9.279689421066246e-08,3.317329514830156e-08,1.131492301460631e-07
9.867517584882881e-13,4.816623406615981e-10,6.584276722998446e-07,8.042498945525331e-08,3.702368474754699e-08,1.2765143328898254e-07
9.867517584882881e-13,9.971721688444342e-11,6.418471285533411e-07,7.744721079782203e-08,2.700441771375585e-08,1.3165230375044528e-07
9.867517584882881e-13,2.2103795744284617e-11,5.579671701596447e-07,6.428380845210037e-08,2.7468116321979486e-08,9.542348036492273e-08
9.867517584882881e-13,6.097488003247019e-12,1.5850600885300846e-06,9.03695953491217e-08,2.280844657203276e-08,2.3361123290231623e-07
9.867517584882881e-13,1.4330525488504825e-11,1.3078639455446028e-06,9.625173840647684e-08,1.498593548649736e-08,2.218617868754422e-07
9.867517584882881e-13,8.928113005285717e-11,7.36520076094287e-07,9.594505282116414e-08,4.1963012925072866e-08,1.4627269468147427e-07
9.867517584882881e-13,1.638410370901377e-10,6.424718034820185e-07,4.431138701900378e-08,1.5850056140984397e-08,1.0042439001930363e-07
9.867517584882881e-13,2.4157120197018984e-10,1.6191046474555156e-06,7.766746623197867e-08,2.5409339067147926e-08,2.2608527887223856e-07
9.867517584882881e-13,2.0220103434676107e-10,1.1745627855728195e-06,5.402942313957457e-08,1.4370495853779733e-08,1.6514840594488707e-07
9.867517584882881e-13,2.0790650638271643e-10,4.1239842409844345e-07,7.09767790426544e-08,3.3718355742865645e-08,8.884991278035523e-08
9.867517584882881e-13,2.1595374407589465e-10,7.670036857409262e-07,1.004039484402854e-07,3.2763859217887195e-08,1.5588154131130956e-07
9.867517584882881e-13,9.286907420702551e-10,1.6697016420732937e-06,1.275407083197015e-07,3.922283831787177e-08,2.5827831394034694e-07
9.867517584882881e-13,3.0174331898539467e-10,1.6336666564558495e-06,9.766961491998174e-08,2.7340885811866872e-08,2.6166475531645073e-07
9.867517584882881e-13,3.6998516822111094e-10,4.263033421026634e-07,6.206803530091434e-08,2.611252493281966e-08,9.041127732315038e-08
9.867517584882881e-13,2.2229323908225823e-10,3.5610838405733046e-07,4.9393908854780714e-08,2.1656552481135065e-08,6.980289430481692e-08
9.867517584882881e-13,8.76917335338773e-12,2.2614289991667842e-07,5.018467005760106e-08,2.303226378586204e-08,6.332009696983104e-08
9.867517584882881e-13,4.4106343670685316e-11,6.756210526616236e-07,6.996388463535071e-08,2.6353160118209962e-08,1.1109346214859688e-07
9.867517584882881e-13,1.2204596290736858e-11,3.787365565852803e-07,5.974773282314052e-08,2.0271929152493266e-08,9.074120479753065e-08
9.867517584882881e-13,5.005537884328661e-12,3.3879708372770877e-07,7.20070679764051e-08,3.27638188620395e-08,8.723910963476246e-08
9.867517584882881e-13,7.220817055075716e-11,3.7952849420914207e-07,5.949201523422357e-08,3.4717898344207926e-08,7.765195054022512e-08
9.867517584882881e-13,9.914318442677074e-11,3.774148868358416e-07,7.471863135069249e-08,2.9728534812752298e-08,9.735627706122992e-08
9.867517584882881e-13,3.4140965800092166e-11,4.2781409389618165e-07,8.95238411521906e-08,3.212533810739966e-08,1.1636677042966163e-07
9.867517584882881e-13,2.1333791633814546e-11,3.4718479850319724e-07,6.710029942778282e-08,4.012218146607921e-08,8.037558078485488e-08
9.867517584882881e-13,7.632083608950941e-11,7.398047465078211e-07,6.411599762537684e-08,3.197314368750152e-08,1.137240720473122e-07
9.867517584882881e-13,2.7682412128746273e-11,1.1502779764045836e-06,6.979990147366844e-08,1.3753921887787506e-08,1.6984236145983672e-07
9.867517584882881e-13,3.9276682997752786e-11,5.333690139193529e-07,7.313501404944795e-08,2.9371310879569576e-08,1.0947872081424703e-07
9.867517584882881e-13,1.0984736489421672e-10,3.582973006831239e-07,6.192518396580147e-08,2.169854967925708e-08,8.703556134454828e-08
9.867517584882881e-13,1.1265372213291803e-09,5.690060123317579e-07,7.847578407967138e-08,3.31672562997542e-08,1.1549060184324678e-07
9.867517584882881e-13,9.78079218176796e-11,3.0149697038079125e-07,5.13000000736423e-08,2.8224348438460954e-08,7.191120157584969e-08
9.867517584882881e-13,1.0763271506093946e-10,4.235611256416526e-07,6.252655231686933e-08,3.2424973125139e-08,8.473886785711743e-08
9.867517584882881e-13,2.8660333792933955e-11,6.742639557609777e-07,6.010347095579722e-08,2.661446006926588e-08,1.0319796148337415e-07
9.867517584882881e-13,3.0887773633185763e-10,5.919410921918279e-07,6.40336389943823e-08,2.8175451168620034e-08,1.0766921754214368e-07
9.867517584882881e-13,1.8484904688104906e-10,2.322118571573115e-07,4.02887654946616e-08,1.2006386063433535e-08,5.9055892618435664e-08
9.867517584882881e-13,2.1174430698180938e-11,4.384695502902193e-07,6.197094894974074e-08,2.6859279603427938e-08,8.502299985252301e-08
9.867517584882881e-13,9.301951984873674e-11,4.5434149711120866e-07,4.917093308377498e-08,2.0671145294481536e-08,7.7508761303778e-08
9.867517584882881e-13,9.76957104000296e-12,4.474671563719171e-07,5.6299234894887816e-08,2.2903631223811187e-08,8.874939344214461e-08
9.867517584882881e-13,1.4968768011073346e-10,4.091243713893049e-07,5.049860816350169e-08,1.5746684713918504e-08,8.052639626874576e-08
9.867517584882881e-13,7.148947873511229e-10,2.849280154517842e-07,4.935608961952527e-08,3.244523673392461e-08,5.5027953714891244e-08
9.867517584882881e-13,3.7749043886298995e-10,3.751199329230521e-07,6.637678618449143e-08,1.62731812861382e-08,9.207980019415087e-08
9.867517584882881e-13,4.4561441424332785e-10,9.779984664495667e-07,8.017386369090016e-08,3.1816713470483495e-08,1.5739195737637034e-07
9.867517584882881e-13,4.3093022340553125e-10,7.822979622484047e-07,6.974247549404828e-08,2.103195179666288e-08,1.3710090456902877e-07
9.867517584882881e-13,4.986489517562711e-10,2.9624545312476165e-07,5.469516905751959e-08,2.291997340057473e-08,7.20190507952258e-08
9.867517584882881e-13,4.4981114192828424e-10,4.4974863607322694e-07,3.5212980399260235e-08,1.711217372993142e-08,6.787883222152571e-08
9.867517584882881e-13,4.783318317768542e-10,2.414593845296776e-07,5.8799479167989635e-08,2.9775446189159507e-08,6.645158780394961e-08
9.867517584882881e-13,1.2749962491265563e-10,1.804987285755089e-07,5.0735431845057414e-08,1.972169061974376e-08,5.543968078731665e-08
9.867517584882881e-13,2.5746612773568356e-10,4.98105736315645e-07,9.183088311624852e-08,5.16504614750067e-08,1.1251666681047771e-07
9.867517584882881e-13,5.199460975267038e-10,4.5491745604137384e-07,6.677188650515279e-08,2.528042801640714e-08,1.0326946744695729e-07
9.867517584882881e-13,3.165230440221455e-10,4.7621218055607254e-07,8.084053167566206e-08,3.6336622806910706e-08,9.870452021371463e-08
9.867517584882881e-13,4.42444535820279e-10,7.80260726381126e-07,7.637489284857032e-08,2.629650628443957e-08,1.417866845084904e-07
9.867517584882881e-13,3.426611661967538e-10,7.601296030955391e-07,8.300362762632999e-08,3.3343725216968256e-08,1.3103803169889606e-07
9.867517584882881e-13,1.3067070912883443e-10,2.829816980446781e-07,3.909510827171163e-08,1.5993847330558775e-08,5.4904222594539345e-08
9.867517584882881e-13,7.302993419261462e-11,4.3273011764412074e-07,5.547459943041355e-08,1.0679119974239684e-08,9.042422533108047e-08
9.867517584882881e-13,1.1952083927134947e-11,3.901361977004314e-07,7.431201972293697e-08,3.268276055284843e-08,9.301588912059564e-08
9.867517584882881e-13,3.164013570771959e-11,2.3427005420972465e-07,3.919077066459871e-08,1.7815800363965082e-08,5.5455270759813696e-08
9.867517584882881e-13,4.039010419382457e-11,4.107642285219119e-07,5.8986361035519144e-08,4.338395192063513e-08,7.460263725631377e-08
9.867517584882881e-13,5.519090231018637e-12,1.1114631083386131e-06,7.08333999025014e-08,3.1855456014458246e-08,1.6393137875321945e-07
9.867517584882881e-13,3.4141631698309036e-11,5.061142468587965e-07,5.3092293474947256e-08,1.0328114376678696e-08,9.996030980123953e-08
9.867517584882881e-13,1.1013206456776385e-10,1.9513738088406402e-07,5.085965385761381e-08,2.8844001831837455e-08,5.400166983086605e-08
9.867517584882881e-13,3.068742984409846e-11,5.06465037858941e-07,5.576552152430805e-08,1.575817996943943e-08,1.0143311394529028e-07
9.867517584882881e-13,1.9600516212257748e-10,7.075302840517638e-07,6.437450571898736e-08,1.5682766100888923e-08,1.2692000621808695e-07
9.867517584882881e-13,1.3471844091902498e-11,3.889745086146624e-07,3.883069393845197e-08,1.064469676147341e-08,7.332321603970831e-08
9.867517584882881e-13,5.9224820551977045e-12,1.2744360615501072e-07,2.8545292638523322e-08,1.037592519404617e-08,3.355590155320925e-08
9.867517584882881e-13,6.775144431963908e-12,1.2701152938469532e-07,2.0688939978808862e-08,1.1196363937793791e-08,2.5604550259835647e-08
9.867517584882881e-13,4.760806569173896e-12,1.530712835464865e-07,3.3968126084479735e-08,2.7848461508632932e-08,3.824063567427616e-08
9.867517584882881e-13,1.4143429258847996e-12,2.3263218603953953e-07,2.891995286164789e-08,1.4095892877935579e-08,4.4454926129509173e-08
9.867517584882881e-13,6.013573010915746e-11,1.0541792833854389e-07,2.192093684877576e-08,1.7828279271747425e-08,2.1348039054948013e-08
9.867517584882881e-13,1.02623872773006e-11,9.589556506273572e-08,1.8592725228485816e-08,9.29446332504202e-09,2.6152823080951315e-08
4.962580073402414e-13,4.962580073402414e-13,1.9427865583398378e-07,2.5983472459625703e-08,1.2170416327902074e-08,4.297475797555219e-08
4.962580073402414e-13,8.343242988067626e-12,1.7725477198752604e-07,2.7663406804398644e-08,8.989246455470741e-09,3.9915432676857684e-08
4.962580073402414e-13,8.060962232942507e-11,1.4559360732463912e-07,3.1702149409242095e-08,1.8638104266204993e-08,3.5302176946688435e-08
4.962580073402414e-13,1.5862591574345062e-11,2.217657944279094e-07,4.162098392611107e-08,1.5053641866645497e-08,5.414866514208012e-08
4.962580073402414e-13,1.7358907603669446e-11,3.196037662312989e-07,4.555686915634407e-08,1.3041305863575238e-08,7.290984634154972e-08
4.962580073402414e-13,5.432905902956083e-11,5.234237442642397e-07,4.7707102819225694e-08,1.8736167493480178e-08,8.571390586766022e-08
4.962580073402414e-13,1.0583871654849469e-11,2.5264865283857115e-07,4.541698653941916e-08,2.002899572797879e-08,6.266154174657976e-08
4.962580073402414e-13,1.9743931967296493e-10,4.0905474667270275e-07,3.565217044345571e-08,1.2942712389932648e-08,6.809899740825962e-08
4.962580073402414e-13,1.15487534939896e-11,2.923714851517153e-07,3.903508078755159e-08,1.1603277927197133e-08,6.591115635906608e-08
4.962580073402414e-13,4.7370126400585523e-11,4.0388891777995634e-07,3.7578154731526046e-08,7.898430654975853e-09,7.557486832977249e-08
4.962580073402414e-13,4.302308725765605e-11,4.2004426296664135e-07,4.591977347466107e-08,1.577328302224219e-08,8.743955789361015e-08
4.962580073402414e-13,6.941404414816118e-11,1.731349324975588e-07,3.4811125996430173e-08,1.7429699249676075e-08,4.458706112568586e-08
4.962580073402414e-13,6.423125199604705e-11,1.7755438430268282e-07,2.982359747730091e-08,9.477996026999638e-09,4.467287936509089e-08
4.962580073402414e-13,1.7835421778109796e-11,1.692285938407598e-07,3.1927553209970964e-08,1.0479493026078317e-08,4.3394244714514235e-08
4.962580073402414e-13,3.7176227025734385e-11,2.119430073260796e-07,3.926278855202774e-08,1.4056628461635628e-08,5.447610723568141e-08
4.962580073402414e-13,8.828138290775246e-11,4.6047611208637654e-07,6.482934372695566e-08,2.0449326195317173e-08,1.1396137697575532e-07
4.962580073402414e-13,5.0207266199149896e-11,4.2766062711800117e-07,7.016446354901178e-08,2.4252981757489666e-08,9.934001628034913e-08
4.962580073402414e-13,1.1131912719463145e-10,3.781642429567112e-07,5.632155837716543e-08,1.7632305403831147e-08,8.912366381993793e-08
4.962580073402414e-13,6.304419054054773e-11,3.3158177874489464e-07,5.9132404178288107e-08,2.1824486176699186e-08,8.289555157802583e-08
4.962580073402414e-13,1.311587120693241e-10,5.267419248683389e-07,5.47815141080161e-08,2.439190933674484e-08,9.139999427392587e-08
4.962580073402414e-13,3.267838042379077e-11,6.458556583234217e-07,4.3818089607293296e-08,1.4382775296892268e-08,9.535747627307795e-08
4.962580073402414e-13,7.592204526991907e-11,7.2427948972169e-07,3.764831354632795e-08,1.366266065633888e-08,1.0122440110076375e-07
4.962580073402414e-13,9.385916837656109e-12,2.7782467556514165e-07,2.3016773409425774e-08,5.481140570083044e-09,4.5636128843205464e-08
4.962580073402414e-13,1.2500097923304118e-11,1.9623531503262153e-07,2.163450535648429e-08,3.403580047909916e-09,3.7851458741562476e-08
4.128863131551893e-13,4.128863131551893e-13,6.23711111898787e-08,9.333657098952655e-09,4.038182437175064e-09,1.3005770097379975e-08
4.128863131551893e-13,6.486185868765831e-11,9.028315766051312e-08,2.0150569341440362e-08,1.3056767313573358e-08,2.2405032913413008e-08
4.128863131551893e-13,1.4957276452021756e-10,1.1604058737167792e-07,1.6115256427303847e-08,7.354705413704782e-09,2.3053036558250732e-08
4.128863131551893e-13,4.4466383346932514e-11,7.456029702987344e-08,1.8020380745557947e-08,9.439275015025199e-09,2.1786238193571576e-08
4.128863131551893e-13,1.8836269708493794e-10,2.54986072419589e-07,2.9110547267316196e-08,1.4437253515705545e-08,4.547083322459809e-08
4.128863131551893e-13,4.874604056628248e-12,1.6559864345169316e-07,1.6368505943548223e-08,4.6955496981862765e-09,2.8667094062210214e-08
4.128863131551893e-13,1.9064610608790626e-10,1.3775941390427567e-07,1.9818106199437696e-08,9.090131568375116e-09,3.0958087555198554e-08
4.128863131551893e-13,2.1500504269157337e-11,2.3044065979426033e-07,2.8220429920560114e-08,8.98593162686092e-09,4.648377366274087e-08
4.128863131551893e-13,1.5370062328376742e-11,2.5469425239461436e-07,3.097956015747987e-08,1.6290462531108548e-08,5.26340906964594e-08
4.128863131551893e-13,5.618569652602367e-12,2.056010270528001e-07,2.6986444503780846e-08,8.320547500514498e-09,4.3791279880908565e-08
4.128863131551893e-13,8.698306188359477e-11,2.45289343952793e-07,3.739855996535388e-08,1.7373146076708293e-08,4.9967344061730805e-08
4.128863131551893e-13,1.519671076706612e-11,1.568888729832416e-07,2.7201809243726203e-08,1.0665487065699806e-08,4.179107150366521e-08
4.128863131551893e-13,5.017379334956284e-12,1.4163897981393428e-07,2.6984121452726535e-08,8.310939880325625e-09,3.7830610720984126e-08
4.128863131551893e-13,3.7205142268386085e-11,2.3495930692065978e-07,3.370027652641135e-08,9.37730067093341e-09,5.3668392352857886e-08
4.128863131551893e-13,3.1532073764604812e-12,1.708892571397864e-07,2.3383047568475293e-08,1.2352661422579277e-08,3.5248269329154186e-08
4.128863131551893e-13,7.0082938748409875e-12,3.6387729818932943e-07,3.490458431012516e-08,1.2108494307052881e-08,6.826484315094303e-08
4.128863131551893e-13,3.924913042489611e-11,4.516886569954206e-07,3.4886886452135596e-08,1.0801983919960556e-08,7.367756392157305e-08
4.128863131551893e-13,2.603489791091097e-11,2.114221710861262e-07,3.1319438770180475e-08,1.0672050342247233e-08,4.62329540078197e-08
4.128863131551893e-13,8.91113051234374e-12,2.186466519876412e-07,2.590081609643955e-08,9.47916740563738e-09,4.2179750884194054e-08
4.128863131551893e-13,6.977774622006421e-12,1.7930041769064923e-07,3.040515423515741e-08,8.619920717691276e-09,4.273145683193408e-08
4.128863131551893e-13,8.274000457120726e-11,2.1730285959345496e-07,3.176899494440056e-08,1.3144658941240709e-08,4.382685112256952e-08
4.128863131551893e-13,1.7522815756473984e-10,3.261415165331986e-07,3.8614328852741515e-08,1.8449643890401946e-08,5.519058992931584e-08
4.128863131551893e-13,4.922550555749569e-11,2.133726414708064e-07,2.0685574404159336e-08,1.1785293134265529e-08,3.457125488548241e-08
4.128863131551893e-13,2.6940668259443765e-11,9.255329675663293e-08,2.537756959468508e-08,1.4543174221563443e-08,2.4732585975876595e-08
4.128863131551893e-13,9.434266575538484e-11,7.000891465835392e-08,1.9214075126627637e-08,1.3532213053695743e-08,1.8610520014519355e-08
4.128863131551893e-13,7.285158571962357e-11,1.9401048973942713e-07,3.167331716707118e-08,1.2967801302314288e-08,4.334643608364011e-08
4.128863131551893e-13,6.4967149738609704e-12,2.3145153267808915e-07,2.981965651567936e-08,1.5766028223264633e-08,4.260308642039722e-08
4.128863131551893e-13,4.5728301822532945e-12,1.7151469328638322e-07,2.1326215718824162e-08,6.19325552569513e-09,3.581977250219047e-08
4.128863131551893e-13,5.858633255591497e-12,2.1829334347261673e-07,2.5945730956488824e-08,1.2972385513902472e-08,4.4897108865729224e-08
4.128863131551893e-13,8.119591665850976e-12,1.2878871788618872e-07,1.7414493901574836e-08,6.077997911113188e-09,2.7437657486697658e-08
4.128863131551893e-13,3.054717876535462e-12,1.4693242224448434e-07,2.3657826639816776e-08,8.272923668270661e-09,3.19951675630465e-08
4.128863131551893e-13,1.790489570198663e-12,1.7216217202713887e-07,2.2617779326470592e-08,8.362474864330026e-09,3.7648757094458554e-08
4.128863131551893e-13,5.7449163820610145e-12,1.3542822156185707e-07,1.7382886143905105e-08,7.07520172394702e-09,2.654296066254605e-08
4.128863131551893e-13,3.860304503700071e-11,2.2157848174451324e-07,2.441725909481144e-08,9.00277258965776e-09,4.268403900706072e-08
4.128863131551893e-13,2.05918147939228e-11,2.56484133070763e-07,3.068016921840152e-08,7.228698155275984e-09,6.085007212883436e-08
1.619593647829222e-13,1.619593647829222e-13,1.9533339512458361e-07,2.448625942621354e-08,1.1658814054819144e-08,3.557678665998764e-08
1.619593647829222e-13,9.98151348761948e-12,1.8472955277250755e-07,2.2749468990197527e-08,6.969422673881909e-09,3.783626010807621e-08
1.619593647829222e-13,1.5665025874538835e-11,1.9286273946604995e-07,3.10812263507883e-08,1.2759730350758282e-08,3.987305414814965e-08
1.619593647829222e-13,8.712072964580558e-11,2.2225618336115196e-07,2.5066882514599942e-08,5.491721872426543e-09,4.065761789643038e-08
1.619593647829222e-13,7.109657380137667e-11,1.131373626919063e-07,2.2373316103292756e-08,1.1890365673804012e-08,2.710880551916019e-08
1.619593647829222e-13,2.9066948831058828e-11,1.3546991373377893e-07,2.0465593139455328e-08,7.145559352704266e-09,3.208844451487579e-08
1.619593647829222e-13,6.847122290646494e-11,2.4855840041046297e-07,3.1355735257658355e-08,1.1006884072525108e-08,5.214338132069062e-08
1.619593647829222e-13,2.0214103406309505e-11,4.868477603470984e-07,4.160300334185675e-08,1.8998937158009023e-08,7.98586129301815e-08
1.619593647829222e-13,6.440968212253024e-12,2.8234379863154405e-07,3.215306111750382e-08,1.2873979135363971e-08,5.600390489458047e-08
1.619593647829222e-13,3.1070389972107297e-11,1.1125056682392866e-07,2.1647568486904688e-08,1.218212958068764e-08,2.7187263053458577e-08
1.619593647829222e-13,2.595362719011387e-11,1.9351248066315622e-07,3.0719537146511356e-08,9.377576997408387e-09,4.551443600382927e-08
1.619593647829222e-13,5.106690347354828e-11,6.647055526469442e-07,4.324965803872604e-08,1.0621540629269531e-08,1.0177287969081827e-07
1.619593647829222e-13,1.0138515811511491e-10,6.983590233068882e-07,3.2227320293230495e-08,9.50209740684706e-09,9.7949405730067e-08
1.619593647829222e-13,9.36653081588753e-11,5.324616060766481e-07,3.762599113555895e-08,1.0464055624740845e-08,7.915705351020644e-08
1.619593647829222e-13,4.569176406363665e-11,3.4900455719649277e-07,2.1787877511261222e-08,5.210497635952257e-09,5.069767301947805e-08
1.619593647829222e-13,1.1863339894654293e-11,1.240168351716979e-07,1.8011514319670737e-08,6.730513265690636e-09,2.726250275813756e-08
1.619593647829222e-13,2.6689794784469252e-11,2.0583291384886962e-07,2.1869274010516176e-08,4.493528298182881e-09,4.1944269613913715e-08
1.619593647829222e-13,2.0040738312599647e-10,5.271272659600057e-07,3.628493563217606e-08,9.96495868890203e-09,8.179562925902775e-08
1.619593647829222e-13,6.197336490800508e-12,4.0795361980679983e-07,2.8019595191452212e-08,1.0591526436438553e-08,6.257894143506019e-08
1.619593647829222e-13,1.8901442695758008e-11,1.5931170840172884e-07,2.0075749362058377e-08,8.410187611210454e-09,3.222847705163879e-08
1.619593647829222e-13,1.7187914817818794e-11,1.6719037264756778e-07,1.337126944511338e-08,4.354751875932421e-09,2.665782395359041e-08
1.619593647829222e-13,3.822730447630628e-11,7.943054089804243e-08,1.0134863439357218e-08,3.2805070493735593e-09,1.4427399327849809e-08
1.619593647829222e-13,3.2793250345236675e-11,1.2718280449546328e-07,1.9898984666910458e-08,5.520940532161339e-09,2.9231257824955075e-08
1.619593647829222e-13,1.4000370612609367e-10,3.50543673766396e-07,1.838181718459032e-08,5.585571536841058e-09,4.9809209454654626e-08
1.619593647829222e-13,1.1283729550102012e-10,1.368742274134095e-07,2.1598804882526004e-08,9.830757240320733e-09,3.100758570474193e-08
1.619593647829222e-13,9.004825146918953e-11,1.3964249469482512e-07,1.858090684032722e-08,9.792922482709974e-09,2.8136294463059332e-08
1.619593647829222e-13,8.361706716181759e-11,1.0997415135102507e-07,1.752830811391204e-08,1.050238528923982e-08,2.337354658677394e-08
1.619593647829222e-13,4.6730410718247505e-11,1.874885936887107e-07,2.8017081858062032e-08,1.0533893244004234e-08,4.333602789732754e-08
1.619593647829222e-13,2.8540417474860163e-11,2.384228109162732e-07,3.164741403717707e-08,9.132267261773283e-09,5.336086005158596e-08
1.619593647829222e-13,4.666940896056922e-11,1.0444029622827843e-07,1.393978313776602e-08,7.634277922181826e-09,1.8782451360574286e-08
1.619593647829222e-13,1.9841580811711563e-11,8.27968876271094e-08,1.528307002736873e-08,8.590188994282915e-09,1.8475773253417322e-08
1.619593647829222e-13,1.4617296510901142e-11,1.0250677356436874e-07,1.7313165548769397e-08,1.064300581795813e-08,2.020350054889818e-08
1.619593647829222e-13,1.2768022037555346e-10,2.3835486450719616e-07,3.006411330558723e-08,1.63792835630898e-08,4.0085364690585685e-08
1.619593647829222e-13,2.0125151707280952e-11,1.9188546748368324e-07,2.526916180906041e-08,8.49128386434643e-09,3.874145696915104e-08
1.619593647829222e-13,1.2503964494159499e-12,2.8396336127881484e-07,2.8778806527043742e-08,9.797767894291534e-09,5.735847334080045e-08
1.619593647829222e-13,8.442469532674563e-11,4.5197885434034274e-07,3.077830138025412e-08,5.637100245398045e-09,7.62091078319066e-08
1.619593647829222e-13,1.4056779996270611e-11,3.2215264658599907e-07,2.7989070106849043e-08,4.184668065750252e-09,6.174059871420258e-08
1.619593647829222e-13,6.103301118588703e-11,2.4927172885530796e-07,2.747841914215294e-08,3.844207546540779e-09,5.5260645243059694e-08
1.619593647829222e-13,3.1319680358635326e-11,2.4766357978883156e-07,1.961510486397555e-08,5.4443496555185855e-09,4.2218912830978855e-08
1.619593647829222e-13,2.5729100964387166e-11,2.0742992540153493e-07,1.312014583970334e-08,4.1334728710583374e-09,3.022520586559878e-08
1.619593647829222e-13,2.0327347171730504e-11,1.1803256059618765e-07,1.2592106520122547e-08,1.8125305510951546e-09,2.202572680837422e-08
1.619593647829222e-13,5.839200605696555e-12,1.5156453692197628e-07,1.1499042663367977e-08,4.355328395701204e-09,2.272297094538379e-08
1.619593647829222e-13,3.1020441032893244e-12,1.0696067660664622e-07,1.0618713865589006e-08,5.024263788917572e-09,1.8174213900747568e-08
1.619593647829222e-13,5.132268707640072e-12,4.522523405843869e-08,6.604004342500961e-09,3.2212027757888007e-09,9.421736687246004e-09
1.619593647829222e-13,2.0923709787784056e-13,4.606003696489794e-08,6.955582471688278e-09,2.9418731308764437e-09,9.666819226693661e-09
1.619593647829222e-13,5.7068206338269936e-11,4.6036983454164794e-08,8.247399968252417e-09,3.670553363672872e-09,1.0310594612564712e-08
1.619593647829222e-13,1.1566922272460743e-11,5.2088272869768917e-08,9.921551142176616e-09,5.528465431273578e-09,1.276039789557966e-08
1.619593647829222e-13,2.9064723843885117e-12,6.912835338243438e-08,9.985725994722668e-09,3.4272143744980833e-09,1.4569741082169077e-08
1.619593647829222e-13,3.3690212886886404e-12,9.339529762886462e-08,9.346006028393115e-09,2.279613548005713e-09,1.5960608376509696e-08
1.619593647829222e-13,6.3733725111470615e-12,4.278713777981907e-08,9.090771464833854e-09,3.386501692618538e-09,1.1252649391991211e-08
1.619593647829222e-13,2.2161698879179275e-11,4.108625207816651e-08,9.251576841104998e-09,3.765549901798877e-09,1.112082661761844e-08
1.619593647829222e-13,1.7872919859638705e-11,9.334242966257707e-08,1.005137415665521e-08,3.4491783545863945e-09,1.8391979449792134e-08
1.619593647829222e-13,8.01767752087401e-13,1.0664813418778911e-07,1.1285583669205848e-08,5.704443408215685e-09,2.0068586422253104e-08
1.619593647829222e-13,5.189792614069382e-13,6.981998130688024e-08,1.0141033022695102e-08,2.872887734176164e-09,1.6938226064519477e-08
1.619593647829222e-13,1.2680481038478256e-11,7.584746698558428e-08,9.101695186758814e-09,4.2386955950959254e-09,1.415502531073889e-08
4.013551392391371e-14,4.013551392391371e-14,9.778825339949321e-08,7.062141161243372e-09,1.8975899430568075e-09,1.5314382260000244e-08
4.013551392391371e-14,1.5487430076832894e-12,1.2650734483423265e-07,9.929318970654084e-09,3.83812355111138e-09,1.9015727022585414e-08
4.013551392391371e-14,5.6484528721490273e-14,9.708547814612786e-08,1.07712537633298e-08,4.230467690616914e-09,1.7709438208859198e-08
4.013551392391371e-14,4.201221214190244e-12,3.984982212402241e-08,6.916679514243142e-09,2.7568234265718635e-09,9.548794613856365e-09
4.013551392391371e-14,9.948382414629256e-12,2.9581099661412278e-08,7.422522973770817e-09,3.753997506971955e-09,8.311491044033436e-09
4.013551392391371e-14,1.4120020712633686e-11,4.850443001980227e-08,1.0380579753732765e-08,5.3388402041512e-09,1.2088668279435974e-08
4.013551392391371e-14,2.715931222044754e-11,7.40190559361966e-08,1.0547631502322344e-08,5.508758882730683e-09,1.5065276807315805e-08
4.013551392391371e-14,2.298717628660885e-12,6.494100451412642e-08,8.912383760560183e-09,4.360251805673706e-09,1.3650291676551685e-08
4.013551392391371e-14,1.0509173569487613e-11,4.4901781402640215e-08,9.549004653192197e-09,6.337743805338799e-09,1.1811583617197555e-08
4.013551392391371e-14,2.424700478854135e-12,4.210358081824353e-08,9.271192914572513e-09,5.0485431467542345e-09,1.0301929560746307e-08
4.013551392391371e-14,7.803689994415161e-12,8.073785926461994e-08,1.2308062626606572e-08,9.329910915069576e-09,1.3630444413493107e-08
4.013551392391371e-14,4.3967617841272134e-13,6.359643042375865e-08,1.0781000113105245e-08,2.8872510055260573e-09,1.4942731094126494e-08
4.013551392391371e-14,2.703271214483222e-11,1.1068390838976037e-07,1.2598058218527003e-08,6.546098356146227e-09,1.857257263606886e-08
4.013551392391371e-14,2.9845367374550098e-12,1.7877865327950332e-07,1.1597801486418565e-08,2.0355137751194793e-09,2.6444221788290924e-08
4.013551392391371e-14,3.696940643736287e-12,1.7989879537314767e-07,1.0792110877983712e-08,3.7047098285812202e-09,2.6265551607920163e-08
4.013551392391371e-14,3.5194008189629796e-12,1.562050425535202e-07,8.610607743185782e-09,2.7009063763592108e-09,2.2295364917099905e-08
4.013551392391371e-14,1.0627727710923842e-11,1.1654538179538819e-07,9.241011803486122e-09,3.3562418707318276e-09,1.79993213627879e-08
4.013551392391371e-14,2.1471825792195117e-12,5.6321529144851804e-08,6.423255417565443e-09,2.179844541779539e-09,1.0852256915132953e-08
4.013551392391371e-14,4.531344829802944e-13,2.278777445152328e-07,1.1522842177056382e-08,3.600939005343667e-09,3.286699163356696e-08
4.013551392391371e-14,8.5227480325921e-12,3.316133192002718e-07,1.2597345794220327e-08,2.1582242885246372e-09,4.656449113569138e-08
4.013551392391371e-14,3.0467022400936894e-12,2.0836865675610566e-07,1.0636377966704119e-08,3.130164504179744e-09,2.941751429755855e-08
4.013551392391371e-14,2.3758357710582017e-12,5.274453597635957e-08,8.151326347913422e-09,2.7587108366331142e-09,1.2382043266575552e-08
4.013551392391371e-14,1.756269699444562e-12,2.9233856097424025e-08,6.593340833276589e-09,4.118543982765716e-09,7.258400877840341e-09
4.013551392391371e-14,8.589729530175919e-13,1.993793846022364e-07,9.911134849532968e-09,2.71060614581075e-09,2.8388629126190986e-08
4.013551392391371e-14,2.9521805750638544e-12,2.223213029407924e-07,1.1843043420609355e-08,1.8326149614226358e-09,3.1782084859012667e-08
4.013551392391371e-14,1.1742448628475144e-12,8.577761922445249e-08,8.49668789252848e-09,1.99686484246717e-09,1.5378369919481388e-08
4.013551392391371e-14,6.972499979265321e-13,3.631099909528712e-08,6.981496968976036e-09,3.0536229545090824e-09,8.541561239326362e-09
4.013551392391371e-14,4.839918368256988e-13,7.050810939517492e-08,1.0615498004451965e-08,4.316175047973296e-09,1.588373641463932e-08
4.013551392391371e-14,3.919881787653427e-12,1.321562737320391e-07,1.3752263728070684e-08,6.33656675926492e-09,2.4333972040148137e-08
4.013551392391371e-14,1.2465576906323596e-11,8.076379447059937e-08,1.3000040720272755e-08,4.455029452861645e-09,2.0250204398421552e-08
4.013551392391371e-14,1.2449157880822504e-11,8.391477961065439e-08,1.0037111490961682e-08,3.4292733993412924e-09,1.5242546061840304e-08
4.013551392391371e-14,1.2216940703996118e-11,8.698645259669846e-08,9.973430645123977e-09,4.2615548011795446e-09,1.574694913145033e-08
4.013551392391371e-14,1.0976704840737656e-11,8.293229586579405e-08,7.792964163575495e-09,2.7095102783261393e-09,1.3973654614122636e-08
4.013551392391371e-14,4.677567192051918e-12,8.657241258760429e-08,1.0606043181306439e-08,4.1177867672648905e-09,1.7422632305669926e-08
4.013551392391371e-14,6.035083672960984e-12,8.553200001698784e-08,7.261589421710766e-09,1.6873281143943665e-09,1.4737698203900209e-08
4.013551392391371e-14,1.149766198556494e-11,5.277603792624279e-08,7.846005571705379e-09,2.6837676197432393e-09,1.323671889232732e-08
4.013551392391371e-14,1.6363448849474085e-11,1.079877166085524e-07,7.755243731594736e-09,3.5996640082827567e-09,1.5972534226392654e-08
4.013551392391371e-14,5.189385024919211e-12,1.337957381739574e-07,1.1736307754972657e-08,3.781624449832628e-09,2.3950013571030842e-08
4.013551392391371e-14,1.4517381108084891e-11,1.117204221926273e-07,1.1674000341566654e-08,4.550287676966756e-09,2.201811341679172e-08
4.013551392391371e-14,5.606648905055766e-11,5.610287712763671e-08,8.68686229461053e-09,3.7739984325664075e-09,1.1456486667565927e-08
4.013551392391371e-14,7.798391883259891e-12,6.513547343005357e-08,1.017744846594565e-08,5.7533544036811894e-09,1.2889998020778442e-08
4.013551392391371e-14,4.916289530732161e-12,8.948835030372836e-08,8.955236728107841e-09,2.7814930975312673e-09,1.5177565842535046e-08
4.013551392391371e-14,5.425847086113093e-12,4.745442320090959e-08,7.2304900337547286e-09,2.480377437353685e-09,9.930954364192627e-09
4.013551392391371e-14,4.700190783149264e-12,3.4687549169666415e-08,8.790716308323859e-09,5.056689066685351e-09,9.012653507696346e-09
4.013551392391371e-14,1.749614437215456e-12,8.727239487205803e-08,1.0756248899708178e-08,3.864224017618516e-09,1.738080481513693e-08
4.013551392391371e-14,1.025339759973805e-11,1.3386840706498692e-07,1.2299373231820154e-08,2.693698304037259e-09,2.7036598780994394e-08
4.013551392391371e-14,3.439955881660457e-12,1.410460697655251e-07,1.4505853806271079e-08,4.092657771773453e-09,2.526491610232702e-08
4.013551392391371e-14,1.0485230513699454e-10,1.3779623983132715e-07,1.446882140229178e-08,5.55478939758336e-09,2.5959908942200165e-08
4.013551392391371e-14,3.0048995783278478e-12,8.729528344245126e-08,1.028337771131111e-08,2.7630200993845324e-09,1.877028843267699e-08
4.013551392391371e-14,2.539115755222446e-12,5.411802635823071e-08,7.693898712832923e-09,2.1975322321254916e-09,1.1939696634052915e-08
4.013551392391371e-14,2.3077595031918937e-12,7.389431856892429e-08,8.086934826214428e-09,3.2213791262468962e-09,1.3130578924578377e-08
4.013551392391371e-14,5.667645473305403e-12,4.9558804420973506e-08,7.4283769210535265e-09,3.716678148719479e-09,1.033898389856964e-08
4.013551392391371e-14,1.3069736771287617e-11,2.7612772551224214e-08,4.578933380669628e-09,2.602312046063173e-09,5.503877936219649e-09
4.013551392391371e-14,6.24545718845985e-12,5.101217200217913e-08,6.955328463622908e-09,3.540506148002547e-09,9.547623846290602e-09
4.013551392391371e-14,1.2050932452782731e-11,4.895121707812791e-08,8.69510463230718e-09,3.683760141135918e-09,1.1799640795870338e-08
4.013551392391371e-14,1.2284699016161607e-11,5.727855058820077e-08,7.3541632202397455e-09,2.7457863601562584e-09,1.1390769091399687e-08
4.013551392391371e-14,1.1501977752457614e-11,4.639268687613619e-08,6.259453246728936e-09,2.3738593454522058e-09,9.485127492555956e-09
4.013551392391371e-14,5.432342293242294e-12,3.9387342209541284e-08,7.219808860261507e-09,2.964353906673562e-09,9.692215992330338e-09
4.013551392391371e-14,3.23479543135866e-12,8.056611317880277e-08,8.853980410090344e-09,3.19696176306948e-09,1.4276495518420856e-08
4.013551392391371e-14,1.4409585861050737e-12,7.664606227309704e-08,8.226503774577921e-09,2.3719931462435677e-09,1.4078935089647286e-08
4.013551392391371e-14,3.3074563793995664e-11,3.9452070428150846e-08,4.207126386373087e-09,1.3313699350886034e-09,7.644338855773349e-09
4.013551392391371e-14,2.10572835983514e-12,3.906200391809637e-08,4.1591562157725786e-09,1.4020732248227043e-09,6.987661833148959e-09
4.013551392391371e-14,1.960749778569963e-11,3.4865252866221455e-08,6.392443530074264e-09,2.8595873659511355e-09,7.920029352362543e-09
4.013551392391371e-14,1.397273083788885e-12,5.4562738518162955e-08,7.644586541689688e-09,1.5906913092353562e-09,1.1990251552486752e-08
4.013551392391371e-14,2.7338372773730465e-13,8.02526993773145e-08,7.995111556067825e-09,3.2096354517313493e-09,1.395741546937085e-08
4.013551392391371e-14,9.2303469063701e-12,5.8052238744619304e-08,7.113396908881433e-09,2.933305550250019e-09,1.0822005070291973e-08
4.013551392391371e-14,4.549060210939357e-12,6.773289608963645e-08,8.482596513728731e-09,3.1172534732215096e-09,1.4589986787561926e-08
4.013551392391371e-14,2.870410587882485e-12,7.249732262613896e-08,9.025825083648151e-09,3.0169749317305326e-09,1.5620005768409286e-08
4.013551392391371e-14,1.5336575952808368e-12,4.957978399784762e-08,8.740830765750919e-09,5.851583350353519e-09,9.497159173360068e-09
4.013551392391371e-14,4.0508412642695874e-13,6.177201678084216e-08,8.243188035012332e-09,3.5170894125997687e-09,1.157864654247775e-08
4.013551392391371e-14,6.228068963300719e-13,6.260391506904269e-08,8.682574977783372e-09,3.7076059203099055e-09,1.2808890933533085e-08
4.013551392391371e-14,1.5823663331113813e-12,7.704056876365355e-08,7.472186376831459e-09,3.2204522974610186e-09,1.2681037839898857e-08
4.013551392391371e-14,2.0478504805425486e-12,9.503764192133874e-08,6.458863392035946e-09,1.5721617116584682e-09,1.4500804303066627e-08
4.013551392391371e-14,1.8485273566656638e-11,5.9208811653779165e-08,5.940230481145582e-09,2.6264442293966382e-09,1.0126143110686097e-08
4.013551392391371e-14,1.127510361832531e-11,2.4854999203186306e-08,5.640301165718075e-09,1.99344726904123e-09,6.629553667490713e-09
4.013551392391371e-14,3.676359122684739e-12,3.354351491192535e-08,5.9670131713298305e-09,2.6398991362028305e-09,7.4226264715064425e-09
4.013551392391371e-14,3.4854213152320933e-13,3.0630697501364755e-08,6.770018577270965e-09,2.7366620668135074e-09,8.161970256131232e-09
4.013551392391371e-14,9.52440535173168e-13,4.146103005257203e-08,8.06995705857283e-09,3.4173763777861723e-09,1.0342369714235864e-08
4.013551392391371e-14,1.3000643014913698e-12,7.172203217057278e-08,7.6565703245313e-09,3.2198698225463068e-09,1.4152831086187824e-08
4.013551392391371e-14,3.5347391159861117e-13,3.8310371538131406e-08,6.463904729775488e-09,2.2778866816906368e-09,9.14093684647845e-09
4.013551392391371e-14,3.2545589992896304e-12,4.343815193536735e-08,4.508586366106903e-09,1.6855034777977927e-09,7.845620799374304e-09
4.013551392391371e-14,1.3587787471210677e-11,3.598979090131748e-08,5.606578260440689e-09,2.938266415578885e-09,8.357137859457307e-09
