best_so_far,best_iter,worst_iter,mean_fitness,median_fitness,stddev_fitness
278.8326740009114,278.8326740009114,16152.350001196311,6664.801963878127,6367.6586783372295,3832.6494474172446
273.1103115423296,273.1103115423296,15028.643405644962,6113.404640576577,5765.988178831514,3539.8066642525655
256.67059525826176,256.67059525826176,13966.07836449181,5388.393518670316,5033.263580821871,3191.970855605851
180.97426191062306,180.97426191062306,12557.504326910246,4562.283843741691,4123.433389113994,2790.8817697733566
108.02853468597581,108.02853468597581,10922.752347204425,3724.4413116020232,3467.900703924886,2363.5563579408217
65.24129118486044,65.24129118486044,9328.030519719097,3018.2437812904554,2917.7967155284423,2001.5113205651835
35.253617930136684,35.253617930136684,7880.995646472135,2376.2951921536646,2042.4409380223249,1627.250852026575
18.307639876738026,18.307639876738026,6298.858916012723,1834.637614829343,1667.2562107994656,1275.5639009573852
18.307639876738026,19.566289476103655,4386.398820544002,1381.3042597006713,1316.9666337429771,960.6798619515332
18.307639876738026,36.33552890217389,3515.415624273901,1016.3412676541691,933.580128380052,723.6336766423792
18.307639876738026,28.97100158063012,2782.916265433765,709.8050244773972,640.4664842206191,535.8941617925034
5.2233130445701335,5.2233130445701335,2001.9078560522375,461.5855880565908,418.1088291478378,356.28029796243896
5.2233130445701335,14.271194333211856,1440.6270675447554,283.7908708993541,240.12388871369393,225.48264101105835
5.2233130445701335,12.06466349403014,855.7530398043738,165.82177319088646,147.41231688423457,127.88683538567967
5.2233130445701335,8.388545288030237,425.8736925256736,102.39885039196179,111.28716704871226,68.11464609270854
5.2233130445701335,9.617608218813054,250.84804382561464,82.46023741822742,73.29863512679839,51.02655954838061
5.2233130445701335,11.882548154189337,243.60610405406467,65.2225038772251,50.3431950993492,49.76935646308638
5.2233130445701335,7.0104852132731965,192.53483167751682,50.6651117411408,43.33891979757457,34.345397226913036
5.2233130445701335,13.385957547988468,97.2791011079017,37.81699700707236,36.25988556605563,16.371039507164603
5.2233130445701335,8.259388383460603,62.65371011875726,29.498136184752152,30.03134338645996,11.100992807324893
1.8917194966687723,1.8917194966687723,41.804026849573475,18.957311679801634,18.673076260467525,7.5901753526381
1.0957422286974758,1.0957422286974758,26.81395400489629,11.710630296833267,10.254823240914378,5.7891997725464925
0.4463769034416442,0.4463769034416442,14.585659822344772,4.727280911553091,4.537821909748189,3.1759496168893104
0.009876238658993166,0.009876238658993166,14.699081498482274,2.598130324933534,1.6488672101665411,2.835121139413392
0.009876238658993166,0.017932257459658305,30.830588407639848,1.839581729977809,0.8109897158663841,4.407014300362054
0.009876238658993166,0.10329804160739357,17.696754657722867,2.179412079702075,1.2452752467142,3.053726511371298
0.009876238658993166,0.04964926473132066,3.721206645035676,1.1119643987370191,0.999082664158267,0.8228198511814458
0.003742260343951207,0.003742260343951207,7.264058080551615,1.681379392381327,1.3489081634457794,1.441482887565388
0.003742260343951207,0.024469903023288143,2.8470448723276913,0.7043091346747415,0.5023031417328953,0.6659090889522524
0.003742260343951207,0.04073434429831173,6.408362686100589,1.8424507998509752,1.3298278449072565,1.5390763693532576
0.003742260343951207,0.008090017316496282,1.9474652046445922,0.6483739949404155,0.3922724623460773,0.5793258334497285
0.003742260343951207,0.049100325428009385,10.572932840800444,2.5039277275979233,1.956415741986578,2.1247631574290735
0.003742260343951207,0.019392902359246886,8.788036408402041,0.9260045173646553,0.3524363039609856,1.4291883496904607
0.003742260343951207,0.039314094612956714,13.35308750855767,2.730400257179362,2.203632215056354,2.447579108937968
0.0015669527894674683,0.0015669527894674683,9.107155278971957,1.2558134336814604,0.4095308807848831,2.1222909325410244
0.0015669527894674683,0.027269505940776113,10.652249633856725,2.642930237257541,1.9615026507402167,2.349807912640385
0.0015669527894674683,0.008212253770070246,8.499820535653866,1.2979917886051815,0.4534510800672558,1.845476439145943
0.0015669527894674683,0.08166176968025787,12.342327973681611,2.0099550392015764,1.2916427705627656,2.2016285582450266
0.0015669527894674683,0.005072984692733681,5.7104763921347,0.7860042578603275,0.25311101381908163,1.2195118965614036
0.0015669527894674683,0.05047393269486283,10.43525874337175,2.2009849909119605,1.691821503394153,2.0587985236537816
0.0015669527894674683,0.015702394933170414,10.712937120960046,1.00828953030649,0.5353687112608027,1.6603006856995104
0.0015669527894674683,0.04750300858108311,6.1314330371380645,1.8474911227225166,1.6838904866928686,1.29392403251582
0.0015669527894674683,0.0132744013890073,5.169205838072307,0.711065012685305,0.4202713930774975,0.9384583278245751
0.0015669527894674683,0.04797047721086295,4.495507599132821,1.595346051924797,1.343428349342147,1.2739345697415148
0.0015669527894674683,0.012281066118738892,4.167916402080285,0.7582736457465896,0.5233113803269808,0.7447366140689539
0.0015669527894674683,0.00850219252293866,3.3803880500495604,1.1204042330878388,1.1182969565397056,0.8851912694445782
0.0015669527894674683,0.0016377451704475926,2.278752126455238,0.6483271085127933,0.4850845747506455,0.5490321362178712
0.0015669527894674683,0.023332491009497247,7.050865410320795,1.0718306158481314,0.7573814587127107,1.2783831243827055
0.0015669527894674683,0.007458395365530882,2.058583227998951,0.6829528443640537,0.6466762873579139,0.5769062540689827
0.0015669527894674683,0.008174589945055127,6.716918370838865,1.3186568988613698,0.9149913594870525,1.2913740154709945
0.0015669527894674683,0.0020755403260945457,3.70645170141604,0.5884512342229651,0.2658910215022027,0.8568059741067447
0.0015669527894674683,0.0327893859771476,8.37002918445676,1.6956596718031323,1.4787095391594307,1.609736347280754
0.0015669527894674683,0.008757093218039014,4.124051498794061,0.6400127331682142,0.36881701632351616,0.816834705926158
0.00018254153327992593,0.00018254153327992593,6.5049439313043935,1.8346067854073391,1.3297718102042582,1.6055741280778195
0.00018254153327992593,0.0009317341041765475,3.6115359068004227,0.5631610415676632,0.37769413684123554,0.70667312159474
0.00018254153327992593,0.042794921014141805,7.803467838637086,1.8425802255772405,1.5476298527686834,1.4784712043287276
0.00018254153327992593,0.0020346495256065807,7.46254362657425,0.709183886387897,0.31188260916913557,1.231567752081098
0.00018254153327992593,0.06556064098069529,4.991500053324916,1.756113054513586,1.6722800465671868,1.2011893125894617
0.00018254153327992593,0.027091710749435963,5.1204834610537935,0.5483953978176143,0.3051112032908896,0.8750034489167764
0.00018254153327992593,0.014816406067818458,6.007223770765878,1.458530361056117,1.209561323711947,1.3909646254402592
0.00018254153327992593,0.0025783955303374786,3.3113002476344695,0.47967436910667516,0.23064173441010644,0.6373916407617188
0.00018254153327992593,0.042547387477320696,9.187334625334964,1.4705976792903592,1.135866843416856,1.5002389537488678
0.00018254153327992593,0.003659213142139986,3.0573272395149034,0.37094091088397363,0.14107898548896472,0.5993815574185477
0.00018254153327992593,0.06939894618106487,4.6222622696350975,1.3363924074165576,0.9775132262662267,1.0844127290038943
0.00018254153327992593,0.0010817700901652452,2.258795552509281,0.36672358434303587,0.20891712666526002,0.4529178570200222
0.00018254153327992593,0.11308436982809336,6.0941796783167925,1.496702807026705,0.8578877199047115,1.4152893529923969
0.00018254153327992593,0.0018531489980050937,7.82559565657385,0.8488952695621418,0.3348667838185312,1.4675750861336558
0.00018254153327992593,0.005610427506363144,3.07716477662997,0.696348932386044,0.4990028073436268,0.6802670690791203
0.00018254153327992593,0.003950275331969287,4.127862255240751,0.5678923883067293,0.38038804420059774,0.673864659258137
0.00018254153327992593,0.0015843420133004726,3.0031554164251038,0.6282744961134132,0.3872154881913623,0.6650912176818139
0.00018254153327992593,0.011776955433458676,2.8411360244022976,0.5817277210024966,0.38292358294515283,0.548473054201723
0.00018254153327992593,0.0006277973082410965,2.3798038177680945,0.37488165557223774,0.22908833083961605,0.43504543159660036
0.00018254153327992593,0.027227095719193222,2.9854542654715126,0.7415743629009962,0.5934548918913898,0.6760219496023614
0.00018254153327992593,0.010220087992217021,1.9216573282603988,0.390820823795091,0.18016006363962667,0.44460620791029404
0.00018254153327992593,0.008787086190713545,3.902041304117031,0.7443804154968869,0.5567325915060464,0.7618674178150212
0.00018254153327992593,0.0036940378790760904,2.1579813857389407,0.33803253653244225,0.13815651150923097,0.4605586629569865
0.00018254153327992593,0.001379656181107631,3.0988924500556982,0.7298433805913309,0.6888686555368214,0.6255238091185074
0.00018254153327992593,0.0012765917604517106,2.5427121917738966,0.28329793536153436,0.16776158840981403,0.39550155556611505
0.00018254153327992593,0.03397644546614199,3.1389744309124885,0.8480891322043941,0.512643654775742,0.7889234910128924
0.00018254153327992593,0.010448702298116778,2.4714628018915192,0.3887317406532237,0.25825942183443845,0.4610339785408944
0.00018254153327992593,0.010230714582562573,3.8036512850662962,0.7269699518030504,0.4281253951401681,0.7963355639679675
0.00018254153327992593,0.012780239761899022,1.7206978627256675,0.32532324745524555,0.17015206957577994,0.38996293050749203
0.00018254153327992593,0.01148223745622979,2.8884986395030197,0.6051703735093263,0.3846752469476505,0.6189165319534763
0.00018254153327992593,0.005702789226226961,1.354839650904113,0.22502304600529746,0.14945962964419374,0.27423938713122253
0.00018254153327992593,0.01823216664201803,4.177308962652332,0.802897086898315,0.5797769574116709,0.7211275858447966
0.00018254153327992593,0.0006212419176361551,1.6208464510039011,0.20146075358222162,0.1144832090837876,0.26209466810031107
0.00018254153327992593,0.06691175029731972,4.588319665458189,1.064664397443803,0.9257219403759129,0.8735595085021077
0.00018254153327992593,0.004140558057373715,2.9767423184118895,0.5039299040498395,0.14613479743332458,0.7148755519029893
0.00018254153327992593,0.05915773213711466,3.642016407514813,0.887441034386773,0.7918682103864663,0.7582695852020235
0.00018254153327992593,0.0018538893487946467,3.9885405257465965,0.37082579309499425,0.16711179341974142,0.7383228748473355
0.00018254153327992593,0.040159991464394494,3.987858999490221,1.0717093933418085,0.874122858403612,0.851059191101874
0.00018254153327992593,0.005070648001693523,3.30837308771391,0.4083187359724797,0.14026349460581683,0.6027999167114525
0.00018254153327992593,0.012319806793838265,2.297161325788879,0.6606091598871683,0.5821916803411117,0.5209455939370146
0.00018254153327992593,0.0103053130780984,2.691098551019992,0.31195722056867015,0.17426707373175518,0.4365626977897683
0.00018254153327992593,0.0034454988675680816,2.816041499598096,0.5034014396183849,0.3812730954284158,0.5262178621203497
0.00018254153327992593,0.01876150999070324,1.4287407124456948,0.27323960631219113,0.16415030778663403,0.2842404981409883
0.00018254153327992593,0.002181648198623976,1.715381050273871,0.44485533357062296,0.33477416264896387,0.39856564192369126
0.00018254153327992593,0.0062444800737822175,1.1208461196566157,0.27146156678269157,0.1682388879846956,0.28140452204855826
0.00018254153327992593,0.007860267845641592,1.704919806510617,0.491422176933958,0.3999934488797766,0.3744698408428735
0.00018254153327992593,0.004585672751476078,0.8994310344939465,0.16170969723137119,0.0977135349692762,0.17162720254814398
0.00018254153327992593,0.0182682151519731,2.406070852537566,0.5521478833194964,0.4022137664528446,0.47040371818150856
0.00018254153327992593,0.0036500236784020017,2.2249874008313655,0.2582851423229626,0.1401979278322997,0.3659885625153685
0.00018254153327992593,0.0116793889169125,2.018641536858593,0.4314102231455241,0.33867822447969437,0.3836679744792928
0.00018254153327992593,0.004832658750504292,1.1508638638331854,0.17069801797548986,0.12149876979097896,0.20183166435101824
0.00018254153327992593,0.004049607145665902,1.7395994399517727,0.42528739659603576,0.3853418196256275,0.353292470494019
0.00018254153327992593,0.00042351500756099953,0.5379229691026395,0.13599704366065382,0.1050271537713231,0.1309188397393334
0.00018254153327992593,0.001705727120809112,1.916424630054022,0.5527905862725045,0.40129077721608186,0.46009844385843157
0.00018254153327992593,0.0012022259967646345,0.7928225216958479,0.12400501176931339,0.06664854905453069,0.1632126252419504
0.00018254153327992593,0.010461655723823151,1.7212564615723314,0.5281707934674241,0.3587927987353657,0.44091160218634795
0.00018254153327992593,0.0011685521364598664,1.3407778146902465,0.1899292750061402,0.09143793054948257,0.2861544884268853
0.00018254153327992593,0.009916082237675202,2.5303423967480816,0.46009054198135646,0.2504068648143029,0.5285772644292543
0.00018254153327992593,0.001546563751080687,2.731362027676137,0.20425865928671455,0.07357053889000875,0.4364093956601072
0.00018254153327992593,0.006960794442752597,1.790794174722832,0.3744188003351408,0.2863566851065276,0.353453450758144
0.00018254153327992593,0.001726998755679214,0.8368588522273032,0.16142143289358693,0.11586168970209237,0.17742926749647908
0.00018254153327992593,0.00479349838361941,1.518823777453536,0.3317723935361883,0.188934409559467,0.3574109487712574
0.00018254153327992593,0.013694021535954155,0.49623433780368553,0.14940671105656841,0.09935921002112189,0.13954315186158048
0.00018254153327992593,0.008121559636113869,1.6801867076153465,0.35964177754343846,0.2135110608860385,0.3817119261148253
0.00018254153327992593,0.0059261036273845396,2.0795296412766975,0.1731398181482022,0.11654478154676992,0.29223183209456516
0.00018254153327992593,0.0022930140729198537,1.5332240929822818,0.2730373862881078,0.20943823673339573,0.27739764820978013
0.00017442950762546614,0.00017442950762546614,0.5501585759526504,0.10327979658820999,0.04788740548673458,0.12924818774022273
0.00017442950762546614,0.011931615649244078,1.1270090856477424,0.335758996366626,0.31562431377704037,0.2404250549959064
8.389573865590164e-05,8.389573865590164e-05,0.8008326484551677,0.11918242961502475,0.06684195733996548,0.15247159251204584
8.389573865590164e-05,0.006583515713318349,1.239369921234273,0.36377922207681906,0.2896908263471466,0.2772305434516832
8.389573865590164e-05,0.002101854190414795,0.8708214992946647,0.1083939454728879,0.04242964491849903,0.16527525023577622
8.389573865590164e-05,0.006527409008228314,1.221860020636913,0.35186624820584883,0.3003560185464442,0.267928117780967
8.389573865590164e-05,0.0003291371380641162,0.35235182846567226,0.09836096148618395,0.06729688522259913,0.08404128796759097
8.389573865590164e-05,0.009282799822881351,2.023426230080042,0.43400077985636754,0.28120884442183947,0.4220794941773033
8.389573865590164e-05,0.0025865883421823787,1.6807904235982192,0.21120380509525055,0.09651874405986571,0.30719796884173767
5.5043184411515146e-05,5.5043184411515146e-05,1.7242741940317454,0.3779774166180274,0.32121094551875873,0.37969536153762395
5.5043184411515146e-05,0.0019276888573212692,1.1963321775749334,0.16242707582645108,0.09623213689545443,0.21613597449199778
5.5043184411515146e-05,0.007004166268320004,1.3791078608048926,0.2984325672477432,0.2159454629445734,0.29360412720079543
5.5043184411515146e-05,0.0007223258618252715,1.9960283358422208,0.17164383761763624,0.05411686253763715,0.3092357465862809
5.5043184411515146e-05,0.0020829485435495164,1.1448795846476594,0.2508621901325011,0.17851559580190407,0.2261192874064695
5.5043184411515146e-05,0.0022207512257146978,0.582833517089873,0.12665113823898774,0.06737722545454142,0.13254394046506038
5.5043184411515146e-05,0.002671124307457536,1.7075456134452094,0.25675640052407345,0.12401210372540947,0.3156314330860322
5.5043184411515146e-05,0.006661655762256474,1.7130444528886952,0.14121987201141034,0.08062704525779571,0.2575604724216414
5.5043184411515146e-05,0.00580427975001601,1.0660693061167918,0.20769205527364004,0.1542320034571974,0.2107617246653158
5.5043184411515146e-05,6.670406636516594e-05,1.3269082250079622,0.12898595588098305,0.08047747766834829,0.20153506571047938
5.5043184411515146e-05,0.0017223067604117408,0.701689114568522,0.16230156324927608,0.0977526101110418,0.16247794472653035
5.5043184411515146e-05,0.00408891247266134,0.8835844385165637,0.1210975764900502,0.07884814217653148,0.15393217663793332
5.5043184411515146e-05,0.001225057677843897,0.8271382013794988,0.12137287112431437,0.07389837067007914,0.14705858802066943
5.5043184411515146e-05,0.0006065875654317774,0.48660595314993094,0.1164498006410096,0.07628674768918661,0.10903272812467876
5.5043184411515146e-05,0.00011268692781344726,1.118838726822808,0.1516479235641652,0.11078505834767935,0.18189210644172707
5.5043184411515146e-05,0.00020965618374479142,0.4322645266633045,0.08248844670098347,0.04968337445942894,0.08586054213008126
5.5043184411515146e-05,0.0010476139850485605,0.7349462463144293,0.1543293076398571,0.09433637329429237,0.16089671735869432
5.5043184411515146e-05,7.282550568161123e-05,0.3265327936979543,0.09760322790724876,0.07654784891408463,0.07343361344468848
5.5043184411515146e-05,0.0033209311356636596,0.9323234075149043,0.1579464152411646,0.08910634831754534,0.1729812206797224
5.5043184411515146e-05,0.00030106184769480745,0.4071773118754212,0.10164197627887224,0.06582757764931454,0.10187328610151686
5.5043184411515146e-05,0.0031336132679047313,0.7197241469329063,0.18084117402018213,0.1638211823366024,0.15812064316537622
5.5043184411515146e-05,0.00033571467335962433,0.5812419260329734,0.08338974611984563,0.04051468357851434,0.10664447049865762
5.5043184411515146e-05,0.001386038650990269,0.5401941232813667,0.14403882830098244,0.12452318893498703,0.12039529984710716
5.5043184411515146e-05,0.0005919884160391281,0.414715373725079,0.06748706602744355,0.04852329098913133,0.08290599964700862
5.5043184411515146e-05,0.00035087924096024277,0.5806453334831465,0.1291947840149299,0.10317167578072979,0.11341985500221352
5.5043184411515146e-05,0.0010943955272746462,0.45535238063588557,0.07508014795636792,0.04725808168968014,0.08418099201345984
5.5043184411515146e-05,0.0009851410212653898,0.6316158365392998,0.1139358373994935,0.06934003762198582,0.12497435150133765
5.5043184411515146e-05,0.001110134324554088,0.39043315858737826,0.07682993867564117,0.05389108258181474,0.08523376058390288
5.5043184411515146e-05,0.002566894364228505,0.5894419586008309,0.12510301961532985,0.07760760259443025,0.1152459717994337
5.5043184411515146e-05,0.002133540391256639,0.229815634314846,0.06140301116081716,0.055566544363950844,0.04995043010147548
5.5043184411515146e-05,0.003921611196346646,0.4365196057985708,0.11494792449902573,0.08007013330561272,0.10712869524997079
5.5043184411515146e-05,0.0005018475047378094,0.2727145003036261,0.056382480883031064,0.03689979185429952,0.06123753197500274
5.5043184411515146e-05,0.004745622131303822,0.6854393626967816,0.14737040162804127,0.11616581594300857,0.12956223450571294
5.5043184411515146e-05,0.00035047908873639844,0.34326131749806604,0.0519382401809578,0.03353726595798039,0.06810209945038811
5.5043184411515146e-05,0.005397487422191517,0.6355963603392234,0.16821668865758535,0.12784786695706593,0.1483814502422741
5.5043184411515146e-05,0.0003132562893349125,0.44482726397064365,0.06426389145409224,0.03295439530741497,0.0986369954255873
5.5043184411515146e-05,5.589711499697158e-05,0.4715859617719084,0.14498475539704445,0.10246850443405053,0.11462309648220242
5.5043184411515146e-05,0.0031614030249238825,0.2038347138922392,0.050882862414396886,0.041584923874276966,0.043492083716855076
5.5043184411515146e-05,0.001126478554730029,0.7996345610908936,0.15520873398434773,0.09757949991078542,0.17313864149239183
5.5043184411515146e-05,0.00035765980655117944,0.39531589231637326,0.07233688829653179,0.0426248276603759,0.07824162078847481
5.5043184411515146e-05,0.00019384917243767238,0.5574581911978926,0.1406229013981816,0.10176341170061798,0.1465211947519965
5.5043184411515146e-05,0.00014512188824597475,0.34914311371203427,0.06101973877645252,0.031482963324975945,0.07514022678998775
5.5043184411515146e-05,0.008720400400183695,0.7050791256962183,0.14197785556603637,0.09480026206796939,0.1399037518931917
2.9400093424802087e-05,2.9400093424802087e-05,0.32848068871355196,0.04091986001121098,0.02080111195917512,0.06312714091983376
2.9400093424802087e-05,0.00326843847119071,1.0318957750818298,0.1434361870825379,0.0798500129872107,0.17093136371379225
2.9400093424802087e-05,0.00010528609819926683,0.9191937247614941,0.08415966643782047,0.023810463982326183,0.17217932297587232
2.9400093424802087e-05,0.004723177877619619,0.8371884481620077,0.13147798618700463,0.09180947780257076,0.14305908623360258
2.9400093424802087e-05,0.0003903157625650896,0.7167426845640771,0.06087570667908496,0.023001988438655443,0.11106732326184521
2.9400093424802087e-05,0.003205361141047421,0.30972143371353716,0.09661539086562718,0.08263177122907281,0.07688635371250278
2.9400093424802087e-05,0.0004730011152047177,0.3890192581847308,0.047299471341625925,0.021341001284648844,0.0712771133115959
2.9400093424802087e-05,0.0010890803269031238,0.39696727696839584,0.07654725259823034,0.05243491050097857,0.08321207925704006
2.9400093424802087e-05,0.0015018044034166033,0.1525083743907735,0.045961151367980936,0.03488818055588791,0.03979774557247679
2.9400093424802087e-05,0.002599973905721633,0.3501045563233703,0.08347455078028172,0.0612175435070019,0.07850461827285385
2.9400093424802087e-05,0.0002904985008164617,0.18611649658085597,0.03947457367142952,0.02388466785849889,0.042807101151096455
2.9400093424802087e-05,0.0003762059384250591,0.3401253161975006,0.09329607821311231,0.07252075513018151,0.07822626887887112
2.9400093424802087e-05,0.0021484353437800203,0.18355037212678293,0.03970034181875401,0.024869891874099444,0.040161239385922004
2.9400093424802087e-05,0.0023727603077659874,0.35571285246166107,0.08217461502364093,0.06424277624155006,0.0673294615375837
2.9400093424802087e-05,0.0014444741211701961,0.4497534815693059,0.044555320273196815,0.026374147199413354,0.06911607070857131
2.9400093424802087e-05,0.000417187167334002,0.28057276742532505,0.05645073130203105,0.03194150685167214,0.06512756509797832
2.9400093424802087e-05,0.00017808081687898885,0.5320936516572645,0.0547603156423202,0.03196542458088518,0.0816638865435021
2.9400093424802087e-05,0.0006033643797520426,0.18721345479393525,0.04043517184442238,0.02255196440651583,0.045441669386088956
2.9400093424802087e-05,0.00014134979170603708,0.19307561783029642,0.05339349730028619,0.03579723778237,0.04482254848205768
2.9400093424802087e-05,0.001329377608468267,0.13524668391963948,0.04255668558300091,0.02511904203188735,0.03751847002711653
2.9400093424802087e-05,0.0005439837913388283,0.29057134169060816,0.05256270268016254,0.03986363085135886,0.04967647392335887
2.9400093424802087e-05,0.000151995128886964,0.08318311980897217,0.02926074164778912,0.023483148890266183,0.02443350977877161
2.9400093424802087e-05,0.002457500166311239,0.4133271432322873,0.07892148738474453,0.06139885460190614,0.07706990634903865
2.9400093424802087e-05,9.178253096398081e-05,0.2057737358285801,0.029340576762555512,0.016713939432065977,0.04068939292054064
2.9400093424802087e-05,0.0013216397330684817,0.22922900476681923,0.06635674415353832,0.05534676435936213,0.05170494195964667
2.9400093424802087e-05,0.0002705854712914914,0.31239802473002787,0.036242119063856014,0.013688582455116234,0.05710608467721945
2.9400093424802087e-05,0.0011034763703461907,0.34599213453452615,0.061569226843399764,0.03678231599069219,0.06625512268927601
2.9400093424802087e-05,0.0009901886324537926,0.40022777650621894,0.03563639953985859,0.016000371254344455,0.06269488319839404
2.9400093424802087e-05,0.0006818376100311522,0.30816226692822885,0.0601453764928881,0.047389301490882,0.05840210111753866
2.9400093424802087e-05,0.0004598134241977238,0.24694276498666465,0.03323390980221352,0.021095531118289455,0.04722221767971807
2.9400093424802087e-05,0.000411162654355567,0.29665022833488985,0.04974667016967925,0.0327173649095064,0.05288359747093592
2.9400093424802087e-05,0.00018169060009786973,0.18782223310563403,0.021982536815646464,0.009022346814229112,0.032330812782413454
2.9400093424802087e-05,0.00010168633177611418,0.29368383630409417,0.04991977831818621,0.03339887517522527,0.05872096099635611
2.9400093424802087e-05,0.00011127667021477441,0.32164872972670483,0.026039551664639945,0.01693912357071411,0.045815871103868186
2.9400093424802087e-05,0.0007906236010731448,0.23734529018542086,0.04308164930817154,0.024785382093230366,0.05128544793372481
2.9400093424802087e-05,0.00030407246527358524,0.18902027759116485,0.031712599020766646,0.02221556479548468,0.03336769197293978
2.9400093424802087e-05,0.0008389854098342271,0.19649880880914894,0.03809775081377875,0.029134477874737837,0.035669110202314024
2.9400093424802087e-05,0.0005825368418758697,0.2299885088648723,0.031806409778416686,0.02014782030478996,0.038715345813982366
2.9400093424802087e-05,0.0007656605644928058,0.11332700594229023,0.027151639641277665,0.016934055348547184,0.02634566682365894
2.8117859623354496e-05,2.8117859623354496e-05,0.11869912973241355,0.03187604258330435,0.028150057876173782,0.027757426764869017
2.8117859623354496e-05,0.0007233353016831636,0.1324055683579538,0.02475990789493991,0.016216380955722982,0.02444315884874059
2.8117859623354496e-05,0.00016324709929296083,0.0844525055686863,0.024695087331534155,0.01574371716070498,0.022743485735340085
2.8117859623354496e-05,0.00010501231212926876,0.11367546480029113,0.03403680461415742,0.023712197096940786,0.030697469543265268
2.8117859623354496e-05,0.000495544944457495,0.12147481514557887,0.028227991104247053,0.021601387239535818,0.023968037100289684
2.8117859623354496e-05,3.5597010562206097e-05,0.17521720004678254,0.03215981488623803,0.01821600265700874,0.03275327883599179
2.8117859623354496e-05,0.0007931971645955094,0.09724263416103557,0.02670097400359002,0.01696965207239279,0.025021388146088206
2.8117859623354496e-05,0.0001658825235287785,0.20848960875710848,0.029588073542634697,0.018620178882507953,0.037520629831065855
2.8117859623354496e-05,0.00013720949364830887,0.09119902601862968,0.024794547393256774,0.018510466232348276,0.021281364942788067
2.8117859623354496e-05,0.00015124933212782806,0.16158627926940422,0.028108880613576172,0.017333825723225338,0.03354081532995129
2.8117859623354496e-05,0.0021166153046623917,0.13026383717366669,0.017626595844504683,0.010023572714795207,0.022292188314392107
2.8117859623354496e-05,0.0003540724223777822,0.13865410664088393,0.03143360387311829,0.02670757490176507,0.026632772214858463
2.8117859623354496e-05,0.0007983443374608409,0.094581457527954,0.01631235951984919,0.009645514714987698,0.019591788638624808
2.8117859623354496e-05,0.001516537515193279,0.1088542258845128,0.03415560638111136,0.028227278505173252,0.02706889693270087
2.8117859623354496e-05,6.0616239014181064e-05,0.08655385165254051,0.01871691359412648,0.012918382332516753,0.017572283686423006
2.8117859623354496e-05,5.802306354237882e-05,0.09713429139004753,0.02879249910207959,0.021315574097173863,0.02505740353648505
2.8117859623354496e-05,7.115383597188349e-05,0.062359779560841266,0.017424136013964874,0.012812141499264532,0.015102988859123883
2.8117859623354496e-05,0.00031037686806218914,0.19743854708813022,0.03084399046323733,0.019775907702670445,0.03602023739417763
2.8117859623354496e-05,9.285750472040442e-05,0.03365814032992305,0.012416559201266332,0.012218287184437134,0.009829183013592306
2.8117859623354496e-05,0.0016277991405542985,0.17503903282515618,0.04500746280648855,0.03660613128441703,0.03742906682571442
2.8117859623354496e-05,0.0002894457320813234,0.131316596001378,0.02209786642182221,0.010315342431380981,0.03159560032728737
2.8117859623354496e-05,0.0012090459639058572,0.11115684072773281,0.03361496978976825,0.028511266617867174,0.02446909544245419
2.1757639080908082e-05,2.1757639080908082e-05,0.1201475769834507,0.016732475406427368,0.007962860848172616,0.026335217721820684
2.1757639080908082e-05,6.301606525202421e-05,0.0900156483526291,0.028539521676818655,0.019369196864685523,0.024830377511169496
4.194409069882547e-06,4.194409069882547e-06,0.07341187062509982,0.013869525197765839,0.008109176621766906,0.014481041532277807
4.194409069882547e-06,7.180956722033676e-05,0.0969829076264883,0.021286573801625745,0.017670358772155493,0.019223976166515482
4.194409069882547e-06,0.00015324656017617287,0.06303031720608084,0.010362176501915184,0.005642752717703963,0.012089368774364033
4.194409069882547e-06,0.00045031609512290535,0.1196398474467253,0.03350618441264392,0.02501798728490988,0.029436183697757166
4.194409069882547e-06,0.00016462718608028308,0.23867592721614814,0.01600165219730183,0.005628312312518686,0.03574062859500136
4.194409069882547e-06,0.000302916678458582,0.11170424017605912,0.031159732792751152,0.02359195306325517,0.02572602143866467
4.194409069882547e-06,0.0004423808419659478,0.07565716266343825,0.015517473906434619,0.00830132986689958,0.019232246687840317
4.194409069882547e-06,0.0015229113686193974,0.18357409390697066,0.03000678957299008,0.019072710652325405,0.03398828245298695
4.194409069882547e-06,0.00021378835376704676,0.0973355709263137,0.01559131843354633,0.008073108863988444,0.021548927883464616
4.194409069882547e-06,8.215213647796158e-05,0.09953701061328853,0.021497410319590057,0.014765177637064513,0.022598001551356404
4.194409069882547e-06,2.4418088606774078e-05,0.06360709581455334,0.015167842162650259,0.011160708852794708,0.014261973029242482
4.194409069882547e-06,0.0009170035805031156,0.0847530197692999,0.019702273068588582,0.014732146164922041,0.017475267565053885
4.194409069882547e-06,5.6284571422794375e-05,0.0553812531743291,0.009881729059709573,0.008038764881183595,0.010708195045298255
4.194409069882547e-06,0.0003633459171650861,0.06292344223912323,0.016080405175486836,0.014239500546110721,0.011751025284446803
4.194409069882547e-06,0.00014216292360556522,0.03962093800839949,0.010458186151637914,0.008998587086679902,0.009045963445835498
4.194409069882547e-06,7.188824037985444e-05,0.053925553370128894,0.016814514583586276,0.014564212657488518,0.012680843465771344
4.194409069882547e-06,0.00012061523358151044,0.04206796192172363,0.008850099471458968,0.006921769954856301,0.00797201248751959
4.194409069882547e-06,1.4525362312204055e-05,0.0690165574370884,0.018224032282554106,0.010908318113790429,0.017746539213599047
4.194409069882547e-06,4.050295349337499e-05,0.06403494126377127,0.011440529336523106,0.009450898691259145,0.011495720653836423
4.194409069882547e-06,0.0005285613253157011,0.09444600011773804,0.019235973171007968,0.010332180155208318,0.020881376938694643
4.194409069882547e-06,0.00022703477765118464,0.06825665255063834,0.011392184590142376,0.005892912393105233,0.015288322369394447
4.194409069882547e-06,6.41083922877886e-05,0.10452452171623142,0.015620308983233203,0.011202471924918328,0.01757089416076463
4.194409069882547e-06,0.0005179018285747495,0.12861590579488277,0.011512076247516134,0.007826612364056783,0.018375680906648834
4.194409069882547e-06,0.0001556262512587617,0.1019842235308904,0.01280251138417867,0.006859778671998374,0.0173001586799123
1.7958015760718271e-06,1.7958015760718271e-06,0.043272102885186084,0.009891627192955478,0.006206284967021654,0.010639973623725698
1.7958015760718271e-06,0.00041957550589571106,0.06970312214004705,0.015106291957690053,0.010828542693158208,0.01297854689021814
1.7958015760718271e-06,8.482469307834388e-05,0.11666425039621864,0.007365166421111913,0.004402991691602534,0.01616499558755461
1.7958015760718271e-06,0.000495731110221085,0.05234036000770998,0.017387786618038546,0.014910336963250972,0.014478519085349735
1.7958015760718271e-06,0.0002830255965336182,0.03802890797771667,0.007866344224816591,0.0046124836244502265,0.008366998668640387
1.7958015760718271e-06,0.00024764605557007336,0.0565284376332937,0.014657759773040322,0.009307707094636453,0.014375427552777601
1.7958015760718271e-06,0.0001225567023414187,0.046126176151226585,0.009305178638659307,0.0045863022987079035,0.010376754627586145
1.7958015760718271e-06,0.0006620966006313273,0.04926957361793446,0.01051183416583601,0.009455400591483521,0.008865223346972744
1.7958015760718271e-06,3.73374409206187e-05,0.024244226201603967,0.005009810499043602,0.002811208747583691,0.005307085244178958
1.7958015760718271e-06,0.0007426857035665497,0.05982944332313429,0.015831728576898792,0.010960739620202303,0.014341728671921029
1.7958015760718271e-06,7.735601071429449e-06,0.028926038768970572,0.006152598595496488,0.004156511892245276,0.006346553253587477
1.7958015760718271e-06,0.0004664887316045773,0.07072418066192737,0.01588514777528444,0.011887501891041517,0.01590955929941311
1.7958015760718271e-06,0.00013630293724707702,0.06012759620212686,0.0079524393568637,0.004457677136320659,0.009660006757453644
1.7958015760718271e-06,8.681118999102175e-05,0.05653384663953085,0.010223856099008754,0.0059982422487321356,0.011385476076408288
1.7958015760718271e-06,0.000809787403560742,0.07738310666439285,0.00840898338198083,0.005165599997496884,0.011676880249113477
1.7958015760718271e-06,0.0006225891515303111,0.06781627864545606,0.009369015439367231,0.005561596284797453,0.011198504510286528
1.7958015760718271e-06,8.827870248501936e-05,0.12049076479065034,0.009243647713881302,0.004065995667208997,0.018961296754335978
1.7958015760718271e-06,0.00038117742062084627,0.04859629985569272,0.010138904995737288,0.0075754659211764875,0.00970288128530783
1.7958015760718271e-06,8.134703632150064e-05,0.07592963612470285,0.007073158979789596,0.002488300695568042,0.013665554550785275
1.7958015760718271e-06,0.0005391330428214942,0.05124142761905922,0.012124368156307231,0.009417284764894498,0.009656474075752071
1.7958015760718271e-06,4.4461556738079805e-05,0.04404612136450362,0.005432148434612771,0.0032159252824074196,0.008427913836422416
1.7958015760718271e-06,0.00016966701754705563,0.050130966709594355,0.009237805032995206,0.006412653994860011,0.009762131704697035
1.7958015760718271e-06,8.034226851075501e-05,0.012932815371397819,0.00430863891145799,0.0038483531739830186,0.003433580335297619
1.7958015760718271e-06,0.00019939004034244073,0.04744230958602139,0.011474621672307804,0.0073573163667565115,0.010738191652811587
1.7958015760718271e-06,2.022618821511612e-05,0.014872562066449149,0.004249701027144686,0.003219843183431826,0.003657155339340082
1.7958015760718271e-06,0.0001114833632946113,0.07393871261285631,0.015899605570497462,0.011486712409061326,0.015442140637674967
1.7958015760718271e-06,2.6277388438497614e-05,0.03218160878136415,0.005536835919134508,0.002440638225657201,0.007244675154528848
1.7958015760718271e-06,0.0006917461712744143,0.08511758316731047,0.017287760908738875,0.014719561641232087,0.014101977031799183
1.7958015760718271e-06,5.6878840506103485e-05,0.0928199475476227,0.005294424110889307,0.0016485095396734637,0.01326812440204081
1.7958015760718271e-06,0.0009239131723363602,0.05947258501026444,0.017790883563507054,0.013650905308292063,0.014896457995810757
1.7958015760718271e-06,4.5130732817442575e-05,0.07885450531481143,0.0102418011352312,0.004485986668827179,0.015267071264202339
1.7958015760718271e-06,0.0002813391176861038,0.04087686253667452,0.010092949055310345,0.006185113867815279,0.009519511964572623
1.7958015760718271e-06,0.00010671149792250791,0.06454716503963745,0.00697149406836979,0.0028574023994246433,0.01293648406908847
1.7958015760718271e-06,0.00021276101840991978,0.0872957170045978,0.00913747978022087,0.004335221348133641,0.014199789982432274
1.7958015760718271e-06,3.48601459582346e-05,0.026061914474196805,0.004196559713733076,0.0019959602291972378,0.005578851962657284
1.7958015760718271e-06,2.424950449214869e-05,0.03537725472962588,0.007468900648760966,0.0041727176565503205,0.008265719808706986
1.7958015760718271e-06,0.00010237842471204583,0.07256381085008679,0.00561863482577961,0.0026534359620240386,0.010460425711596865
1.7958015760718271e-06,0.00013301163308877793,0.026901584591995695,0.004732281157184575,0.002369260542746921,0.005505299032149748
1.7958015760718271e-06,0.00029020820832405616,0.02856108617843613,0.005789543951617173,0.0030801513979643426,0.006532007425966687
1.7958015760718271e-06,0.00038772186218481415,0.06162638309347104,0.00559675231099169,0.003165626966661521,0.009304509084876235
1.7958015760718271e-06,0.0001390094881771687,0.02387364061543592,0.003671974733479798,0.0024009485440154876,0.004283428061290532
1.7958015760718271e-06,0.00010669651190910615,0.023219929700974105,0.004564301135460073,0.003874441258351972,0.004036108065022354
1.7958015760718271e-06,1.2222859712080364e-05,0.013973807094918791,0.0028638809083894167,0.0021267174790371057,0.002555382075463891
1.7958015760718271e-06,3.685065603263246e-05,0.019244259193197392,0.004427345949271562,0.002334476671343592,0.004744739953959588
1.7958015760718271e-06,0.00010222502265972451,0.01568707968119227,0.00432016562797215,0.0035051523756890017,0.003625812710713014
1.7958015760718271e-06,3.072153111165286e-05,0.015302937402188759,0.004105499963579894,0.0028298104712907697,0.003873323349113421
1.7958015760718271e-06,5.13655592314984e-05,0.018781818162535047,0.004065995778028967,0.0032795003643667307,0.004070157440065611
1.7958015760718271e-06,0.00010020694378311318,0.020214588187155616,0.004109698705302246,0.0033567366295856943,0.003500175165237632
1.7958015760718271e-06,6.23769385921808e-05,0.026273907988978183,0.003603071531959866,0.002472928134173439,0.00427472611517969
1.7958015760718271e-06,0.00020592849009280005,0.012071287685079445,0.0032940912529441247,0.001979788230383964,0.0030162247670864973
1.7958015760718271e-06,4.496837728910192e-06,0.013726445831785191,0.003968512942710559,0.003774307226906571,0.0035010731955552655
1.7958015760718271e-06,5.296291134763942e-05,0.015103272490901579,0.004050218609124496,0.002849635153909012,0.003467415012874451
1.7958015760718271e-06,4.551577426456331e-05,0.011280811541605745,0.0027958699750094563,0.0019339816513954762,0.0026377871491928386
1.7958015760718271e-06,0.00027904719897506054,0.014385499983554428,0.003698742855600431,0.0030371329601925658,0.0031341705106150593
1.7958015760718271e-06,9.252803683789434e-05,0.014977479868908005,0.0025942120682008224,0.0018140883644710436,0.0026744832659201705
1.7958015760718271e-06,2.584441326814058e-05,0.012340379498073763,0.003009504393214865,0.0021228132944631152,0.0026031584676312865
1.7958015760718271e-06,2.284632479771533e-06,0.016972553348532204,0.002811297038794991,0.0021533722694526093,0.002892168551012346
1.7958015760718271e-06,4.156441051666008e-05,0.01195238450234044,0.0024969035997586524,0.001700349685549997,0.002597795068269876
1.7958015760718271e-06,0.0001495635513304237,0.015279855154227534,0.004232784164529564,0.0033118383062516925,0.003683140139981032
1.7958015760718271e-06,3.242515062791518e-05,0.012190236634199221,0.002531690608351624,0.00202183559366206,0.0023767067062793403
1.7958015760718271e-06,4.952500726236713e-05,0.021527525806439733,0.003423141702597486,0.0024090367917886935,0.00409504550912215
1.7958015760718271e-06,3.029624046932556e-06,0.015444276019930057,0.0024965846319129335,0.0014774958482201921,0.0027860883712280834
1.7958015760718271e-06,7.623003554302183e-05,0.01107082443620465,0.0027328616285114066,0.0018463063295299444,0.0025139062705986383
1.7958015760718271e-06,3.271393213582584e-05,0.011912990105336875,0.0026966353503486617,0.001869963204587763,0.0026358663536112854
1.7958015760718271e-06,1.9180581045047057e-05,0.008003701104298303,0.0026536195884260256,0.0020415614468767204,0.002219672229457794
1.7958015760718271e-06,1.7322396703097924e-05,0.018458147806580266,0.003456017915273533,0.001891180618441846,0.004061244167841408
1.7958015760718271e-06,3.935653084657686e-05,0.014395728266518831,0.002559330688223907,0.0019745309203575063,0.0024688736714585497
1.1160547407331379e-06,1.1160547407331379e-06,0.009813551917126795,0.002450968246117834,0.002069978965147031,0.0023015792775587978
1.1160547407331379e-06,1.7561134155612018e-05,0.018330463674679012,0.0024967035495977634,0.0015196991233277935,0.002990903194188275
1.1160547407331379e-06,0.00011961105426819248,0.011981232175299197,0.0020553039123108402,0.0014600398689198517,0.0021424098600532084
1.1160547407331379e-06,1.8041245264007616e-05,0.013521262488279378,0.0025174673831643707,0.0017829886569780988,0.002516723792659964
1.0327806621533716e-07,1.0327806621533716e-07,0.005896394671178291,0.001526961859031248,0.0011522031531835104,0.0013247212324633373
1.0327806621533716e-07,6.850803266344807e-05,0.012368507066879374,0.0031400650825954913,0.0022112149911627894,0.002963302779165787
1.0327806621533716e-07,4.656027522465855e-06,0.007940627233037132,0.0017328453230745886,0.0009168306995402081,0.0017378062524055619
1.0327806621533716e-07,7.201058325580312e-05,0.015449562760720245,0.003308194652878762,0.002219856317904708,0.0035425381610285868
1.0327806621533716e-07,2.179916232243483e-05,0.005759557692075089,0.001601340900453548,0.0013185281216413218,0.0014657326916724565
1.0327806621533716e-07,0.00019305050294253216,0.017258900939238885,0.003837589592766814,0.0025256016395898023,0.003901469784579573
1.0327806621533716e-07,6.376141830950914e-06,0.0227324753277014,0.0012991874410732901,0.000539697798086836,0.0031916675202925565
1.0327806621533716e-07,3.543276320618283e-05,0.019289924595450994,0.0036151783688518156,0.002764220088516166,0.0036952052539663558
1.0327806621533716e-07,2.140976138392275e-05,0.019022523423931265,0.0016522961879292556,0.001018253205336907,0.002814367833591673
1.0327806621533716e-07,5.7158991895738834e-05,0.009542897672404061,0.002982304200447309,0.0020041247578009838,0.0027288790146514055
1.0327806621533716e-07,9.942499562673154e-06,0.007288888521982892,0.0018384287462641982,0.0014944295051238067,0.0014881519374494517
1.0327806621533716e-07,1.2576896787948303e-05,0.010570360752888442,0.002561806970733473,0.0014273578790434986,0.0026636507405251534
1.0327806621533716e-07,5.19022897465804e-05,0.009760309852025643,0.00212346380215062,0.0016006345070070668,0.0019062186122496122
1.0327806621533716e-07,7.311552819158732e-05,0.009705650817156204,0.0022287594555221945,0.0016129092802360803,0.0022905899474030566
1.0327806621533716e-07,3.3838665238392364e-05,0.007300854069726899,0.0018953474468683005,0.0012382573298817788,0.0018495014048013048
1.0327806621533716e-07,1.5797577833650165e-05,0.01648158736013284,0.0023569225738581355,0.001407169698978509,0.0029152293787086873
1.0327806621533716e-07,4.7914657186786004e-05,0.010649383487578058,0.0024712164757305847,0.0015533966029604431,0.002487756784713459
1.0327806621533716e-07,7.050270002081659e-05,0.008925193828440262,0.002111399802377109,0.0013466716275272851,0.0019593943213887075
1.0327806621533716e-07,6.585391925921887e-05,0.009404889157887411,0.0017835615356452217,0.0013212987451723924,0.0018387065622648582
1.0327806621533716e-07,0.00014828663540924358,0.00775720691220964,0.0019345861363946227,0.0015182762829557515,0.0017224422032315143
1.0327806621533716e-07,8.868801082857632e-06,0.008085299025783423,0.0016213364511560033,0.001245547766523943,0.0015943946458227471
1.0327806621533716e-07,1.2474933511126935e-05,0.005954798046824087,0.0015983441070013301,0.0010236619674642337,0.0012887755294583862
1.0327806621533716e-07,4.400072631684853e-07,0.006078389165297992,0.0013669702194369605,0.0009358028293640814,0.0013774049981276164
5.205918242956711e-08,5.205918242956711e-08,0.0078369582502996,0.0019816977087577918,0.0016324719996027512,0.001807974262506464
5.205918242956711e-08,5.6454232129263255e-06,0.005722251679707812,0.0012938151386746252,0.0007851610014535243,0.0012705168350471397
5.205918242956711e-08,7.372106280269412e-06,0.004937491128336161,0.001608109486383567,0.0013466462522228949,0.001300916736788522
5.205918242956711e-08,9.250554506418017e-06,0.003325578942418371,0.001013662972118822,0.0007502407363738149,0.0009201561951007569
5.205918242956711e-08,7.044530686459814e-05,0.006865081081933989,0.0019880239771764667,0.0015184882039342223,0.0015050560053207138
5.205918242956711e-08,6.124349296946941e-06,0.0028609116734625776,0.0006572534296965986,0.000455099115311322,0.000644418431012223
5.205918242956711e-08,2.742808257565932e-05,0.011716666651744898,0.0030042868818284676,0.0021388330519401737,0.0027762688991590477
5.205918242956711e-08,1.9590246980788564e-05,0.01244421539042361,0.0011891491137277486,0.0004445878509929004,0.002373920175633852
5.205918242956711e-08,8.174637432975325e-06,0.016712998848857397,0.0019702637825586796,0.0014090637462201273,0.002506009673254277
5.205918242956711e-08,5.7654625289844206e-06,0.00900787145840482,0.0009085370120943177,0.0004679812107622425,0.0014369033363592248
5.205918242956711e-08,5.314044419166328e-06,0.005880497148173267,0.0015390062902102598,0.0010515966768985868,0.0014191024692366602
5.205918242956711e-08,2.2243319522381424e-05,0.003060768340144281,0.0009760443926480444,0.0007662323676944906,0.0007954606310208791
5.205918242956711e-08,1.466297615116038e-05,0.009451036461183041,0.0019577107394789283,0.0011757036360527198,0.0020507395622039364
5.205918242956711e-08,1.5433172524134765e-05,0.008780273227448414,0.0010897274904178005,0.0007904379271850787,0.0013366827334427567
5.205918242956711e-08,2.551519946800588e-06,0.0065407638125215325,0.001230999555840827,0.0007606815191532467,0.0013041446987830478
5.205918242956711e-08,4.3945276937273095e-05,0.010391849674877881,0.0014276578573851478,0.0011405919408095612,0.00158337103060577
5.205918242956711e-08,4.159271913341742e-06,0.005963762142548734,0.0007713323508539178,0.0005129228284641768,0.0009629132360282789
5.205918242956711e-08,5.665191862104602e-06,0.005182597572635898,0.0012922907124844776,0.0009396128632427149,0.001254922118451343
5.205918242956711e-08,9.393889683529962e-06,0.002752075043166883,0.0007258003737138127,0.0005003226256680277,0.0006949457846848667
5.205918242956711e-08,4.311793003651461e-06,0.006541203903167043,0.001504033431861352,0.0012331603508553808,0.0013138409909135508
5.205918242956711e-08,1.961561822134438e-06,0.0042341293268131465,0.000692297519439245,0.0003728915255439018,0.0009082416054982274
5.205918242956711e-08,0.00011461682700684579,0.0046795887196850365,0.0015345992510264544,0.001304628802972608,0.0012731033919478332
5.205918242956711e-08,3.582638386214171e-05,0.0025805097219005293,0.0006276969982089063,0.00047845955429967244,0.0005937657432087187
5.205918242956711e-08,2.8801312429493773e-05,0.006638544492330884,0.0016207698507960035,0.0010897347768730275,0.001534687149167461
5.205918242956711e-08,2.800137654810891e-05,0.005016479543105795,0.0006718104855244545,0.00044081049432826054,0.0009026866423687803
5.205918242956711e-08,7.962236308487964e-06,0.0075619069861930606,0.0011726034666512562,0.0006291203101773058,0.0015064130429030386
5.205918242956711e-08,9.301645407139063e-06,0.004926826283865879,0.0007103359567636102,0.0005532578073782227,0.0007938430990240624
5.205918242956711e-08,5.416969970079823e-06,0.00488048337347356,0.000866249394273433,0.00043641443335109414,0.0010787454670479456
5.205918242956711e-08,5.02456561438725e-06,0.005128587444817213,0.0008978996217552408,0.0007226174439961181,0.0008670836317754749
5.205918242956711e-08,1.000396658568965e-05,0.0024864094032165072,0.000586836447343983,0.0003015452727403647,0.0006259403927973542
5.205918242956711e-08,7.623042925976878e-06,0.003791681690776146,0.0011485008011562963,0.001044047304648557,0.0008417513773235959
5.205918242956711e-08,2.812092762984178e-06,0.002211379136506189,0.0005302664948541417,0.00032544629158530447,0.0005484735732415531
5.205918242956711e-08,2.897967901143804e-05,0.006080436580106586,0.001494214504037505,0.0011493974201220872,0.0012935686870132487
5.205918242956711e-08,9.062382703215495e-06,0.006536825802532715,0.0008139370644664367,0.00046095666303870597,0.0011120958126312438
5.205918242956711e-08,1.9769438268842438e-05,0.0036763373523677973,0.0010476125902137087,0.0007465430037973675,0.0009944072634523473
5.205918242956711e-08,5.142254867231386e-06,0.007092166455967304,0.0007889242376133858,0.0003773247933342206,0.0010937565556012267
5.205918242956711e-08,2.4600651817771705e-05,0.0027569290841707316,0.0007203952191313565,0.0004918362971848428,0.0006651824806382155
5.205918242956711e-08,3.554086728541287e-06,0.004699426981219019,0.0008778818625297415,0.0006856585758165682,0.0009173296159105705
5.205918242956711e-08,1.0648340778847925e-05,0.002718075842466871,0.0005544246105984402,0.0003734706616830494,0.0005658753560164397
5.205918242956711e-08,1.6796597528730833e-05,0.00383429705152167,0.0008994271355331777,0.0007020826985960635,0.000870152225394465
5.205918242956711e-08,2.1664251209726265e-06,0.003404196648000393,0.000638891169127658,0.0004882288420421455,0.0006424156098553731
5.205918242956711e-08,2.052276018062415e-06,0.0037125532008342697,0.0006513412554553014,0.00042264723064019624,0.0006825727908002072
5.205918242956711e-08,1.0055912533891988e-05,0.001464386622165065,0.0004755540805216687,0.0003413330566758686,0.00038885158647121746
5.205918242956711e-08,4.8425022885858745e-06,0.006024949752399074,0.0008305454350967786,0.0005925371184264834,0.0009694443346223401
5.205918242956711e-08,4.516204498575844e-06,0.003369923963318181,0.0004036997292909269,0.00020546153921406607,0.0005898548476507707
5.205918242956711e-08,1.5619624161621402e-05,0.00472337668813243,0.0010081074583307228,0.0008965274846198021,0.0008362168477844413
5.205918242956711e-08,5.553068821909739e-07,0.0038539921296865836,0.0003851675882925404,0.000189682341321611,0.0007064359323874937
5.205918242956711e-08,1.7139476910597547e-06,0.0026807723836947284,0.0009584802531181004,0.0007974581746096057,0.0007433462762872593
5.205918242956711e-08,1.2846970820604762e-05,0.004864338911768691,0.0004395068505446097,0.00022198124793641353,0.0007804794563590612
5.205918242956711e-08,6.635569652951584e-07,0.00476209460146352,0.0007234022732187015,0.00042457639156253367,0.0007936542638229766
5.205918242956711e-08,2.399590158695178e-05,0.0016128413208156612,0.0004305283395090846,0.0003948249264156169,0.00036722560969191403
5.205918242956711e-08,2.9249393591892525e-06,0.0030783347827105455,0.0007236742316761551,0.0004925857964465223,0.0007209276227725023
5.205918242956711e-08,1.0280850041222224e-06,0.0024593063170640413,0.0004330262785954429,0.0002767578106969774,0.00045100687766898355
5.205918242956711e-08,2.9140177604653595e-06,0.0028187123715586685,0.000547481090444433,0.0003460696495639561,0.0006001877210671218
5.205918242956711e-08,1.1378630927951897e-05,0.001519273687767367,0.0004046895142704447,0.0002501304050293829,0.00038313932149158396
5.205918242956711e-08,4.321026848722617e-05,0.0037291621735081304,0.0006084218296015598,0.0003904875367819916,0.0007288045018521319
5.205918242956711e-08,9.094569271678158e-06,0.0031148725191031752,0.0004163846422011073,0.000256133964228162,0.000522861947665293
5.205918242956711e-08,1.2689030648079615e-05,0.0022943449694670867,0.0004948759965250791,0.00033439320550996576,0.00046883330056680505
5.205918242956711e-08,1.1293634910079957e-06,0.00254788924924067,0.0003388035309605382,0.00021181283133502772,0.00045617950556898617
5.205918242956711e-08,4.798682515577299e-06,0.0020115279187981026,0.00044374769323324596,0.0002935120315205183,0.0004522010650426051
5.205918242956711e-08,8.309817869657708e-06,0.0022858381737462545,0.000400197817054574,0.00027142198453767685,0.00039561861052512083
5.205918242956711e-08,3.1877760704921134e-06,0.0018647842191803026,0.0003712688472233218,0.00027998907266913803,0.00033521877293757454
5.205918242956711e-08,7.4905317789353645e-06,0.0013879340174305435,0.00033245923539884615,0.0002466528708193697,0.0003284523683461974
5.205918242956711e-08,1.1194485060543645e-06,0.0017702301171245885,0.00044959275405334403,0.00037295545488119473,0.00037614408214221357
5.205918242956711e-08,7.462237493121341e-06,0.001000224741561288,0.0002779968604729883,0.00022183430341236524,0.0002433228118062564
5.205918242956711e-08,1.9056208808081882e-06,0.0019239847043437844,0.0004521214934348523,0.00023201134047721664,0.0004893754377372529
5.205918242956711e-08,2.841908460442648e-06,0.0025036865923665124,0.00035659014629824755,0.00024940768628990516,0.000400028263071766
5.205918242956711e-08,1.084686201721183e-06,0.0031034023126327286,0.0003604019666061975,0.00015744178275617864,0.0005558365078644784
5.205918242956711e-08,5.909758109970644e-07,0.0015240637740935184,0.00032556431600388997,0.00024206019030454938,0.0003451629747014602
5.205918242956711e-08,4.071240511652314e-06,0.0024497976413296397,0.00043235877751714337,0.00032787569936169636,0.00043938239291867453
5.205918242956711e-08,6.4089375213795315e-06,0.0015337650221585722,0.00026215311204008147,0.00017569658655481072,0.00032169796246966237
5.205918242956711e-08,4.042470403361976e-06,0.0019498574694960075,0.00045740678505978724,0.0003194834019237279,0.00042946922247895787
5.205918242956711e-08,7.289612530176238e-06,0.002854925050685346,0.0004384505343628332,0.00028679941432603465,0.0005042459028726943
5.205918242956711e-08,3.275071266369186e-07,0.0018404914675560211,0.000311612340380724,0.00019663207164936756,0.00034937313353544647
5.205918242956711e-08,5.371377919645073e-06,0.0021935979160479526,0.0003753822299037885,0.00025772695388698644,0.0004131267982983413
5.205918242956711e-08,4.829703724729971e-06,0.0016190458877144184,0.0002654239826754736,0.00010568206189796961,0.0003542887261763197
5.205918242956711e-08,3.8967438691918093e-07,0.001813474358722617,0.0003321900106657543,0.00020903830993572285,0.0003650813048660994
5.205918242956711e-08,5.614092954555417e-07,0.0015901668046934027,0.00023902883359693295,0.00011168060075589714,0.0003266373228401798
5.205918242956711e-08,1.6845228980097464e-06,0.0018580601285610545,0.00035240144426632795,0.00022595835256912966,0.0003970810653879441
5.205918242956711e-08,1.3822360674664184e-05,0.001982201765387556,0.00027106625300901536,0.00018253264530854922,0.00030552867525002935
5.205918242956711e-08,9.362278284596098e-07,0.0011091349821729193,0.0002655734800378802,0.0001719906285696968,0.00027162609906293057
5.205918242956711e-08,3.966909473891315e-06,0.0015285228593289089,0.0002784296814056144,0.00017797938522462345,0.000317741855557505
5.205918242956711e-08,1.764345897667491e-06,0.0010491019175626886,0.00022969941022670442,0.000172109221215809,0.00024543545926024156
5.205918242956711e-08,2.9108696050299406e-06,0.0016161049930046658,0.00028629222277456437,0.00019236178935618631,0.00029813273070395914
5.205918242956711e-08,4.4853331829597065e-06,0.001166335990409998,0.00022337147060766881,0.00013325521314972724,0.0002558320405078731
5.205918242956711e-08,1.0087706273158223e-05,0.002007774402317432,0.0003782979019866458,0.00019857326804111427,0.0004093363053794181
5.205918242956711e-08,9.251688762287156e-07,0.0024722353858736452,0.0002063040472633297,7.794798549770761e-05,0.00044681255373510897
5.205918242956711e-08,5.245603744138215e-06,0.0012255659822217276,0.00029238368129715255,0.0002005241055507272,0.00026854626226372467
5.205918242956711e-08,2.461993562037121e-06,0.003585937967028935,0.00025148146977402633,0.00012437014011413525,0.000521508370820101
5.205918242956711e-08,7.938995094806542e-06,0.0018060246391183301,0.00024950584164157926,0.00014186600916189898,0.0003395094317351455
5.205918242956711e-08,3.830508732313925e-06,0.0009521112212636108,0.0001562500584187375,9.994897635971832e-05,0.0001782857445145938
5.205918242956711e-08,2.1559289751599546e-05,0.0008991436805368432,0.0002449522106600698,0.0002141762553908467,0.00019517836869438983
5.205918242956711e-08,1.8677556769973157e-06,0.0011239521004333473,0.00012368757285021917,5.944592984863845e-05,0.0002040823158189361
5.205918242956711e-08,1.7686974745838814e-07,0.0018397485434788793,0.0002668818217409329,0.00021048003801274527,0.00029835482003342205
5.205918242956711e-08,9.818047340930937e-08,0.002149378628168853,0.0001633698920723464,9.401952291445761e-05,0.00030926173233562104
5.205918242956711e-08,8.040238033886294e-06,0.001511629840275312,0.00023717780791693516,0.0001425323212681636,0.0002553919465156064
5.205918242956711e-08,1.1602733196989883e-06,0.0016924696533279404,0.0001753832258400948,8.655762286114194e-05,0.0002594909925540126
5.205918242956711e-08,2.7991192632942115e-06,0.0006075249841687188,0.0001704274092502447,0.00012614821180023837,0.00014741094199223684
5.205918242956711e-08,5.649266105695102e-08,0.00078836980493931,0.00016180598848600556,0.00010859762065285319,0.00015187835324165897
5.205918242956711e-08,2.8624382424085315e-06,0.0008929869067510486,0.00011145976534262945,5.5750696829821404e-05,0.00015521705243432587
5.205918242956711e-08,8.76144280752617e-06,0.0007706728117463715,0.00021726495163366472,0.0001613596824377864,0.00018427012470662775
5.205918242956711e-08,5.922272452474182e-07,0.0003652148018923672,9.897230080716242e-05,5.8288585940404664e-05,9.888543049759753e-05
5.205918242956711e-08,7.051340952870899e-06,0.0006130768308410498,0.00022242410350216746,0.00022734647644036257,0.00013729368924806723
5.205918242956711e-08,8.269148951215574e-07,0.00031929439127928325,7.874010090523444e-05,4.665006926487541e-05,7.855467827436451e-05
5.205918242956711e-08,1.1956681892138614e-06,0.0009547256078020965,0.0002943339019034692,0.00025647741641436937,0.00021940885308196332
5.205918242956711e-08,8.189166306302183e-07,0.0004923100870478349,0.00010572012790812227,8.242023109548467e-05,9.454362805145234e-05
5.205918242956711e-08,2.518949806700677e-07,0.0008162260489881794,0.0001822633084179999,0.0001344377772143661,0.00018256155693603462
5.205918242956711e-08,5.593384986628593e-06,0.0010162203301720544,0.00010539780427071458,7.868178014742878e-05,0.0001492730916266741
5.205918242956711e-08,8.2540617392293e-06,0.0006794238550656929,0.0001350674217973184,8.76021704207746e-05,0.00013230246239932138
5.205918242956711e-08,3.5673674180077975e-07,0.000583345232552547,0.00010649284590941793,9.726678685117395e-05,9.49125775504921e-05
5.205918242956711e-08,1.9005432656655146e-06,0.0004892939772488756,0.00011475437860492201,9.041654398969792e-05,0.00011230113218424849
5.205918242956711e-08,2.2627185449298917e-06,0.0007024539900739243,0.00017393736766461982,0.00010725463351530098,0.00016752467231880664
3.553104549862828e-09,3.553104549862828e-09,0.0006462756264036096,0.00014985304327396623,0.00011465208700612157,0.00012798346033890908
3.553104549862828e-09,1.3584479540017687e-06,0.000603064510703678,0.00011813006530487637,6.553891801413072e-05,0.00013753457800134717
3.553104549862828e-09,7.392613514742402e-07,0.0006370015387590557,0.00014643002297009432,0.00010397059344598624,0.00012456215976137627
3.553104549862828e-09,1.7012533537038423e-07,0.000930835048850621,0.0001233577080166096,7.28345001782443e-05,0.0001622875711647313
3.553104549862828e-09,2.4619383299045805e-06,0.00048423493016902454,0.00010835822715737114,8.161012810670657e-05,0.00010404686048080513
3.553104549862828e-09,1.402257490875469e-06,0.0009168099825075837,0.00014197183551230188,8.86983888752539e-05,0.00015922904238488362
3.553104549862828e-09,1.2641756304717408e-06,0.0016790605240283888,0.00012160447644662094,4.642705449697305e-05,0.00023904124839565382
3.553104549862828e-09,4.5113503671887326e-07,0.0007838035776557231,0.00012058008893036408,7.43013364457799e-05,0.0001436556300670598
3.553104549862828e-09,1.611784420299671e-06,0.00047105520971666787,9.129655266092904e-05,7.452776414110395e-05,8.879997704543561e-05
3.553104549862828e-09,1.1943920000795486e-06,0.0010353771838746133,0.00013281587914543592,7.258383179971223e-05,0.00016489887936884775
3.553104549862828e-09,5.0880542024804686e-06,0.000693631600754053,0.00010113702257820397,6.233880006038532e-05,0.00012318903303139018
3.553104549862828e-09,1.5564618236812681e-06,0.00047112630255024353,0.00011290699683102252,8.10191574064298e-05,0.00011667079702540129
3.553104549862828e-09,1.2700637994140173e-07,0.00040249917649137453,7.977243071634029e-05,4.417248248353655e-05,8.471640087393936e-05
3.553104549862828e-09,7.916248209904119e-07,0.0004074724819873908,9.309369410952639e-05,7.526623306378661e-05,8.33301321287184e-05
3.553104549862828e-09,4.225897190652479e-07,0.0005797997708053656,8.883114323047794e-05,4.8426097903143844e-05,0.0001134023852633516
3.553104549862828e-09,3.4013159810946697e-06,0.0005578847460249843,8.436367323428286e-05,4.9292772860694417e-05,9.132245302274142e-05
3.553104549862828e-09,5.2621292318602456e-08,0.00037593191014838605,8.042590455355398e-05,4.70476229777985e-05,8.792806903512957e-05
3.553104549862828e-09,1.233801100115438e-06,0.0002621501174052318,8.91520205372471e-05,6.727151892035139e-05,6.569406514973821e-05
3.553104549862828e-09,1.9190954180979455e-06,0.0003462044358030374,7.825522925095352e-05,5.362734663378129e-05,6.987022634415819e-05
3.553104549862828e-09,1.2778229362304006e-06,0.0003198631580264664,7.280791101747086e-05,4.717584590833847e-05,7.370634021024253e-05
3.553104549862828e-09,7.481134815682578e-06,0.00026828759109713747,9.5032830856288e-05,7.601052610400734e-05,6.415679158354483e-05
3.553104549862828e-09,7.362816915827997e-07,0.00021042967656834382,6.667047225625634e-05,3.770006368071482e-05,6.037500227240891e-05
3.553104549862828e-09,2.418726362163715e-06,0.0003895613521900682,8.810988482893504e-05,6.732050558989539e-05,8.798151882374297e-05
3.553104549862828e-09,4.051775259420101e-09,0.0002644736824411771,5.709526382852124e-05,3.217210438521898e-05,6.274561469272659e-05
3.553104549862828e-09,2.968407200758107e-06,0.00043518102590132067,0.00012206401619941937,8.013822046444428e-05,0.00011299408380404718
3.553104549862828e-09,2.3158338503688585e-08,0.00020875236766925828,5.985393148795355e-05,5.325492610822135e-05,5.5286081055012974e-05
3.553104549862828e-09,1.0791023399303514e-06,0.0003754783640546283,9.671197438003064e-05,7.680078484504924e-05,8.718192936296924e-05
3.553104549862828e-09,1.0104179456147644e-08,0.000491003966972092,5.749490002677114e-05,2.7270319112762427e-05,8.399647207520057e-05
3.553104549862828e-09,2.1982644118376537e-07,0.0005925662002661104,8.681470196760951e-05,6.240175273497137e-05,0.00010728282583154351
3.553104549862828e-09,1.2654187149769078e-06,0.0002518684049902559,6.279483247698636e-05,4.2947809701231e-05,6.153462511807163e-05
3.553104549862828e-09,2.2164138102248855e-06,0.0004984371645430002,0.0001096079958134089,9.164310234489734e-05,0.00010142722256077762
3.553104549862828e-09,1.1172462460012592e-06,0.00021538500581344414,5.19135126639486e-05,2.7269170643162746e-05,5.963165644112408e-05
3.553104549862828e-09,3.345799308568519e-07,0.0005756517011015823,0.00012192602369806479,9.22213372834849e-05,0.00012188073807560152
3.553104549862828e-09,2.261120437733437e-06,0.0009873438324352034,7.384544991661775e-05,2.7047980655322054e-05,0.00014939101599287206
3.553104549862828e-09,2.46763306110923e-06,0.0003388660756168529,8.927907053485049e-05,5.0117245968404154e-05,9.541827205289337e-05
3.553104549862828e-09,8.067563928569396e-07,0.0005236967679758703,7.671161455692673e-05,4.496305967337158e-05,9.423966144926383e-05
3.553104549862828e-09,9.65891246891606e-07,0.0006260262729090353,4.7875052320019314e-05,2.380970952504574e-05,9.1571124964798e-05
3.553104549862828e-09,2.650378627250671e-07,0.0003065587924920841,6.743349757824658e-05,4.573771270357281e-05,6.509268558457647e-05
3.553104549862828e-09,2.1557646535139378e-07,0.0005387083399368436,6.775147763638226e-05,3.22404863099016e-05,0.00010267427022455542
3.553104549862828e-09,7.099813866887553e-07,0.0003579939353373436,5.805779394271762e-05,3.164262293000442e-05,7.801013372042428e-05
3.553104549862828e-09,2.671498964476728e-07,0.0003134689542331102,5.769416702096548e-05,3.752749553399034e-05,6.570075289961285e-05
3.553104549862828e-09,4.971478337007991e-07,0.00011521701226191149,3.9023109257186884e-05,3.3033880014828715e-05,3.222781285109222e-05
3.553104549862828e-09,1.4589603347437822e-06,0.0005546990560264091,9.269428467206716e-05,7.934193523743353e-05,8.34940903551598e-05
3.553104549862828e-09,9.255575425787495e-08,0.0007526809299985677,4.042215549606765e-05,1.5202742045622232e-05,0.00010504218253044601
3.553104549862828e-09,1.2055858240155983e-06,0.000223409548717582,7.003671392872479e-05,5.4817331605862534e-05,5.463694744839064e-05
3.553104549862828e-09,1.08627272557476e-06,0.0001370076756782358,3.475332160141675e-05,2.76289810351622e-05,3.0636223129380196e-05
3.553104549862828e-09,5.299957470744732e-07,0.00032195346336018403,8.637611464124303e-05,6.470799531500416e-05,7.697634392033653e-05
3.553104549862828e-09,1.248140397592676e-07,0.0004622361857459014,4.3008297639081986e-05,1.714954863720796e-05,7.196748621455058e-05
3.553104549862828e-09,2.727384911102119e-07,0.00022711948830458805,6.003531460583252e-05,3.56923748738226e-05,5.5932498750193305e-05
3.553104549862828e-09,5.63036150902587e-08,0.000169340246089411,2.8059926399928165e-05,1.7794325817351966e-05,3.232627565262593e-05
3.553104549862828e-09,7.155216557077528e-08,0.0002000602980311259,5.49237528832041e-05,4.0037853184942295e-05,5.201814230305839e-05
3.553104549862828e-09,1.8118894221968123e-06,0.00016384191111094666,5.1648769857206844e-05,4.58038899317848e-05,3.9652690653030113e-05
3.553104549862828e-09,1.3240014764594851e-07,0.00019699791106442336,4.5021480731041077e-05,2.6700153458424447e-05,4.981502771452671e-05
3.553104549862828e-09,3.5650755944516684e-07,0.00020027297564550035,4.246949553644867e-05,3.3594410670229015e-05,3.949643279362175e-05
3.553104549862828e-09,6.737101116882202e-07,0.00015621434699749446,3.302074283428393e-05,2.546413103517698e-05,2.9773758196859135e-05
3.553104549862828e-09,5.237826496498291e-07,0.00022195319536678828,3.7738358182571626e-05,3.0333136699086857e-05,3.680833660341746e-05
3.553104549862828e-09,4.270151330864873e-07,0.00012612762618804648,2.826527075133116e-05,2.0534837213258617e-05,2.888111724540843e-05
3.553104549862828e-09,4.3108673310617657e-07,0.00028560977447229384,5.1200203138365623e-05,3.782773031259535e-05,5.069084153055443e-05
3.553104549862828e-09,1.7135954632317149e-07,0.00019295737923651584,3.202747702146764e-05,2.0097275641689867e-05,3.763126057293483e-05
3.553104549862828e-09,1.4658590274368455e-06,0.0001683837760190627,4.7964729490790606e-05,3.6883869155812364e-05,3.786277389743938e-05
3.553104549862828e-09,2.777441920154057e-07,0.00018671177947609982,2.874632270126607e-05,1.7573083476398797e-05,3.313674248453575e-05
3.553104549862828e-09,1.5094339151570649e-06,0.0002877852483899986,3.9720130777541146e-05,2.716199818983013e-05,5.004601477383393e-05
3.553104549862828e-09,5.5626318495078774e-08,0.000120018799875137,2.541382312242311e-05,1.7449962655113713e-05,2.5594803904460483e-05
3.553104549862828e-09,6.821915948928341e-07,0.000125110675081183,2.9891281586351938e-05,1.9113153004686965e-05,3.03989999324356e-05
3.553104549862828e-09,8.15804463755822e-07,0.00016094605936506267,3.9179936308627695e-05,2.939996909597124e-05,3.501134268348613e-05
3.553104549862828e-09,2.247338620461158e-07,9.532117271266969e-05,2.5329509388771894e-05,1.785807090103956e-05,2.3790397435403812e-05
1.0649285591529108e-09,1.0649285591529108e-09,0.0002151958556212297,4.218537072185381e-05,3.049095742012901e-05,4.422495233081805e-05
1.0649285591529108e-09,2.7161152175357995e-07,0.00012497077876432992,2.1700062418082122e-05,1.2742512790469884e-05,2.3997508728190634e-05
1.0649285591529108e-09,2.5762725239603443e-07,0.00035245512502358046,4.4959373967075366e-05,3.112545259794057e-05,5.604491757886166e-05
1.0649285591529108e-09,3.968736136135827e-07,0.00023047269671386999,2.2283204717457877e-05,1.1628085652778464e-05,3.743346983332706e-05
1.0649285591529108e-09,3.3180700142374584e-07,0.00013283330485596809,3.544318497696034e-05,2.2366666272754164e-05,3.2932582441127096e-05
1.0649285591529108e-09,2.3019902041782436e-07,0.00010240840541259618,2.4232919308257846e-05,1.561326086169571e-05,2.5383444977337557e-05
1.0649285591529108e-09,2.940736203888706e-07,0.00016539679467731554,2.4291337436232712e-05,1.4966809551537452e-05,2.77764772859915e-05
1.0649285591529108e-09,7.901993191701414e-07,0.00010779817832165041,1.9421710886963918e-05,1.3819558209838415e-05,2.1519185916844892e-05
1.0649285591529108e-09,1.1086057872859869e-07,0.00013735141476657001,2.6120746181906473e-05,1.637884315192605e-05,2.7037812634828676e-05
1.0649285591529108e-09,3.1357035497850435e-07,8.670916496217104e-05,1.9772347664518078e-05,1.458218752434505e-05,1.8906221325339842e-05
1.0649285591529108e-09,2.1577202523503988e-06,0.00010019573118512633,2.548151370768555e-05,1.432781854479994e-05,2.517030808036147e-05
1.0649285591529108e-09,1.5447910567265645e-07,8.583165754416701e-05,1.947699786540711e-05,1.376928125111161e-05,2.0656498987199426e-05
1.0649285591529108e-09,1.7484455579482258e-07,0.00010589034713085843,2.1429544813907826e-05,1.7389155500804015e-05,1.9705089905983674e-05
1.0649285591529108e-09,5.914117217988038e-07,6.821124387055237e-05,1.710400880996983e-05,1.025911287723178e-05,1.6365190752892255e-05
1.0649285591529108e-09,1.8272079446307445e-07,0.00012318246112064845,2.036875284799475e-05,1.541883459262669e-05,2.109605414761213e-05
1.0649285591529108e-09,4.110347115366271e-08,0.0001435267803339146,1.5852801224286953e-05,7.462216340029984e-06,2.3852872349969223e-05
1.0649285591529108e-09,8.765150307474145e-09,8.239847784242319e-05,2.2703254808704633e-05,1.7338872634400323e-05,2.195437883085576e-05
1.0649285591529108e-09,1.6561420488087725e-07,0.00019918921680902032,2.3556003302403957e-05,1.558573410059009e-05,3.057566160252997e-05
1.0649285591529108e-09,4.668701563830044e-07,0.0003691507647454418,2.384677011084229e-05,1.2655485842120585e-05,5.120261132183648e-05
1.0649285591529108e-09,5.613109667662044e-07,0.00016762212161877606,1.8446114417768194e-05,1.0074968027041598e-05,2.66082720761726e-05
1.0649285591529108e-09,2.6530598188267833e-07,6.650180476079832e-05,1.6472808894330184e-05,1.1684275608619974e-05,1.7476150047537244e-05
1.0649285591529108e-09,4.6983142917265164e-07,9.354984371203328e-05,1.9767425960955014e-05,1.6592234940826823e-05,1.8846105219115378e-05
1.0649285591529108e-09,2.4439030921393782e-08,7.806488395605042e-05,1.2041698023171143e-05,7.1327913454593815e-06,1.5256996770416529e-05
1.0649285591529108e-09,3.860964453922625e-08,0.00013801084889949572,2.5308420544002605e-05,1.9901082348724216e-05,2.3371339492363143e-05
1.0649285591529108e-09,2.5442887278956194e-07,0.00010388807688901195,1.4763359150938043e-05,8.748706380157372e-06,1.987125530468225e-05
1.0649285591529108e-09,2.2794708416404207e-07,6.355759345391886e-05,2.119683055216896e-05,1.8080925364529418e-05,1.7025249588739613e-05
1.0649285591529108e-09,3.9972963640412437e-08,7.377548408172989e-05,1.724861265689702e-05,1.4592054487723644e-05,1.5090504883383525e-05
1.0649285591529108e-09,2.0585209881090242e-08,6.570516906688908e-05,1.7769152695046063e-05,1.5101878838915497e-05,1.582570793641313e-05
1.0649285591529108e-09,8.49978030172e-07,6.323986514254239e-05,2.0412482814018973e-05,1.578148222688801e-05,1.6115093489729403e-05
1.0649285591529108e-09,2.4253904354809286e-07,8.937567555326006e-05,1.7154547339191306e-05,8.82806235908575e-06,2.0113499282574284e-05
1.0649285591529108e-09,6.16436433699515e-07,9.551821224900464e-05,1.7220744159614414e-05,1.3221480068358887e-05,1.6880704449202114e-05
1.0649285591529108e-09,8.45733325880298e-08,5.5849180651358076e-05,1.6179375578336137e-05,1.176333762062753e-05,1.3934505912510985e-05
1.0649285591529108e-09,4.053375920486341e-07,0.00011659445649144805,1.786071051631896e-05,1.4653710303524156e-05,1.7890031750012294e-05
1.0649285591529108e-09,2.5226332990103665e-08,0.0002070423016056605,1.4433002163662135e-05,6.7830708368457895e-06,3.0230199811402074e-05
1.0649285591529108e-09,2.0925486122589689e-07,0.00010134545921646997,1.682676737101021e-05,9.49361191300065e-06,1.9491080430866655e-05
1.0649285591529108e-09,2.436650582880687e-07,3.310663220013337e-05,1.1056552828399626e-05,8.927637284687028e-06,9.318199392435749e-06
1.0649285591529108e-09,1.3065343332940528e-06,8.99124383370037e-05,2.3009013012032928e-05,1.9020757311707835e-05,1.8689181150944123e-05
1.0649285591529108e-09,4.871522545706123e-08,4.4722224194167235e-05,6.556939968223964e-06,4.275545170809018e-06,8.29322765516823e-06
1.0649285591529108e-09,9.286203290872491e-08,8.373987244063449e-05,2.3621228145106468e-05,1.828974533767016e-05,1.9008048392488674e-05
1.0649285591529108e-09,9.119705457941245e-08,9.880756879188533e-05,1.0911708016589199e-05,5.551921313090087e-06,1.637122257691482e-05
1.0649285591529108e-09,4.3409208711312294e-07,7.410254526099978e-05,1.4992959176551466e-05,1.1176570285383606e-05,1.4844448238051272e-05
1.0649285591529108e-09,1.201321369007999e-07,0.00012841176316874574,1.1197770149964166e-05,5.759966060076926e-06,1.9415543769873994e-05
1.0649285591529108e-09,1.8830613481787127e-07,0.00011355726247913651,1.6705436932593188e-05,1.0858985662564633e-05,2.1649829091811426e-05
1.0649285591529108e-09,1.9227078753418455e-08,7.657268730768112e-05,7.980715496340342e-06,3.6423000878728732e-06,1.278059952876284e-05
1.0649285591529108e-09,4.410173989248158e-07,4.506102058910174e-05,1.2873054726156412e-05,9.085657152977915e-06,1.100873662040346e-05
1.0649285591529108e-09,3.030427764064243e-07,3.260986447960954e-05,1.0346640033771085e-05,7.724839963490024e-06,8.370364593457024e-06
1.0649285591529108e-09,1.3813297643387969e-07,7.813217270856451e-05,1.4276550722731223e-05,9.832766411009972e-06,1.4635080310356331e-05
1.0649285591529108e-09,8.373133367481859e-08,5.800662542505477e-05,7.468821963064385e-06,4.68605226744969e-06,1.0425480389010825e-05
1.0649285591529108e-09,3.8788760340659724e-08,8.044207020519135e-05,1.4045526863769736e-05,1.050801947427596e-05,1.4184658353887136e-05
1.0649285591529108e-09,2.130765429786976e-08,8.555906777433368e-05,9.465845731497362e-06,4.831294200222293e-06,1.3693925873085214e-05
1.0649285591529108e-09,8.882193827399556e-08,5.254270141240074e-05,1.1122334541220292e-05,1.031798635818123e-05,9.24055339281063e-06
1.0649285591529108e-09,3.61947525596687e-08,5.308467218036183e-05,6.041415141916916e-06,3.026232844861663e-06,9.367486786109318e-06
1.0649285591529108e-09,2.2051852701011063e-07,3.1404066511191905e-05,1.0155477675842368e-05,6.5861107572847414e-06,9.655069539254475e-06
1.0649285591529108e-09,6.605076676306065e-07,3.6862913519580525e-05,1.1568389218672803e-05,1.0057589980033768e-05,9.720118775112087e-06
1.0649285591529108e-09,2.271730950928799e-08,2.968579740339535e-05,7.1320883513213445e-06,5.431688829140758e-06,6.388891305343593e-06
1.0649285591529108e-09,4.616438052002153e-07,4.1337613002856836e-05,1.3167658788879354e-05,9.8783980096998e-06,1.1722470795002459e-05
1.0649285591529108e-09,3.457063344708898e-07,3.613667966719711e-05,8.230603942103084e-06,6.01915961226968e-06,7.768381897455682e-06
1.0649285591529108e-09,1.5060774052750812e-07,5.028677391888228e-05,9.481095766540517e-06,6.853977122413561e-06,9.862350749936336e-06
1.0649285591529108e-09,2.6202160236298376e-08,6.363770643090122e-05,7.710659450012074e-06,4.691265251029632e-06,9.914405764110368e-06
1.0649285591529108e-09,9.653067093978194e-08,5.202524984475658e-05,8.455584640956989e-06,6.777526366294091e-06,9.19221920501888e-06
1.0649285591529108e-09,1.1077878172226479e-08,4.47233094293282e-05,7.280022250000277e-06,3.916962768609913e-06,9.005543114198759e-06
1.0649285591529108e-09,1.1149457104747506e-07,5.947093554808692e-05,1.0908916135651714e-05,9.983479198945182e-06,1.1427191313854106e-05
1.0649285591529108e-09,2.518583031281667e-08,3.758771060909628e-05,7.224590501598124e-06,3.1464814775307147e-06,9.11379322987688e-06
1.0649285591529108e-09,2.0872976797957756e-07,4.8003028229663935e-05,1.2206295267315733e-05,1.0911297564835735e-05,9.271538458711597e-06
1.0649285591529108e-09,1.111826825392273e-09,3.5511127348563856e-05,5.083814398182649e-06,3.2594483224813293e-06,6.884590169371762e-06
1.0649285591529108e-09,1.3595859237359784e-07,6.518466289529038e-05,9.488733138986258e-06,7.371818099252116e-06,1.1191529894543427e-05
1.0649285591529108e-09,2.8776843397342564e-07,4.479157068241022e-05,5.317406530106637e-06,4.139666514514474e-06,6.9291658711635215e-06
1.0649285591529108e-09,4.570210293639809e-08,3.018320761126371e-05,8.005729118439648e-06,3.881905581688338e-06,8.458716964312243e-06
1.0649285591529108e-09,3.40877727104777e-07,2.791742642662719e-05,6.861120921326461e-06,4.582581811567114e-06,6.178787032632584e-06
1.0649285591529108e-09,9.140410161352483e-08,2.400735549426226e-05,5.5181748038141995e-06,4.0579553959786975e-06,5.234302248897161e-06
1.0649285591529108e-09,1.438089523722451e-08,1.9044490767383285e-05,5.365873508568124e-06,3.4479512944836194e-06,5.112593733163766e-06
1.0649285591529108e-09,2.543721820849878e-07,3.4478878044434053e-05,6.55977913404882e-06,3.576820138156627e-06,6.591600201394368e-06
1.0649285591529108e-09,2.0138179314079616e-07,4.286801084415892e-05,5.231380323303113e-06,3.314180339859892e-06,7.094872093075463e-06
1.0649285591529108e-09,1.2080614878342145e-07,3.650138450694556e-05,6.14629329208654e-06,3.976742304512335e-06,7.24405192161789e-06
1.0649285591529108e-09,4.710336723034671e-08,3.3481354698382035e-05,4.973201326549111e-06,2.778688600213394e-06,6.432611495840616e-06
1.0649285591529108e-09,2.5494002457176256e-08,2.0615142503084008e-05,4.696166560686908e-06,3.3878822511928765e-06,4.652785327382937e-06
1.0649285591529108e-09,2.0093904753564604e-07,3.042017573343434e-05,6.897490761145012e-06,5.633198637123461e-06,6.484680693396377e-06
1.0649285591529108e-09,4.114148599469614e-08,1.539862096384185e-05,3.5085757540736378e-06,1.816968236002313e-06,3.985716708667153e-06
1.0649285591529108e-09,1.4198721989883945e-07,3.5901330291075625e-05,7.947835941582232e-06,6.2618206839272915e-06,7.790970715491697e-06
1.0649285591529108e-09,3.3382182864585964e-08,3.417764208051616e-05,5.2302567436473755e-06,2.6508430279093767e-06,6.704110450349124e-06
1.0649285591529108e-09,1.6664456326413774e-08,2.4452872494348012e-05,6.6035717423558665e-06,3.9957539254411e-06,6.133692473480857e-06
1.0649285591529108e-09,4.135976956425988e-08,3.066942289485268e-05,4.83936068775406e-06,3.462975700120052e-06,5.2575417042222154e-06
1.0649285591529108e-09,1.3598397354888406e-08,3.507644503045735e-05,4.898093622953132e-06,2.7897484154742424e-06,6.711377375186577e-06
1.0649285591529108e-09,2.6432535832232535e-07,1.3608029554940652e-05,4.007957294741827e-06,2.447031273160608e-06,3.345013394269281e-06
1.0649285591529108e-09,1.4380190107251022e-07,1.9443944040439978e-05,4.714776098362261e-06,2.912621750361143e-06,4.620890744830386e-06
1.0649285591529108e-09,6.586600182641845e-08,1.832951883837546e-05,4.143188944890003e-06,3.095681568999808e-06,3.76082120879906e-06
1.0649285591529108e-09,1.6531902746935752e-07,1.483055198184381e-05,2.8379903118666175e-06,1.960207795875537e-06,2.9632116049218124e-06
1.0649285591529108e-09,4.1406632426043295e-08,1.5150028968426696e-05,3.6778546980934724e-06,2.3574201253455807e-06,3.5515511153643803e-06
1.0649285591529108e-09,3.971813090822106e-08,1.5123206910403874e-05,3.4493099170866515e-06,2.86176667834114e-06,3.0849983767442685e-06
1.0649285591529108e-09,1.0841792143226401e-07,3.413233168485949e-05,4.331995712324188e-06,2.4420299937806276e-06,6.247862071515995e-06
1.0649285591529108e-09,3.561537040258429e-08,1.7092704014425104e-05,3.35387614151269e-06,1.6356882985207965e-06,4.118688260651311e-06
1.0649285591529108e-09,1.0961324298407972e-07,1.3998722352345088e-05,3.6242164150656953e-06,2.8869719957246263e-06,3.014603066243488e-06
1.0649285591529108e-09,1.881837940895989e-07,1.1198592615781187e-05,3.2311382254907967e-06,2.543572256134691e-06,2.7505808688954676e-06
1.0649285591529108e-09,1.5400460866021418e-07,1.7256308799513804e-05,4.595706664301334e-06,2.960013421248382e-06,4.516429690627536e-06
1.0649285591529108e-09,2.298579119734515e-08,1.62321624686199e-05,4.366118242906683e-06,2.7644079477620665e-06,4.155800873415581e-06
1.0649285591529108e-09,2.803607118509964e-08,1.7000289091855892e-05,3.871641273744652e-06,3.2320057790865634e-06,3.6803301355402155e-06
1.0649285591529108e-09,1.5752401154260543e-07,1.1890959294329363e-05,2.9897124306452967e-06,1.9820223847840625e-06,2.9459713419318992e-06
1.0649285591529108e-09,9.040632349144897e-08,1.4738380425114315e-05,4.388098428131348e-06,3.396993696178678e-06,3.5807953234422306e-06
1.0649285591529108e-09,5.6672038767585596e-08,7.158138044560414e-06,2.0853424674362132e-06,1.546561306448024e-06,1.7079919993593636e-06
1.0649285591529108e-09,3.8308731001336465e-09,1.853713573963784e-05,4.912543483695469e-06,4.553542422953859e-06,4.017655535881871e-06
1.0649285591529108e-09,7.518338721486061e-09,9.67399114138594e-06,2.3880774697564406e-06,1.458928881444508e-06,2.5425554037038663e-06
1.0649285591529108e-09,1.0310013776690334e-08,1.9594676567051653e-05,5.273317436111573e-06,4.509541342686018e-06,3.880749444998685e-06
1.0649285591529108e-09,3.314745939873238e-08,2.3976528140761463e-05,2.984860193849123e-06,1.237178522604413e-06,4.358694229600946e-06
1.0649285591529108e-09,5.0772111626117204e-08,1.635476277084011e-05,3.290317501750851e-06,2.3274337880158667e-06,3.4056439361734315e-06
1.0649285591529108e-09,6.130484906726297e-08,1.7726139647053882e-05,2.7727015867446925e-06,2.0775970484809107e-06,3.116099670779597e-06
1.0649285591529108e-09,1.0030842912754342e-07,1.3122138040026786e-05,2.5076394435833033e-06,1.9601417383650963e-06,2.342559409962138e-06
1.0649285591529108e-09,5.863346691122451e-09,1.882598639076585e-05,2.711530285651059e-06,1.5543553024257187e-06,3.289266765333133e-06
1.0649285591529108e-09,3.6579314243559767e-09,7.2155990724721565e-06,2.0582918438676218e-06,1.6313155093796886e-06,1.6963279022098212e-06
1.0649285591529108e-09,4.48911604625521e-08,1.6655670709179113e-05,2.6833194446459677e-06,1.6652747330570795e-06,3.125812588747437e-06
1.0649285591529108e-09,2.9290492433478277e-08,1.913327345005977e-05,2.1765235115589906e-06,1.3637831594073584e-06,2.988325697464137e-06
1.0649285591529108e-09,2.6720530696696458e-08,1.1115722827527474e-05,2.2085628276806688e-06,1.4557869170895513e-06,2.4793565022923194e-06
1.0649285591529108e-09,4.163274357558358e-08,2.0136427210825013e-05,3.0046814894968986e-06,1.921466534306238e-06,3.54321397761216e-06
1.0649285591529108e-09,6.803590178358711e-09,1.3357448995119385e-05,1.954414463324412e-06,1.1550927200144013e-06,2.33151125957733e-06
1.0649285591529108e-09,1.0391169706946554e-07,8.888840147729129e-06,2.4329595893064282e-06,1.6533840896119713e-06,2.2843807489252e-06
1.0649285591529108e-09,4.760158876227844e-09,1.4666354126944982e-05,2.4275847111861905e-06,1.5958077921286803e-06,2.7965838986698716e-06
1.0649285591529108e-09,1.1977636015348806e-08,1.5456213906508607e-05,2.483669131198841e-06,1.355918774819529e-06,3.2534637650210518e-06
1.0649285591529108e-09,3.2258472000344744e-08,9.200811407137379e-06,1.9678742709482393e-06,1.5359310454219724e-06,1.673731486408515e-06
1.0649285591529108e-09,9.406274490298238e-09,7.166064834267455e-06,1.6431564809604887e-06,1.167135098041452e-06,1.8188073589111242e-06
1.0649285591529108e-09,1.8035102633251372e-08,1.3096564432632985e-05,2.9622616369750884e-06,2.1482792227631026e-06,2.82506221293099e-06
1.0649285591529108e-09,2.7879767658026162e-08,1.3419314948174433e-05,2.1261473698197242e-06,1.167659022040136e-06,2.490639383136981e-06
1.0649285591529108e-09,5.889089723848571e-08,7.353800886622908e-06,1.705293904632321e-06,1.0050720079858874e-06,1.7168380189816556e-06
1.0649285591529108e-09,3.5858207278983356e-08,9.17732574343056e-06,2.0189413481218477e-06,1.5622962021991936e-06,1.8159184833484601e-06
1.0649285591529108e-09,3.4606737865766373e-09,1.4080084145012266e-05,2.0588861195591087e-06,1.59811929833982e-06,2.2393866022355976e-06
1.0649285591529108e-09,8.14175060348119e-09,1.0701670203977215e-05,1.6680459859786994e-06,1.0784249421837538e-06,1.93446927794568e-06
1.0649285591529108e-09,1.9183504375697608e-08,8.296415389684335e-06,1.4482133096522447e-06,8.635145018290135e-07,1.731623066311384e-06
1.0649285591529108e-09,2.4855915914289273e-08,2.0063621724561693e-05,1.998940538860088e-06,1.2451422274914885e-06,2.9572458936331933e-06
1.0649285591529108e-09,4.569254887136581e-09,1.2774094464230287e-05,1.2692755766957251e-06,5.69202970448016e-07,2.097137332153746e-06
1.0649285591529108e-09,1.5425145632057587e-08,5.890212001838883e-06,1.3919223152133715e-06,1.0787882528502086e-06,1.2957732771018827e-06
1.0649285591529108e-09,1.5802416614338377e-08,1.735323813153487e-05,1.7721011136361697e-06,1.0767333915862433e-06,2.7090891653503227e-06
1.0649285591529108e-09,4.84407328410136e-09,2.4179730535540237e-05,1.7324750385922059e-06,7.767345120142112e-07,3.4918859440156293e-06
1.0649285591529108e-09,1.7017341276309548e-08,8.007543891899798e-06,1.4638270657201397e-06,9.341468071062393e-07,1.6382909872669444e-06
1.0649285591529108e-09,7.1986612676298625e-09,5.543450377485089e-06,1.4216706077989114e-06,1.0343094285704217e-06,1.316141410842581e-06
1.0649285591529108e-09,2.869643822003872e-08,7.5032912854690515e-06,1.7949197426228066e-06,1.344318289138404e-06,1.859711993419983e-06
1.0649285591529108e-09,8.427372147364037e-08,1.0217137165078583e-05,1.4528524499496451e-06,7.635383192088608e-07,1.7863995266688963e-06
1.0649285591529108e-09,6.688462705926992e-09,5.388385120317706e-06,1.1930972895338288e-06,6.811935053620157e-07,1.18801703432243e-06
1.0649285591529108e-09,2.6769023909728758e-08,8.678231623606926e-06,1.541787964001114e-06,1.1762275315152843e-06,1.6496894291807583e-06
1.0649285591529108e-09,1.0757324538202955e-08,5.007139526698104e-06,1.1126636843550107e-06,6.416821634805759e-07,1.2720019030397412e-06
3.416512176878863e-11,3.416512176878863e-11,1.1005211244192136e-05,1.8723450893491572e-06,1.3557879076505726e-06,1.97200416471805e-06
3.416512176878863e-11,3.274275865916858e-08,8.323555969049646e-06,1.1025189684680173e-06,5.138816682046217e-07,1.5202472484908231e-06
3.416512176878863e-11,2.0881019119693502e-09,1.0373620232439085e-05,1.5815390174937827e-06,1.0222590622526749e-06,2.0087515431098286e-06
3.416512176878863e-11,1.2421632626833457e-08,1.959549955493078e-05,1.6660941558223384e-06,8.060099678856556e-07,2.991764585721383e-06
3.416512176878863e-11,1.131014212541296e-08,4.070488001263481e-06,8.606882622847414e-07,5.151801851765763e-07,9.159643609663882e-07
3.416512176878863e-11,1.9825098895369533e-08,6.548134590111875e-06,1.4973361595834234e-06,1.0952505184208561e-06,1.4078013056375349e-06
3.416512176878863e-11,3.5995538378211692e-09,9.2014264125421e-06,9.972026211554397e-07,3.7002839229249655e-07,1.5476580314254013e-06
3.416512176878863e-11,1.7110201563604623e-08,5.757093372219156e-06,1.1680908111726258e-06,8.278808865304381e-07,1.324154446655133e-06
3.416512176878863e-11,2.7604335119861317e-09,6.1849736687019284e-06,1.2328686229822977e-06,8.124019043730104e-07,1.3723646525863851e-06
3.416512176878863e-11,4.898028021565769e-09,4.480688564959714e-06,8.465632114896913e-07,5.086950704999556e-07,9.365058015826844e-07
3.416512176878863e-11,7.341692501439888e-08,7.485903721914371e-06,1.3054301081327915e-06,9.635233198288672e-07,1.3411781859500535e-06
3.416512176878863e-11,6.554276036789379e-09,7.259932706877173e-06,9.98392836483014e-07,4.924642134625553e-07,1.35649809022077e-06
3.416512176878863e-11,4.525986616260919e-09,1.741959434635762e-05,1.3649977398756993e-06,9.251282141955705e-07,2.4454379946210754e-06
3.416512176878863e-11,4.292134015360407e-08,1.0374357472634445e-05,8.477609636363347e-07,5.099726080309812e-07,1.4856635541356538e-06
3.416512176878863e-11,3.257683944002026e-08,2.1657248403237785e-06,6.882883165450731e-07,5.309463022729859e-07,5.842285418765198e-07
3.416512176878863e-11,4.272423197122869e-08,4.2908789071212355e-06,1.1395440158578715e-06,7.903045636425947e-07,1.0061964322576445e-06
3.416512176878863e-11,1.7963810543588053e-08,3.996339122567481e-06,7.518990211400384e-07,4.868524795437099e-07,8.371365282615908e-07
3.416512176878863e-11,1.0714816017751415e-08,3.1760423683197313e-06,8.813949300755974e-07,6.864247915070442e-07,8.233501606785813e-07
3.416512176878863e-11,2.288180493766369e-08,4.297775321156585e-06,1.0507135457403704e-06,8.244128957324307e-07,8.916550037969281e-07
3.416512176878863e-11,2.198473966513647e-09,4.491105057510354e-06,5.771333767359742e-07,4.082998024990531e-07,7.441172056000631e-07
3.416512176878863e-11,2.327072521857262e-09,2.7711327637869084e-06,8.766952274925078e-07,5.971178020971432e-07,7.605183753814757e-07
3.416512176878863e-11,3.073854464930794e-08,2.9190854477057686e-06,7.209613303462033e-07,5.113160832591642e-07,7.094515246138521e-07
3.416512176878863e-11,2.1892194534182708e-09,4.059217540276749e-06,1.0202293881937555e-06,8.257594250131352e-07,8.282458643626865e-07
3.416512176878863e-11,2.2508721684514075e-09,3.960780031902351e-06,6.792487137456989e-07,3.248928803214432e-07,8.460668858579387e-07
3.416512176878863e-11,1.320207128565763e-08,2.9644274796506464e-06,8.836649745540815e-07,7.173765662836646e-07,7.94007506368197e-07
3.416512176878863e-11,4.701477874305693e-09,5.132419663640447e-06,8.60291378923266e-07,7.032014848749344e-07,8.949543562491448e-07
3.416512176878863e-11,2.207919277764016e-09,2.7027411787395263e-06,6.016541257929434e-07,4.0785635280966567e-07,5.994685624463671e-07
3.416512176878863e-11,1.0479159985769432e-08,2.690873878751305e-06,8.010266912662514e-07,5.842405371052272e-07,6.628298112958256e-07
3.416512176878863e-11,9.13288924099687e-09,3.165031471436471e-06,6.208244701347886e-07,3.727671763818864e-07,7.245700206695624e-07
3.416512176878863e-11,1.662847387099495e-08,6.76052430685843e-06,8.165668731442367e-07,4.53725414284364e-07,1.1414287097293966e-06
3.416512176878863e-11,4.898445577132741e-09,3.6113714068232263e-06,6.040199374407293e-07,3.423546414077932e-07,7.481948355832306e-07
3.416512176878863e-11,1.218079524574907e-08,2.191725646060747e-06,5.243011775963232e-07,3.6160795316957934e-07,4.6309564826854714e-07
3.416512176878863e-11,9.051295951175741e-10,2.570890102430712e-06,6.248657387491424e-07,4.366364990567595e-07,5.960183178733501e-07
3.416512176878863e-11,1.2094842230744379e-08,2.528322883911327e-06,5.831122363498601e-07,4.1829735783406003e-07,5.956283254632055e-07
3.416512176878863e-11,2.751882790582857e-09,2.4492168768804946e-06,5.00103917002404e-07,4.0239577658803736e-07,5.029280309988795e-07
3.416512176878863e-11,1.256015954249907e-08,3.5484567655515554e-06,6.521912914104534e-07,4.180135133122289e-07,6.980487918318645e-07
3.416512176878863e-11,4.4811687579173637e-10,2.900218657949474e-06,5.353566581571385e-07,3.85450083830627e-07,5.931415973820864e-07
3.416512176878863e-11,5.541194740400394e-09,2.1471627804311826e-06,5.797719995147546e-07,2.905926011365966e-07,6.185916461162484e-07
3.416512176878863e-11,2.139239991718073e-08,2.688643102895843e-06,7.295146518155275e-07,5.204024450548865e-07,7.092967326817259e-07
3.416512176878863e-11,1.7951194294752085e-09,2.8746882217969357e-06,5.61665427570279e-07,3.606562956523196e-07,6.730922040710151e-07
3.416512176878863e-11,8.142745026626382e-09,3.987380564117603e-06,5.228597272556295e-07,3.5713856429776645e-07,6.815096795187228e-07
3.416512176878863e-11,3.625067123812592e-09,4.037117915520129e-06,5.326931510434422e-07,3.339002706912865e-07,6.869897536194117e-07
3.416512176878863e-11,9.30003257115462e-09,7.981974071020844e-06,5.915701705962372e-07,2.426144572302821e-07,1.1552164158047477e-06
3.416512176878863e-11,6.964787929957227e-09,3.987047868263521e-06,4.787318935970222e-07,2.33031480183917e-07,7.10850909076795e-07
3.416512176878863e-11,8.814684813491649e-09,1.7757408895081162e-06,3.877645927001721e-07,2.891319314414573e-07,4.1441830790389927e-07
3.416512176878863e-11,2.328192175267089e-08,1.6894903741343122e-06,4.31638789659384e-07,2.6102290590961893e-07,4.572672095313352e-07
3.416512176878863e-11,8.886802509298169e-09,2.2147241466291044e-06,5.806362489062108e-07,4.098193736409931e-07,5.504701054360618e-07
3.416512176878863e-11,9.189913347178392e-10,2.9559204418261153e-06,4.991544886557424e-07,3.72628667343545e-07,5.472139100279162e-07
3.416512176878863e-11,5.537212453833718e-09,2.525408151953641e-06,4.3972091443997883e-07,2.2036692268444673e-07,6.057642736320795e-07
3.416512176878863e-11,2.7542641930107267e-09,2.4914115122688193e-06,4.394610137514139e-07,3.054997472889976e-07,4.958699268263445e-07
3.416512176878863e-11,5.675634375208343e-09,5.322406879469682e-06,4.322341261344432e-07,1.5126906753248965e-07,9.277646044645395e-07
3.416512176878863e-11,3.36147120679311e-09,8.388149640661409e-06,4.4312308974927645e-07,1.870880835826014e-07,1.1816206534221783e-06
3.416512176878863e-11,7.073300385083021e-10,3.864859928414335e-06,3.7769844025633865e-07,1.1995901936032237e-07,7.680164076416577e-07
3.416512176878863e-11,7.449718879537619e-09,9.817905140469504e-06,5.284552322122008e-07,1.8220664344873178e-07,1.3732406176624277e-06
3.416512176878863e-11,3.7130960058872987e-09,1.0746080213187006e-05,5.003375149269283e-07,1.890914613690463e-07,1.4981160907346086e-06
3.416512176878863e-11,1.4842450715915394e-09,4.925441960193106e-06,3.9301792495462354e-07,1.596525962642374e-07,7.257303838628195e-07
3.416512176878863e-11,5.8146074197482845e-09,1.8434157994199634e-06,2.9407671021301674e-07,2.1580093828807382e-07,3.6508364981474065e-07
3.416512176878863e-11,4.6970846363180525e-09,2.3742346998160818e-06,3.5628060525855896e-07,2.0891667369290773e-07,4.3088521937464647e-07
1.3522412496269524e-11,1.3522412496269524e-11,4.5758878486987425e-06,3.189130866653442e-07,1.4191054256357172e-07,6.495949156884133e-07
1.3522412496269524e-11,1.6751709278447862e-09,1.2825681072723485e-06,2.3235135683225382e-07,1.7305223249911266e-07,2.5129677319864397e-07
1.3522412496269524e-11,2.023901223828454e-09,1.4994983439816722e-06,2.3768642474447786e-07,1.373574546441175e-07,2.8315092586599427e-07
1.3522412496269524e-11,2.473956812353695e-09,8.788874616729616e-07,2.5100940132657617e-07,2.028904166725348e-07,2.331604105529147e-07
1.3522412496269524e-11,9.673671079913835e-09,1.6971923072938e-06,4.2444880545028454e-07,3.288512489454052e-07,3.924200760146466e-07
1.3522412496269524e-11,1.5430552752456424e-09,2.6674080506180387e-06,2.583112115433388e-07,1.1228191664776356e-07,4.242840444226223e-07
1.3522412496269524e-11,6.956418621129951e-09,1.56570484218753e-06,3.430289683838801e-07,2.336646775019284e-07,3.527979711181329e-07
1.3522412496269524e-11,2.3973486890169156e-09,9.346604678675234e-07,2.762271456356631e-07,1.801761685081046e-07,2.5146171185342446e-07
1.3522412496269524e-11,6.9111683642103886e-09,1.3180853351268965e-06,3.0934095858343266e-07,2.1310920819691782e-07,3.1404952262116346e-07
1.3522412496269524e-11,5.237509094824888e-10,9.333063933368574e-07,2.609951864548433e-07,1.7075002260173492e-07,2.461524851018483e-07
1.3522412496269524e-11,9.36497433018382e-10,1.0835793299198722e-06,2.858192499630908e-07,1.9414429200539996e-07,2.8771803937899776e-07
1.3522412496269524e-11,1.2583076370534191e-08,1.8903865635679885e-06,3.662465851673291e-07,2.658954358311687e-07,3.653678296344675e-07
1.3522412496269524e-11,9.561691784743846e-10,1.1654058261016281e-06,2.582891386909597e-07,1.5160454263330466e-07,2.841184096759478e-07
1.3522412496269524e-11,6.049087231433616e-09,1.4947018693732465e-06,3.018181879119155e-07,1.5236936072496082e-07,3.1742042114822117e-07
1.3522412496269524e-11,7.331688072339338e-10,1.2293734957913758e-06,2.1170417978830084e-07,1.31410657897409e-07,2.2760519730519532e-07
1.3522412496269524e-11,2.433148548567605e-10,1.4006589778271964e-06,2.2846116146945517e-07,1.0616529748542613e-07,2.8368243872178876e-07
1.3522412496269524e-11,7.571984401905392e-10,1.777081373635694e-06,2.1200084951896444e-07,1.0500698814864964e-07,3.0676668891203726e-07
1.3522412496269524e-11,4.019643227340605e-09,9.731232064624257e-07,2.2640783875153974e-07,1.5113273730626174e-07,2.134671846276229e-07
1.3522412496269524e-11,1.8710407433160266e-09,1.3274247570363768e-06,2.0571325535802427e-07,1.0979970108280609e-07,2.5995540359231003e-07
1.3522412496269524e-11,1.8367477846836413e-09,1.4315754971465805e-06,3.1014961507734045e-07,1.9958445024773028e-07,3.186476504101967e-07
1.3522412496269524e-11,1.6325539525370073e-09,9.291961788945408e-07,1.617143196152549e-07,9.207787226349196e-08,1.7963841964458212e-07
1.3522412496269524e-11,1.1630734192486085e-09,2.2169312445559845e-06,3.1871890422688543e-07,2.1354564357902217e-07,3.753453330205629e-07
1.3522412496269524e-11,2.209288381946392e-09,1.0897210573905755e-06,1.6413245974689401e-07,9.691890527862607e-08,1.9392977078349725e-07
1.3522412496269524e-11,8.453258879197926e-10,8.134050344148095e-07,1.8959849653366472e-07,1.242070006668378e-07,1.858730558393064e-07
1.3522412496269524e-11,2.8037402116008514e-10,1.027366414817769e-06,1.9530846914034735e-07,1.3238977574177615e-07,2.2421671976292137e-07
1.3522412496269524e-11,4.736388323842923e-09,9.212214743092495e-07,1.732706431973624e-07,8.908672143623109e-08,2.0971086348466312e-07
1.3522412496269524e-11,5.6214866558514905e-09,1.1157799471989225e-06,2.313597191285334e-07,1.734539490347731e-07,2.3147586588566058e-07
1.3522412496269524e-11,3.880827853774146e-09,2.076379624510158e-06,1.898355085126797e-07,1.193385960895287e-07,2.985442441230012e-07
1.3522412496269524e-11,2.383283598307929e-09,1.2193442401961767e-06,1.9126309920390433e-07,9.70621286932771e-08,2.4376374263724367e-07
1.3522412496269524e-11,1.1513794307961545e-09,5.497310661801389e-07,1.5486091989661052e-07,1.1966466913575344e-07,1.4418120750720356e-07
1.3522412496269524e-11,1.2162719614905716e-09,1.05167058699277e-06,2.1370498359045535e-07,1.3466759953867891e-07,2.2453781161277685e-07
1.3522412496269524e-11,4.540914956047881e-10,7.53572514292339e-07,1.585491758878667e-07,1.0485515798959649e-07,1.482895537602049e-07
1.3522412496269524e-11,4.546876281846405e-11,4.7178309471437997e-07,1.3673643889955112e-07,9.760277402808351e-08,1.0449719103921126e-07
1.3522412496269524e-11,3.4243200727022147e-09,1.1053914678318597e-06,1.5567326711823493e-07,1.1858139809170864e-07,1.7008874533852806e-07
1.3522412496269524e-11,2.490634851269087e-09,6.037637593621142e-07,9.866985256890403e-08,6.001025177813949e-08,1.0835046559575016e-07
1.3522412496269524e-11,4.191253029035218e-10,3.62130349699902e-07,9.540888357762315e-08,6.791532981587768e-08,8.974014181104774e-08
1.3522412496269524e-11,9.829470424552017e-09,5.332765545187813e-07,1.646342665252559e-07,1.305200280806064e-07,1.2858591742570828e-07
1.3522412496269524e-11,2.1853834144805283e-09,5.866602842819053e-07,9.908675538634655e-08,6.320691125916879e-08,1.118391175434225e-07
1.3522412496269524e-11,3.935936294251155e-09,9.211474535951735e-07,1.477093244934141e-07,7.740892326856208e-08,1.831328154935741e-07
1.3522412496269524e-11,2.0134117457016764e-09,9.270818584379473e-07,1.1919429029824473e-07,6.767103626876172e-08,1.5799566177638902e-07
1.3522412496269524e-11,3.9789252982645534e-10,6.583113427039081e-07,1.158839606605725e-07,5.475214064421597e-08,1.4799982181465582e-07
1.3522412496269524e-11,7.042985401449266e-11,1.073820126020551e-06,1.1311955273187031e-07,6.797862294351205e-08,1.6737065753217417e-07
1.3522412496269524e-11,7.918605621205464e-10,3.810034116693155e-07,8.124877232895775e-08,4.6781147452776695e-08,8.035825820814481e-08
1.3522412496269524e-11,3.283102221823825e-09,5.057014056636376e-07,1.2684474765437756e-07,8.867961592216022e-08,1.1368604115671186e-07
1.3522412496269524e-11,3.9490539222524253e-10,2.9631957773301823e-07,9.976759410808337e-08,8.88125925395503e-08,8.852496794309996e-08
1.3522412496269524e-11,8.543924336939129e-11,1.3967412143314682e-06,1.8925638367339032e-07,1.1365177146585954e-07,2.487883706241565e-07
1.3522412496269524e-11,4.56133170988388e-09,2.586567868757076e-06,1.6058484411281708e-07,4.8109483389836157e-08,3.6605871990380506e-07
1.3522412496269524e-11,2.09648920510108e-09,1.7060669587347696e-06,1.3330315224739562e-07,6.504738287146924e-08,2.5171871277289816e-07
1.3522412496269524e-11,1.7918116918924907e-10,4.5580921441855764e-07,8.440480534412716e-08,5.02816133554542e-08,1.0588390048553982e-07
1.3522412496269524e-11,2.523128286670839e-10,4.984554934609165e-07,1.345759422858542e-07,1.0149434070094617e-07,1.1596567560794622e-07
1.3522412496269524e-11,1.8906662456396726e-09,3.737637237571862e-07,6.472591998231921e-08,4.359683773268355e-08,7.179388964202626e-08
1.3522412496269524e-11,1.2157084602132975e-09,4.339956369470119e-07,1.0893426734241306e-07,6.905125655196831e-08,1.1386300441032894e-07
1.3522412496269524e-11,4.3086838709358723e-10,6.494477697691615e-07,6.979141724914873e-08,4.452181258157563e-08,1.0020898022657458e-07
1.3522412496269524e-11,4.973583314223645e-10,3.056400991313876e-07,6.220212113544224e-08,3.663189071378486e-08,6.78172153582156e-08
1.3522412496269524e-11,5.402371750971264e-10,2.8533821467891106e-07,8.23353148030525e-08,5.1789615593367275e-08,8.248831042376675e-08
1.3522412496269524e-11,5.079699260817325e-10,4.360700166881013e-07,1.0109263464450586e-07,6.882253130137676e-08,9.614778663484366e-08
1.3522412496269524e-11,1.510567756123574e-09,5.731258227628286e-07,9.111429681455146e-08,7.217244467783151e-08,9.554871853942283e-08
1.3522412496269524e-11,2.542586463471426e-09,2.875490523756654e-07,6.542072653679697e-08,5.4034571302393726e-08,6.045873576573902e-08
1.3522412496269524e-11,1.6978491552248086e-10,4.5369017310073257e-07,7.05046292177473e-08,5.14427720732662e-08,7.248472717927933e-08
1.3522412496269524e-11,3.1864148925540124e-10,3.130239409229409e-07,6.75620156671845e-08,4.613957395325854e-08,6.217560268259718e-08
1.3522412496269524e-11,2.6837487732155704e-09,7.383775134145487e-07,6.298262999007057e-08,3.6606852955500013e-08,1.0458683430205959e-07
1.3522412496269524e-11,1.7265240926549482e-09,1.746852929846484e-07,4.413673632755712e-08,2.656205443363875e-08,4.33591803816538e-08
1.3522412496269524e-11,3.5272838679721427e-09,2.3994983058190993e-07,7.715907186572889e-08,6.429146198286681e-08,6.128187241625095e-08
1.3522412496269524e-11,1.0157832048577108e-10,2.26625051292842e-07,4.745503257524351e-08,2.2159966407757833e-08,5.422602335358045e-08
1.3522412496269524e-11,7.670387918883003e-11,4.1621631932887075e-07,7.044183103675848e-08,3.704708749269303e-08,8.50965075580486e-08
1.3522412496269524e-11,1.4383633231243264e-09,4.279366810669228e-07,7.624768395753887e-08,3.961373231909275e-08,8.647737371995963e-08
1.3522412496269524e-11,9.739000957255048e-10,2.5955000716277325e-07,5.470278171363821e-08,3.239790179293942e-08,6.071834840261682e-08
1.3522412496269524e-11,1.5165860629419897e-09,2.3937880687405094e-07,6.371957281462657e-08,4.129530766175189e-08,6.275012660863387e-08
1.3522412496269524e-11,3.519348165499567e-10,3.7993459832213154e-07,7.104018749818609e-08,3.750493376702522e-08,8.540201996737842e-08
1.3522412496269524e-11,2.5344422390818333e-10,6.193069722051636e-07,6.818509645842963e-08,2.7077560659896385e-08,1.0037681419209069e-07
1.3522412496269524e-11,2.8104027368521978e-11,5.905282040549157e-07,5.648700650198166e-08,2.455673684416421e-08,9.088966307816715e-08
1.3522412496269524e-11,2.6445544595232354e-09,3.3823435566855114e-07,6.356577250880907e-08,4.5567027229554934e-08,6.228851193384636e-08
1.3522412496269524e-11,1.9596110438915037e-11,1.5402659530707842e-07,3.026608916035581e-08,1.712690417912673e-08,3.43359865014674e-08
1.3522412496269524e-11,1.3989829155230584e-10,2.440349575772382e-07,6.083086610734373e-08,4.169764448899518e-08,5.355557838306657e-08
1.3522412496269524e-11,5.118887311183915e-10,1.8764605739610366e-07,4.2202957218862395e-08,2.2917137923514957e-08,4.797889869895614e-08
1.3522412496269524e-11,9.191103397285208e-10,2.6934374575486584e-07,5.3088871182251727e-08,3.398752170448491e-08,5.94316469321237e-08
1.3522412496269524e-11,4.224334487476085e-10,2.92885077532683e-07,4.3356874736213756e-08,2.3002448806631527e-08,5.760127222663772e-08
1.3522412496269524e-11,2.1462288463380831e-10,2.843486152941724e-07,3.141418206135562e-08,1.5984402217601026e-08,4.5371290363699724e-08
1.3522412496269524e-11,1.6196039574858777e-09,3.413714738125011e-07,4.274028267875331e-08,2.893386508638613e-08,5.6178254473347286e-08
1.3522412496269524e-11,6.200979851751969e-10,2.2140946245923803e-07,3.71211925891268e-08,1.8289498891414105e-08,4.3784439113300445e-08
1.3522412496269524e-11,1.8991731678223165e-10,1.423687763437094e-07,3.505158803842898e-08,3.092110874378474e-08,3.2338888590076695e-08
1.3522412496269524e-11,1.1347747685207717e-10,1.5856557916234808e-07,3.82472830586816e-08,3.007895540656208e-08,3.378112055377438e-08
1.3522412496269524e-11,2.8725007079642776e-10,1.8132353934598264e-07,4.1634413907403345e-08,2.3243256437873378e-08,4.6487193848307073e-08
1.3522412496269524e-11,5.853412582294009e-10,1.702942535367657e-07,4.7957262866689275e-08,4.655856265875225e-08,3.9284589920055236e-08
1.3522412496269524e-11,1.9058486415791847e-10,1.4855015734021232e-07,2.844374775594214e-08,1.638212252485273e-08,3.216908275293364e-08
1.3522412496269524e-11,5.850613998116004e-11,2.1747103415867587e-07,5.643236881607847e-08,3.934992631735896e-08,5.192478552291357e-08
1.3522412496269524e-11,7.527497422516206e-11,2.7644658300736803e-07,2.9791068794966964e-08,2.045475763296666e-08,4.180594064987496e-08
1.3522412496269524e-11,5.762156565322303e-10,2.179190282784839e-07,3.887122436791953e-08,2.474839428969985e-08,4.2093025635770387e-08
1.3522412496269524e-11,4.325350877692317e-10,1.4882227309587038e-07,3.270268714304542e-08,2.038008367390164e-08,3.603343827461852e-08
1.3522412496269524e-11,5.449558593941442e-10,1.4771357242014468e-07,2.8529072129509998e-08,1.7385365487652767e-08,3.04589244103905e-08
1.3522412496269524e-11,3.145587462113288e-11,2.0314599329785425e-07,3.56078219187257e-08,2.134658504813572e-08,4.5864359982970034e-08
1.3522412496269524e-11,3.2707167204972836e-10,2.126739770590097e-07,4.4932270403127254e-08,3.377824108057983e-08,5.0691876531306434e-08
1.3522412496269524e-11,3.9490511817196286e-10,3.366831957040191e-07,3.767429355525379e-08,2.2946355604319445e-08,5.261149022069233e-08
1.3522412496269524e-11,6.57538559268864e-11,1.8756995709478765e-07,2.8451248481462382e-08,1.6618489584117064e-08,3.468479503276518e-08
1.3522412496269524e-11,3.7835295269330457e-10,1.6733308404192765e-07,2.9670026188142828e-08,1.646774573492728e-08,3.479536966426886e-08
1.3522412496269524e-11,1.194382012848059e-10,2.977860510539423e-07,3.8802917862658604e-08,1.647615473784064e-08,5.3480382841824954e-08
1.3522412496269524e-11,6.601712531450156e-10,1.8163881028868402e-07,3.121612592746615e-08,1.9261728133732497e-08,3.3238069485000996e-08
1.3522412496269524e-11,2.1651230754901254e-11,1.6620580018536174e-07,2.7013411708287492e-08,1.6797270352657805e-08,2.9450001243634432e-08
1.3522412496269524e-11,4.053241845336673e-11,1.7489168315423635e-07,1.8895917253155658e-08,8.630633069518568e-09,2.9367670944252463e-08
1.3522412496269524e-11,2.8453240796332043e-10,1.0119854555312413e-07,1.917599070576129e-08,1.1691423076456255e-08,2.1851724544243018e-08
1.3522412496269524e-11,3.5226131303191217e-10,7.393702027625936e-08,2.0574566513022086e-08,1.4768098341776668e-08,1.8581766883674645e-08
1.3522412496269524e-11,1.4501548695477519e-10,9.099683829310373e-08,2.2158853423872826e-08,1.2900231086862933e-08,2.4301965810620523e-08
1.3522412496269524e-11,1.7214531339909373e-10,1.355029601441074e-07,2.5422597446742196e-08,1.9276674660329895e-08,2.5366017093212282e-08
1.3522412496269524e-11,4.5065344917207565e-10,1.020177502736419e-07,2.3342631464769146e-08,1.5334831606466584e-08,2.427412966106571e-08
1.3522412496269524e-11,4.533767522577098e-10,1.5061495742000624e-07,2.719079599788344e-08,2.151572141511466e-08,2.9724803620475728e-08
1.3522412496269524e-11,2.8388474143749363e-11,2.7809356995560335e-07,2.2569482831550042e-08,8.509808611539706e-09,4.3033049489567644e-08
1.3522412496269524e-11,4.0931305629067924e-10,2.5580900903037504e-07,2.7576743331902307e-08,1.5400467947511343e-08,4.2017629477053995e-08
1.3522412496269524e-11,2.1436064219327752e-11,1.3153881444119017e-07,1.808266374067057e-08,9.099010557476992e-09,2.4962233263281e-08
1.3522412496269524e-11,7.947458846552424e-11,6.892821014917324e-08,1.4264666048558743e-08,6.713544981171722e-09,1.636791181520883e-08
1.3522412496269524e-11,8.289551256746989e-11,1.9507769622044337e-07,2.835554436073457e-08,1.7220296052849873e-08,3.5387282771942744e-08
1.3522412496269524e-11,5.712101187723424e-11,1.7169586319449365e-07,2.1378196003434405e-08,1.1793634014568198e-08,2.8749722404398927e-08
1.3522412496269524e-11,2.8445428911471617e-10,1.236149605935494e-07,2.493600650724392e-08,1.8378745852401618e-08,2.2995525424626914e-08
1.3522412496269524e-11,9.393440110918867e-11,7.337570644373724e-08,1.5925919914741512e-08,7.88512789103278e-09,1.7198996915311763e-08
1.3522412496269524e-11,1.548993150763773e-10,1.4811142392380274e-07,1.5689944293069567e-08,9.278693764051665e-09,2.4469730104748293e-08
1.3522412496269524e-11,1.5416721888036898e-10,6.912878452395143e-08,1.1949619303574407e-08,7.126149728136334e-09,1.3177813014271531e-08
1.3522412496269524e-11,2.5331227047199474e-10,5.953646839856375e-08,1.1019597072966824e-08,7.170830615835305e-09,1.1510487638534889e-08
1.3522412496269524e-11,5.008984029239575e-10,7.116075653115349e-08,1.3745973268778401e-08,8.231992692576821e-09,1.6546401867939765e-08
1.3522412496269524e-11,2.959957015376921e-10,6.7338456269095e-08,1.689922927645765e-08,9.512472062256805e-09,1.745191939431301e-08
1.3522412496269524e-11,7.258266788529613e-10,6.558283934551084e-08,1.1924782565959211e-08,8.886752821416548e-09,1.2240800953478902e-08
1.3522412496269524e-11,1.0558173980429273e-10,5.1106757494023166e-08,1.0765850975651976e-08,8.278780043268103e-09,1.0111910250929482e-08
4.116038806511106e-12,4.116038806511106e-12,9.07838078182071e-08,1.0726159340670354e-08,5.558127006525987e-09,1.502119093724286e-08
4.116038806511106e-12,2.0322238530816228e-10,1.70851897526634e-07,1.5241875738822918e-08,7.053037877000292e-09,2.5600726217134948e-08
4.116038806511106e-12,1.479740365762618e-10,6.41911570031786e-08,7.8030349790222e-09,3.873659584286413e-09,1.1116853498668948e-08
4.116038806511106e-12,1.583868521368762e-10,3.392127739610127e-08,1.0360107191542068e-08,7.409406569189584e-09,9.817852024763144e-09
4.116038806511106e-12,1.1324193860033617e-10,5.97304465511452e-08,1.3067242127533463e-08,1.1179025924919855e-08,1.1390208230610646e-08
4.116038806511106e-12,5.4608820871686397e-11,8.526645498366105e-08,1.2968008973562302e-08,6.368344762415508e-09,1.715827061757926e-08
4.116038806511106e-12,9.210084228337319e-12,1.625787757537133e-07,1.4140085848817514e-08,6.991949488471663e-09,2.3833830879712175e-08
4.116038806511106e-12,2.0178827129650105e-10,1.189543466468167e-07,1.0318525158243948e-08,4.323689202418274e-09,1.8600597748148157e-08
4.116038806511106e-12,1.6986711465403287e-10,6.157581467657522e-08,9.726857087867223e-09,7.2537121888778445e-09,1.0320788473702354e-08
4.116038806511106e-12,8.618011234655849e-11,7.021358322708725e-08,1.1200774864248617e-08,6.4833262067566336e-09,1.4339407013788397e-08
4.116038806511106e-12,8.11477716653688e-12,8.750909446239987e-08,1.0323185274703254e-08,4.599793241912573e-09,1.5234464079700435e-08
4.116038806511106e-12,8.184623693070674e-11,2.0880513026364982e-07,1.4161686383197221e-08,7.321415056388951e-09,2.9451853559668104e-08
4.116038806511106e-12,8.730250624236007e-12,1.7207694100449577e-07,1.1892804434056276e-08,4.854527823409634e-09,2.6247697432858642e-08
4.116038806511106e-12,4.8445631046175907e-11,7.919610089611906e-08,9.775642288001925e-09,5.5404998369556976e-09,1.3786223758285904e-08
4.116038806511106e-12,7.228378081115923e-11,2.5502069800869898e-08,5.351993338810317e-09,3.839798744223537e-09,5.671680736325738e-09
4.116038806511106e-12,7.044397767854712e-11,2.9926327984459835e-08,9.846787728007655e-09,8.295676316172378e-09,8.626784848740297e-09
4.116038806511106e-12,1.373233264082406e-11,4.5424792193287537e-08,7.891932903224677e-09,4.270322906401425e-09,9.12759422853806e-09
4.116038806511106e-12,4.9599754216089525e-11,5.152486202176073e-08,9.056257371560423e-09,7.124007197685733e-09,9.39100003129162e-09
4.116038806511106e-12,3.279632586512283e-11,3.5403322373995685e-08,5.8846579925835e-09,2.8452236020621862e-09,7.011389895759729e-09
4.116038806511106e-12,5.962495976387734e-11,3.2872193208035405e-08,7.2183237131286206e-09,4.381093859545304e-09,7.673061903541296e-09
1.245424380953394e-12,1.245424380953394e-12,4.6422875997144756e-08,8.059110290335462e-09,3.80973243406312e-09,1.0144329311967798e-08
1.245424380953394e-12,1.0927763906275382e-10,2.4522472663667845e-08,6.5588547295070555e-09,3.444794679611047e-09,6.798008733968178e-09
1.245424380953394e-12,6.513720632552663e-11,3.0471492103432537e-08,7.792418905840227e-09,4.5556908870003276e-09,7.653196240975732e-09
1.245424380953394e-12,2.1385727586979346e-11,2.7748201806370968e-08,5.653762655595372e-09,3.5951550588732184e-09,5.5726139982259506e-09
1.245424380953394e-12,4.5566602756184716e-11,5.966210830906752e-08,8.300864073734158e-09,3.6206342872917164e-09,1.202950081268441e-08
1.245424380953394e-12,2.3892705570376427e-10,4.861322201646498e-08,8.617573360671644e-09,4.4704072733879e-09,1.1375331142963376e-08
1.245424380953394e-12,7.764162489021003e-11,7.53620236428654e-08,7.076396272503057e-09,3.654462249178514e-09,1.1501091761772984e-08
1.245424380953394e-12,9.804270840192413e-11,9.525365059459167e-08,8.61092198614167e-09,4.001790078076406e-09,1.508505994185063e-08
1.245424380953394e-12,7.346379355538259e-11,6.774334248727428e-08,7.579971353797549e-09,3.828576934879551e-09,1.1974241056768726e-08
1.245424380953394e-12,1.4721662140321637e-10,4.7557786288892504e-08,6.258926872607916e-09,2.788927199406127e-09,8.920354520487891e-09
1.245424380953394e-12,5.128573793939894e-12,3.560018881680782e-08,6.615322740078907e-09,4.829525932516889e-09,7.038815795233007e-09
1.245424380953394e-12,5.793379799333858e-11,5.216607410552701e-08,7.57149508204872e-09,3.626476944156789e-09,1.0139242711601683e-08
1.245424380953394e-12,9.294644280818877e-11,3.7631491577306034e-08,6.983356798543842e-09,3.513385248328953e-09,8.630612853760995e-09
1.245424380953394e-12,5.079190806786851e-11,4.0232912494286016e-08,5.967376952710087e-09,2.2242057914622334e-09,9.444061227563165e-09
1.245424380953394e-12,1.0056617577251846e-11,8.000619527371711e-08,6.198080617509774e-09,3.07736447273846e-09,1.1745555581702626e-08
1.245424380953394e-12,7.124693772822119e-11,5.1786464091679644e-08,4.697405363363741e-09,1.983841638719134e-09,8.750320880515258e-09
1.245424380953394e-12,2.1678848245542038e-11,2.6149738614047335e-08,3.1857350967158273e-09,2.086329900540933e-09,4.144919424116606e-09
1.245424380953394e-12,1.1911561615715742e-11,3.540241705827131e-08,4.180422970124482e-09,2.140389680239335e-09,7.16923931802429e-09
1.245424380953394e-12,2.67298081896301e-11,9.235533486054254e-08,4.8323210066785095e-09,1.3407535915548783e-09,1.3513942129056098e-08
1.245424380953394e-12,2.9842422809149593e-11,1.1474575660169088e-07,6.275431087117193e-09,2.9166404157564962e-09,1.6583766964738945e-08
1.245424380953394e-12,1.6794515239937057e-10,7.708016103395535e-08,4.590684737348467e-09,1.7143569801293546e-09,1.124031610969284e-08
1.245424380953394e-12,9.206499161372712e-12,3.162822021178047e-08,3.405865568205034e-09,1.7809132296320206e-09,5.780039522665464e-09
1.245424380953394e-12,6.471049311143703e-12,4.4118823932205345e-08,3.245400082653917e-09,1.6681853939512267e-09,6.358084916203964e-09
1.245424380953394e-12,1.8814268523825893e-11,2.8210911096843347e-08,3.6991891135193337e-09,2.7388545775175826e-09,4.380939156769476e-09
1.245424380953394e-12,5.174508677152938e-12,1.9206656747002046e-08,2.4234863517017388e-09,1.4978116217815762e-09,3.0300171582366784e-09
1.245424380953394e-12,7.877204626056984e-11,1.2983797398217317e-08,3.5219659536518526e-09,2.485192737113735e-09,3.5147822427557913e-09
1.245424380953394e-12,8.54852030896058e-12,1.2297015195896325e-08,2.84066749562049e-09,2.252110241440511e-09,2.764907520511627e-09
1.245424380953394e-12,8.13454476863997e-12,1.864432994574779e-08,3.298782972651715e-09,1.4706255612728603e-09,4.200565180310683e-09
1.245424380953394e-12,4.647358529576222e-11,2.6697539531286934e-08,3.775506784416045e-09,1.5604624402435471e-09,5.428908053528392e-09
1.245424380953394e-12,3.1900540545080096e-11,3.690305354724764e-08,3.6511977187804133e-09,1.9386943686699927e-09,5.828376915676572e-09
1.245424380953394e-12,2.4148929186080564e-11,2.898015058915598e-08,2.8964845725770123e-09,9.298064476942814e-10,4.78615800862337e-09
1.245424380953394e-12,1.3934177174325257e-10,2.4592146910153184e-08,3.2108768692697764e-09,2.3153343792517487e-09,3.777366724319454e-09
1.245424380953394e-12,5.873967046293341e-12,1.8411039496504983e-08,2.443600665288573e-09,1.1791599683460209e-09,3.443987725850829e-09
1.245424380953394e-12,1.5031625018010723e-11,1.0658755968115028e-08,2.261469632648317e-09,1.3084555767776476e-09,2.3502986822550945e-09
1.245424380953394e-12,6.971095467834968e-11,1.2085291587585432e-08,2.9682801244982612e-09,1.6248026135181173e-09,2.9822007746846164e-09
1.245424380953394e-12,9.480270356522942e-11,1.1238787149066664e-08,2.6566365943306503e-09,2.047190539484682e-09,2.5250203479986966e-09
1.245424380953394e-12,3.448986983960115e-11,1.8985825471295368e-08,2.6596306589799662e-09,1.8245634768012822e-09,3.1896406475521918e-09
1.245424380953394e-12,9.009357800331534e-12,1.0239294976992535e-08,2.4654149232216924e-09,1.6310282921377866e-09,2.6363111401605926e-09
1.245424380953394e-12,2.5866155878327168e-11,7.036073977032137e-09,1.7767427989287857e-09,9.095585585933367e-10,1.9683483323299076e-09
1.245424380953394e-12,3.7060057343668625e-11,1.6987917904675524e-08,3.3601968698509097e-09,2.3790231474106146e-09,3.4443599905179917e-09
1.245424380953394e-12,3.341399166005589e-11,4.087914645867927e-08,3.518499983186969e-09,1.040815640563341e-09,6.697702939967635e-09
1.245424380953394e-12,1.3869857235453492e-11,2.7613371385055314e-08,3.0570799683212783e-09,1.4902556925245486e-09,4.4741027357218664e-09
1.245424380953394e-12,9.855428550196137e-12,7.965972642473348e-09,1.7635539587630246e-09,1.0859133431756258e-09,1.9673351221109117e-09
1.245424380953394e-12,1.7882608322225562e-12,1.33795575244203e-08,2.8640504411853934e-09,2.1038495874760386e-09,3.0756058675497325e-09
8.241274446802386e-13,8.241274446802386e-13,1.1631547327998466e-08,2.0038433877842325e-09,1.0090830699036875e-09,2.4445321343096315e-09
8.241274446802386e-13,1.0263305260739454e-11,9.409222839840334e-09,2.145581028787491e-09,1.1104768352621105e-09,2.2909512849774127e-09
8.241274446802386e-13,6.739698083495597e-12,1.0503323607013425e-08,1.9154223181798664e-09,1.0457690745665107e-09,2.2917292994112667e-09
8.241274446802386e-13,2.2142686901697786e-11,9.62100447027012e-09,1.8919667622187805e-09,1.254496278263314e-09,1.9777281292725766e-09
8.241274446802386e-13,8.652257524521293e-11,1.3772318181055352e-08,1.6608125745470303e-09,9.249453620470458e-10,2.4423851051580617e-09
8.241274446802386e-13,3.1762039099442086e-11,6.7633271455963725e-09,1.3814643765011978e-09,7.994195671962906e-10,1.5286214811654007e-09
8.241274446802386e-13,6.080151661236379e-12,5.545920775074889e-09,1.2145066899167099e-09,7.297307850064051e-10,1.2784700652081087e-09
8.241274446802386e-13,1.4235546138764146e-11,1.1175966136285263e-08,1.8447805913604452e-09,1.140847054900311e-09,2.1828239097265618e-09
8.241274446802386e-13,1.0598952582411312e-11,5.359925580166588e-09,1.140181041852794e-09,6.756602165804704e-10,1.2706032142443336e-09
8.241274446802386e-13,1.7845075522989164e-11,9.996967868071025e-09,2.2310658324995645e-09,1.666821586896468e-09,2.237411568745194e-09
8.241274446802386e-13,3.692500247349294e-11,9.351259093495844e-09,1.9632398205777496e-09,1.2501574967949322e-09,2.017622681944547e-09
8.241274446802386e-13,1.514249036901025e-11,4.819687719827755e-09,9.020892925245894e-10,6.105528137579093e-10,9.255872944541414e-10
8.241274446802386e-13,4.5325711478280424e-12,5.322587975372772e-09,9.229646174262779e-10,5.6801032554189e-10,1.0701515109836815e-09
8.241274446802386e-13,4.897167293570918e-12,9.978344313626251e-09,1.2209820611363325e-09,5.515510742603384e-10,1.741747744121976e-09
8.241274446802386e-13,1.1732982709333123e-11,1.0099605488645905e-08,1.3714863428475763e-09,6.928843938078787e-10,1.8695348129325066e-09
8.241274446802386e-13,2.1919183879743627e-12,8.952733004572334e-09,1.0129772964251838e-09,4.5898868923363127e-10,1.7011608033030685e-09
8.241274446802386e-13,2.438485050114491e-11,5.027116559414245e-09,1.0378364308407272e-09,6.604795460307114e-10,1.1720224840754055e-09
8.241274446802386e-13,1.6231874524437595e-11,7.420435356316022e-09,1.4016076988560512e-09,7.61709343811585e-10,1.7888344266148572e-09
8.241274446802386e-13,1.15392267679697e-11,4.142812314700275e-09,1.0219603801829547e-09,5.70270115212301e-10,1.0856363996441693e-09
8.241274446802386e-13,2.0836616670003466e-12,4.57207213637723e-09,8.391157856037386e-10,5.589947545749829e-10,9.913732842829017e-10
8.241274446802386e-13,4.162722666443782e-12,1.3491539874195611e-08,1.2231545060204668e-09,5.830588645527706e-10,2.1114023055726507e-09
8.241274446802386e-13,1.8201112969304296e-11,6.5055315734058365e-09,1.342680620132203e-09,5.553703119168749e-10,1.5699619584780117e-09
8.241274446802386e-13,3.63496161916785e-11,7.009001299428263e-09,1.0183737179350231e-09,5.95879697427584e-10,1.1622322012107324e-09
8.241274446802386e-13,6.040137827872942e-12,4.074556092231204e-09,7.067359462357627e-10,3.4102654926942503e-10,8.774068699291162e-10
8.241274446802386e-13,4.302203440178862e-12,3.586793597014307e-09,6.952972261280098e-10,4.768259745825572e-10,7.628787824378564e-10
8.241274446802386e-13,3.3373160215987713e-12,4.43379737657501e-09,8.112193795024782e-10,5.246369138882539e-10,8.940610456726921e-10
8.241274446802386e-13,3.2751441553572713e-12,6.3111163588438736e-09,8.649382779898267e-10,4.194332057601443e-10,1.1742362448130998e-09
8.241274446802386e-13,8.745181176005108e-12,4.1377583342994216e-09,7.010090434397572e-10,3.5055151499188703e-10,8.392874357636636e-10
4.5462961104648027e-13,4.5462961104648027e-13,4.226300404729096e-09,7.191178241584372e-10,5.3376860211452e-10,8.637861841938337e-10
4.5462961104648027e-13,6.336553396845297e-12,7.120339138434119e-09,9.204981718737422e-10,2.8685468277751053e-10,1.3104912052957489e-09
4.5462961104648027e-13,6.98947517520819e-13,8.992564905566249e-09,1.3162393994509663e-09,3.90402597622129e-10,2.0244193150882236e-09
4.5462961104648027e-13,5.659259259316092e-12,6.116227034289698e-09,1.0390083417935651e-09,4.6149196716433957e-10,1.5538454306485062e-09
4.5462961104648027e-13,5.721189636470991e-12,2.4457539358641788e-09,4.595661201720322e-10,2.078153481619097e-10,5.852693853862174e-10
3.997196884583483e-13,3.997196884583483e-13,3.2167354704741313e-09,6.32681328304636e-10,3.1420593371251347e-10,8.22298172850869e-10
3.997196884583483e-13,9.424611118925421e-13,6.347788314797066e-09,6.856201082458554e-10,3.981199992262492e-10,1.0891346700862014e-09
3.997196884583483e-13,4.2981178108410286e-13,4.9572108209725676e-09,5.694013615372943e-10,2.4920911249831156e-10,8.957935473576197e-10
3.997196884583483e-13,8.10643376850073e-12,1.8979937093353804e-09,3.722667279735036e-10,2.101376178809529e-10,4.638565860243123e-10
3.997196884583483e-13,5.0953623245342775e-12,2.4342626938236403e-09,3.1697732323610703e-10,1.8516762684186431e-10,4.1136893216515904e-10
3.997196884583483e-13,1.7151486388254285e-12,3.2033345941296532e-09,4.790937491668325e-10,2.438084526299603e-10,6.453781722110664e-10
3.5305833319934216e-15,3.5305833319934216e-15,3.3413874138855238e-09,3.4247669613487686e-10,2.3100370095247e-10,4.981047944057379e-10
3.5305833319934216e-15,1.8835494286930444e-12,2.77879392133324e-09,3.468165035971162e-10,2.2125855009768232e-10,4.4603333866943837e-10
3.5305833319934216e-15,1.6553287835877749e-12,1.3827552814254296e-09,3.3744963137464195e-10,1.4324114383848203e-10,3.5692549620673065e-10
3.5305833319934216e-15,3.1882199533128086e-12,1.4193000923222532e-09,3.824939906545307e-10,2.87886932943996e-10,3.478909482333351e-10
3.5305833319934216e-15,2.6044303918612476e-13,2.7872702258805798e-09,3.061813184683816e-10,1.8320577277169243e-10,4.641562628427732e-10
3.5305833319934216e-15,3.964098344937514e-13,2.6092400685028334e-09,3.414896311988098e-10,1.5114549235277568e-10,4.661899439246178e-10
3.5305833319934216e-15,6.317700377521235e-13,1.924535555542924e-09,3.733469541313131e-10,1.926231076652924e-10,4.221044091170734e-10
3.5305833319934216e-15,8.434677354365855e-12,1.2071980868132512e-09,3.107414807290172e-10,1.848392140430375e-10,3.3138550682417315e-10
3.5305833319934216e-15,5.843509377652846e-12,1.997622356659025e-09,4.3096110811948843e-10,1.9405419472565572e-10,4.579346556551551e-10
3.5305833319934216e-15,5.811574800171503e-12,3.818955265186083e-09,4.4773487297434704e-10,2.2637032331946556e-10,6.326043518431237e-10
3.5305833319934216e-15,3.561457090058117e-13,3.2508596988721318e-09,3.298546839936532e-10,1.7246019971508646e-10,5.102344809498915e-10
3.5305833319934216e-15,9.987794996941637e-13,2.036615078081869e-09,3.590951746779876e-10,2.1354846421765194e-10,3.99915539128742e-10
3.5305833319934216e-15,1.2804168442493674e-12,2.097546288296686e-09,3.733729386351495e-10,1.9238517987147356e-10,4.745542037590878e-10
3.5305833319934216e-15,1.4928455255053454e-12,2.046851521105985e-09,2.5306121724868273e-10,1.267052670376088e-10,3.7138312860945216e-10
3.5305833319934216e-15,3.3973081904348247e-12,1.3189995642647563e-09,1.9116608751022795e-10,1.1177359772285727e-10,2.437184161202001e-10
3.5305833319934216e-15,2.0560177197703e-12,2.077451465992885e-09,2.097536148558606e-10,1.185751167771502e-10,3.2375692810630683e-10
3.5305833319934216e-15,9.82339754579536e-13,2.301103936829647e-09,2.002633809495795e-10,1.2344008561160574e-10,3.293369560982695e-10
3.5305833319934216e-15,9.520085297023486e-13,8.169024096225962e-10,1.2434784398601053e-10,6.772783385411624e-11,1.6905455505834777e-10
3.5305833319934216e-15,4.488105669532089e-12,2.0454219784054273e-09,2.051418212680048e-10,1.0088105133263997e-10,3.628624964519235e-10
3.5305833319934216e-15,7.731767920302709e-13,3.433648522543577e-09,2.574607409009705e-10,7.362886132535192e-11,5.859215405600548e-10
3.5305833319934216e-15,7.957322934645549e-13,2.5466950700230544e-09,2.034714788227875e-10,6.265232439719117e-11,4.801795058001063e-10
3.5305833319934216e-15,3.2082378270960765e-13,1.4412633300001853e-09,1.7820851522840587e-10,9.237830135465104e-11,2.4979045063900996e-10
3.5305833319934216e-15,2.0833392114066536e-13,1.6009762417396818e-09,1.853960039101713e-10,6.413049243758204e-11,3.00364311331445e-10
3.5305833319934216e-15,9.004725341801107e-13,2.14914065685128e-09,2.2611101878952558e-10,1.215119284110246e-10,3.3819097712578024e-10
3.5305833319934216e-15,9.669903879460985e-13,1.5751635240051404e-09,1.8155732458711137e-10,9.519508019353517e-11,2.9522186676685564e-10
3.5305833319934216e-15,7.813126374887202e-13,8.464768178514251e-10,1.5275546344860708e-10,7.028308083717165e-11,2.066055574439386e-10
3.5305833319934216e-15,2.9503921061654116e-12,6.232108912784243e-10,1.2789559125767303e-10,8.371943865357409e-11,1.2705265077872528e-10
3.5305833319934216e-15,2.290846513699273e-12,8.582127065805265e-10,1.3208804846066277e-10,7.426296198779063e-11,1.7689731882925792e-10
3.5305833319934216e-15,1.080526527087743e-12,6.608001196149539e-10,1.309251963086225e-10,8.058167798693659e-11,1.4905003933936426e-10
3.5305833319934216e-15,2.424349879816759e-13,4.81409680254066e-10,9.96184419338718e-11,7.329117204196811e-11,9.942057203349915e-11
3.5305833319934216e-15,4.705352631179975e-13,9.052880831443374e-10,1.5295260624741997e-10,1.0420381323081261e-10,1.7912514679592785e-10
3.5305833319934216e-15,6.28567414396073e-13,1.5031593615751265e-09,1.2408694507847821e-10,5.313963573473921e-11,2.2444747599868445e-10
3.5305833319934216e-15,5.6583640029505125e-14,1.2423435634202514e-09,1.3215980183925044e-10,5.960827512830746e-11,2.190795270001194e-10
3.5305833319934216e-15,5.263467417986557e-13,1.0168615113758229e-09,1.2074308153031545e-10,5.3675495989613584e-11,2.0082616301702158e-10
3.5305833319934216e-15,1.2990934590101705e-12,8.820711254870962e-10,8.058264997017392e-11,4.621880041873947e-11,1.3856713941417688e-10
3.5305833319934216e-15,1.316967789838384e-13,6.080227350294418e-10,5.874427327147164e-11,2.1403769541137456e-11,1.0478547736030687e-10
3.5305833319934216e-15,4.978128149636395e-14,5.260650629358193e-10,5.1746523425666786e-11,1.9534510059085687e-11,1.0024282379730608e-10
3.5305833319934216e-15,2.5987875188835013e-13,5.796387850813716e-10,4.838309973357638e-11,1.8148958946561764e-11,9.977439923959289e-11
3.5305833319934216e-15,2.4689772374795096e-13,8.16060365808044e-10,5.464512486725951e-11,2.812016446835517e-11,1.147343189247276e-10
3.5305833319934216e-15,3.7012166708355845e-14,8.096395623546346e-10,5.196208580706269e-11,1.4286666890382389e-11,1.21720855669514e-10
3.5305833319934216e-15,2.6810457053078242e-14,6.729249084240601e-10,5.385564206391267e-11,1.586586354544383e-11,1.0665865600514458e-10
3.5305833319934216e-15,8.511626955327415e-14,4.993147765400007e-10,4.5840101290241353e-11,1.7349065524333376e-11,8.625246732998721e-11
3.5305833319934216e-15,1.6501371910653524e-14,3.9858670288991217e-10,3.6842689780834614e-11,1.6264894891031894e-11,6.374585368150297e-11
3.5305833319934216e-15,5.102079634541339e-14,2.2835612764004844e-10,3.085962166546197e-11,9.842750800244149e-12,4.357794269534709e-11
3.5305833319934216e-15,1.7020646182343388e-13,1.1939318199543223e-10,2.7906307008227724e-11,1.3870384279165429e-11,3.359839681731996e-11
3.5305833319934216e-15,3.9852579878391335e-13,8.430854686603002e-11,2.1953564094136406e-11,1.1985660188244569e-11,2.3362862746174368e-11
3.5305833319934216e-15,2.863334855951403e-13,1.4906785544087397e-10,3.4943992817157596e-11,1.668371776299441e-11,4.019937403482898e-11
3.5305833319934216e-15,5.397838089615457e-13,1.678021400944635e-10,3.480122136643748e-11,1.9485405982980513e-11,3.7448540885407686e-11
3.5305833319934216e-15,1.8324923120871175e-14,2.73548873472585e-10,4.560751889055735e-11,2.784714957890625e-11,5.46396121658622e-11
3.5305833319934216e-15,4.190291930022647e-14,4.4938523833109526e-10,4.232503972884443e-11,1.487652347191396e-11,7.307145425419534e-11
3.5305833319934216e-15,1.591832600692218e-13,2.8865931406368605e-10,4.0986141928488047e-11,1.9080510714881775e-11,5.845256203786785e-11
3.5305833319934216e-15,4.1981597051148497e-13,2.3028515654086327e-10,4.129029870865796e-11,2.248875579527402e-11,4.888421695768918e-11
3.5305833319934216e-15,1.2878402472507573e-14,2.642541951210948e-10,3.661166871701881e-11,1.3987562755621838e-11,5.2434468937746666e-11
