iter,agent,mass,fitness,x1,x2
0,0,0.022951784808976864,5264.541591002864,62.86102902458197,-36.235791987667774
0,1,0.010894250051984291,10984.363793328388,96.77883363549776,40.22711962695112
0,2,0.026131305005500725,3756.249010525519,58.700897938345804,17.619693293511915
0,3,0.021282398251808644,6056.460875201235,-74.92951158745157,21.024489731434514
0,4,0.011011466314502052,10928.759045398145,-58.45656567533568,86.66942352896615
0,5,0.02341957366048124,5042.633123578925,11.907894537226909,70.00596525489243
0,6,0.015692349445893768,8708.2537927885,36.00129412156264,-86.0939057910677
0,7,0.0330789449182664,460.44552932436324,-19.385339834877243,9.200767838103772
0,8,0.010044860783856491,11387.294880998435,-57.43795160683012,-89.93429043590591
0,9,0.03346178956586556,278.8326740009114,15.327390819213221,-6.625991599452092
0,10,0.013306530283588717,9840.032526196013,-67.65930424152724,72.54137492320137
0,11,0.03203233638633664,956.9329820852568,30.511161005756634,5.099219172192207
0,12,0.014874670596094878,9096.142174096243,63.16830973205052,-71.45562832759904
0,13,0.016594954940006002,8280.07812925412,-14.773001339908049,89.78773056863167
0,14,0.0223434940448845,5553.10099290774,4.685244279687751,74.3716981045034
0,15,0.017906511332312892,7657.905394651938,-83.1033648296893,27.417807144910356
0,16,0.025878498919143702,3876.174508960374,43.875732744821136,-44.171196328211494
0,17,0.010364988044391588,11235.433737797799,96.84577786115781,43.08513720838167
0,18,0.026279402338917724,3685.99497992507,57.748037645782944,-18.739240325752434
0,19,0.026362556303794877,3646.5486167918507,7.749051593693039,59.887401147404404
0,20,0.014309070982400272,9364.449858315107,70.65773426275439,-66.12060531459987
0,21,0.03325037137575204,379.1246890901051,-6.536337013199557,18.341237350298442
0,22,0.016184830006325146,8474.6321362442,-90.45915689628748,-17.08136615897699
0,23,0.03177893305564622,1077.1417997447465,28.805245734576175,15.728942046921901
0,24,0.02289279046997195,5292.527173201258,51.3102092058042,-51.57314809528175
0,25,0.029026612051578398,2382.780730444426,48.771279897906226,-2.03543301646458
0,26,0.025781079057439652,3922.388291392074,-9.35696941729016,61.92604795008293
0,27,0.023841284045239206,4842.583240223542,25.299539311499174,-64.82681968791505
0,28,0.02084355909546583,6264.636260990088,47.507106700407576,-63.306485243979374
0,29,0.015814628063399352,8650.247577971455,30.34957098598079,-87.91559087521603
0,30,0.013675936539810044,9664.794540272951,30.90701522761995,93.32497495307791
0,31,0.006096295712409456,13260.404983367574,68.70937985397973,92.40901527150422
0,32,0.014403492381545866,9319.658478809077,92.67824051644257,27.025954443562213
0,33,0.02526316603926691,4168.074531566494,19.150944428677818,61.65481213219442
0,34,0.00962482003798785,11586.552725368943,-48.147443841101676,-96.27240714211369
0,35,3.346178956586556e-08,16152.350001196311,-86.06357209823672,93.51690520375405
0,36,0.011501579625864549,10696.260358354284,72.43671517805723,-73.81857931826714
0,37,0.024660679502785526,4453.880538965303,-65.87265129207148,-10.70861105458853
0,38,0.012059524668665583,10431.583829709816,-93.40592019069236,-41.31486297980216
0,39,0.011185848412307806,10846.036116141067,97.63656081392483,-36.23724753026678
0,40,0.030790380579026288,1546.0887709036251,32.6101796559407,-21.969637086463138
0,41,0.02012485869278895,6605.571502140232,-67.29899926473428,-45.567710059926505
0,42,0.01406274327578885,9481.30215969511,-94.55463422332426,-23.25345794905496
0,43,0.028474142305685776,2644.8599018801247,-41.68322720442277,-30.122557522637322
0,44,0.03107184193324704,1412.5698604949412,23.047795258790217,29.687859373889324
0,45,0.00837597208918312,12178.97799047211,80.13354288703431,-75.87880662506458
0,46,0.027995259829574282,2872.030934298558,49.62889147643338,20.223848919504817
0,47,0.0248323888167341,4372.425518012569,65.90761641502655,5.3489827539721375
0,48,0.017756000699175177,7729.304240142135,-76.97369499786764,42.47769436442357
0,49,0.02040921119653726,6470.681095684371,-50.18924642155418,-62.86271263094587
34,0,0.020153509065379552,1.195550642739608,-0.5272191966813266,-0.9579094745278933
34,1,0.02316807580638322,0.012130915337049793,-0.0943523637315602,-0.05682030266829946
34,2,0.02219182432142378,0.395375130995847,0.46007708677552783,0.4286072855423604
34,3,0.0225786876020104,0.24350533430942367,0.13740124109085483,0.4739475005273437
34,4,0.021847088218665857,0.5307071835931523,-0.4229819184381951,-0.593121808962962
34,5,0.022888532190431358,0.1218705423577921,0.23352869602406012,-0.25948967318776717
34,6,0.023009371403160686,0.07443304288479263,0.1964285161514402,-0.18933800708609994
34,7,0.004144749193337497,7.480063102237342,-2.27820793408839,-1.5132189898669832
34,8,0.017309886229335145,2.3118634168754224,1.2492952087341567,-0.8666746207829685
34,9,0.021934503616201865,0.4963907743673265,0.6960762902272202,-0.10894297843751682
34,10,0.016893975816346368,2.4751361621320727,0.10408276180839757,1.5698098422504585
34,11,0.020913073825007813,0.8973705067494546,0.43352775596256293,-0.8422732285663121
34,12,0.023194985760148352,0.0015669527894674683,-0.02739398958589412,-0.02857485125132575
34,13,0.022275859674787735,0.36238561591314505,0.5959977491154098,-0.0846894265095125
34,14,2.3194985760148353e-08,9.107155278971957,2.9378414882811317,-0.6901033753765173
34,15,0.022188252406309728,0.3967773473585089,0.5562711923603745,-0.29553292186908076
34,16,0.017951232368858632,2.0600920219077747,0.48513745683121623,-1.3508270318168476
34,17,0.022377544597617226,0.32246746050492736,-0.20393307982737685,-0.5299799613731146
34,18,0.022460206011290278,0.29001730894414135,0.36756827820107085,-0.3935871819615592
34,19,0.019062411406886737,1.6238796878458492,0.41300093398929677,-1.2055330424214086
34,20,0.0231090005693816,0.03532190988952938,0.016389199644912505,-0.18722527613687362
34,21,0.022532604759206463,0.26159594233186007,-0.1936493460579034,-0.4733876562640881
34,22,0.022923307393299158,0.1082189417684229,-0.1749168308960346,-0.2786091241106632
34,23,0.021515195459213824,0.6609973621369659,-0.28098020966323156,-0.762920365381979
34,24,0.021702649092318282,0.5874092327478515,0.3513878462828819,0.681128339032028
34,25,0.022748024987464237,0.17702904774821754,0.4205548279391014,-0.012754781273323967
34,26,0.021990037323581697,0.47459006783288826,0.38126813533433995,-0.5737810355976953
34,27,0.019862686298099487,1.309718093503179,0.24578863161114645,-1.1177235982450666
34,28,0.02305978991453477,0.05464039401927261,-0.15304704642443356,-0.17668332009567256
34,29,0.02291550605089321,0.11128149214352288,-0.10339283484832806,-0.3171614948973933
34,30,0.006724179429277189,6.467463651328069,-2.433785636602539,-0.7376659992132235
34,31,0.022017095175390498,0.46396804537900715,-0.03987469719788761,-0.6799838629720443
34,32,0.023093093008244095,0.0415666950551466,-0.09995533942718637,-0.17769531556893267
34,33,0.0031448947112684227,7.8725730780551135,-0.5359928544047916,-2.7541395640167035
34,34,0.021774743239500922,0.5591074423626126,-0.2234870131913061,-0.7135551816765411
34,35,0.023140578194738096,0.02292557303517752,0.11616503733696162,0.09711465973620992
34,36,0.022123277356786413,0.42228441421125723,0.6491603958957157,0.02958368827200042
34,37,0.022275271589501468,0.3626164788493329,-0.5808759308214468,-0.15874391906983576
34,38,0.02264537301908774,0.2173268334237133,0.105546920563719,-0.45407783582028016
34,39,0.019946678396551537,1.276745558875864,-1.1090780806663847,-0.2160818591673821
34,40,0.023068806909970496,0.05110061825800262,-0.16852267727038173,0.15066759938230045
34,41,0.022804391388680595,0.15490145300804778,-0.37011579237359116,-0.13384974129118277
34,42,0.022879615429577397,0.12537096931984235,-0.02016858112433928,0.353502754805777
34,43,0.022721430846702306,0.18746903250055655,-0.40476686472653256,-0.15372969043099466
34,44,0.009982238922112648,5.188456680134273,2.1059870058168157,-0.8679144033054156
34,45,0.021588815899548613,0.6320963992731468,-0.41270418420238975,-0.6795378250068106
34,46,0.0205500321369991,1.039888729887549,0.6795368396036913,-0.7603409850251241
34,47,0.02248600929696624,0.2798877878805039,-0.5232139190214775,0.0783261311612582
34,48,0.01800963543860059,2.0371648981080583,-1.408405525044145,-0.23142768877812514
34,49,0.020121245053934946,1.20821643219099,0.850894999138644,-0.6958405942684267
68,0,0.01948111372894308,0.6602532824347511,0.8123930216274237,-0.016457850583094735
68,1,2.3168240398150695e-08,4.127862255240751,0.016359051327371907,-2.0316482561409144
68,2,0.01731650649430621,1.0455501178141327,-0.35129281903363113,-0.9602830171931278
68,3,0.022929481311407974,0.046449034029629466,-0.011843118984531498,-0.2151947363723093
68,4,0.020231214472685798,0.5267364770969578,0.7029161378011279,0.18068032631059605
68,5,0.015302216099254418,1.404090781602839,-0.10907851563902107,-1.1799121403853876
68,6,0.01904549156906833,0.7377933723573599,0.8264404405599075,0.23407172098420148
68,7,0.022754856683885664,0.07753195534996633,-0.2618053518371416,-0.09481515226690734
68,8,0.01804788386116521,0.9153660454292172,0.6802165156127167,-0.6728086929558149
68,9,0.019711087041596555,0.6193183783240925,-0.7762891084880112,-0.12920370879731435
68,10,0.015554793443074805,1.359132393907692,-1.1328086867452793,-0.2754575704934019
68,11,0.01830969254597628,0.8687644929080897,0.7870950059858033,0.4992453750014094
68,12,0.019317516965369964,0.6893732605418214,-0.33713170568440354,0.7587591670379648
68,13,0.02215937655240393,0.1835265240273181,0.24185795096214796,0.35359758990087775
68,14,0.02218628553409591,0.1787367657176815,0.12422535729820683,-0.40410991861350587
68,15,0.02157838541204951,0.28694207405414257,0.09263338298081564,-0.5275994033465846
68,16,0.0229399482720439,0.0445859307633506,0.1767756862434146,0.11548284511788076
68,17,0.019989508015644898,0.5697598632791838,-0.15052333201355345,0.7396638356704492
68,18,0.02223369719314813,0.17029756164379706,0.3657427962050718,-0.19112762403141104
68,19,0.021475743293958672,0.30521221685151373,-0.520056507661222,-0.18642276065632923
68,20,0.022728533432942614,0.08221745446637099,0.2840414221223675,-0.039216386690693966
68,21,0.019152866134078916,0.7186808611189148,0.7338177448405668,0.42449072837462487
68,22,0.022826008726027983,0.06486699875666775,-0.000244380634415807,-0.2546898879711821
68,23,0.019473204345369966,0.6616611408266839,0.038378852010366504,0.8125196640974607
68,24,0.01603653425756922,1.273383252757417,0.9928336081136133,-0.5363438070468616
68,25,0.014773446085918435,1.4982110494841605,-0.037085149043698404,-1.2234523861616222
68,26,0.023168240398150696,0.003950275331969287,0.05531582504345267,0.029840154686787745
68,27,0.020268024803046188,0.5201842936014119,-0.00048642742277026085,0.7212378643622188
68,28,0.02309981673388714,0.016129584762316504,0.09460354114117009,0.08473343357770557
68,29,0.022793957981160854,0.0705719831858307,0.2564193193762644,0.06943425549715379
68,30,0.022142390979871335,0.18654993041679796,0.00739982276756429,-0.4318508689811873
68,31,0.022137224633026066,0.18746953239266798,-0.4112433503772298,-0.13545641056509272
68,32,0.014276492764911835,1.5866679939363662,-0.40495118695635535,-1.1927625623396323
68,33,0.02285821088460636,0.05913506291440606,0.2424240616690322,-0.01912164319025267
68,34,0.02149867953625122,0.3011296001858175,0.5230503538242641,0.16597568361097254
68,35,0.020533209605089944,0.47298179728558165,-0.19569942440602436,0.6593053409253806
68,36,0.021031883648872457,0.38421856676469923,-0.3629386930199532,0.5024878823152529
68,37,0.016135710849108035,1.2557299684792507,0.3516164089992003,1.0639999386286438
68,38,0.022755556018355324,0.07740747486513765,0.2780700338357638,0.009194082211663401
68,39,0.02232687520545858,0.15371201545523827,0.24544085042024294,-0.3057299533906127
68,40,0.021340727251013315,0.32924486963021465,0.09129374227167775,0.56648947232252
68,41,0.020967926800742127,0.39560278963485374,0.61880189830897,-0.11263658501600982
68,42,0.02132366272297501,0.33228232998107843,0.04422670132998785,0.5747402272945112
68,43,0.02107492359155213,0.37655752163649625,-0.6099558211041969,0.0671670896913158
68,44,0.022885359664275195,0.05430262092519271,-0.1605820380586335,-0.16886690018511114
68,45,0.022548742708148453,0.11421993333888406,-0.3206295302873197,0.10684866703247531
68,46,0.022817927684731957,0.06630541196535884,-0.21251273951757788,-0.1454088976235393
68,47,0.020820257198490358,0.42188775695775194,0.3244651463816191,0.5626811936979114
68,48,0.019822901101883426,0.5994156435969411,-0.7163129787123139,0.29378795095312066
68,49,0.015815882594165345,1.312658917307698,-0.7954087302133181,0.824611344336309
103,0,0.02291565924339608,0.027806511286622645,-0.05688094508851438,0.15675161680971605
103,1,0.022230809680324266,0.06136981963515936,-0.2124912791105379,-0.12734706882031813
103,2,0.023273572012871845,0.010265817254618975,0.0832664624939532,0.05772792633000133
103,3,0.022644016540962483,0.041119256558028276,-0.010105660876523759,-0.20252686778863926
103,4,0.021725962337936187,0.08611152633277114,-0.037714947862905565,0.2910139327256849
103,5,0.019886231130106832,0.17627361321480345,-0.17599224946544129,-0.3811828187928954
103,6,0.02239904022935328,0.05312512752295545,0.11863650826650973,-0.19761200983059157
103,7,0.013673049613004959,0.4807710361941815,-0.5063103761146719,0.47373076660989727
103,8,0.02257039199757145,0.04472746978484207,0.1999937577668534,0.06877475291947788
103,9,0.02137421083029488,0.10335026743683742,0.320831661504295,-0.020428225895336938
103,10,0.020337962715611575,0.15413501911676042,-0.3890444218641409,0.0527205551294444
103,11,0.02148149531916549,0.09809243772482278,0.3062270667920104,-0.0657070870514314
103,12,0.020615841686610844,0.14051664496552424,0.10678330230588962,-0.3593243260818466
103,13,0.022970453129380446,0.02512115644364228,0.07252479578427767,-0.14093016156980415
103,14,0.021178746730218172,0.11292962941017057,0.028495550038244277,0.33483971245685373
103,15,0.022180696382288274,0.0638257868504991,-0.25223658664002147,0.014229940642534411
103,16,0.022180696705567098,0.06382577100715559,-0.1624311975872137,-0.19349903632199084
103,17,0.019716473055382808,0.1845931667545041,0.017711030927349228,0.4292778658840851
103,18,0.02177727009068161,0.08359702093053209,0.07951297320718834,0.2779832873075017
103,19,0.023038341257449142,0.021794075142232642,0.07190857681884072,0.1289311123124342
103,20,0.021087798390019216,0.11738685235442323,-0.1769895383040505,0.29336249877130216
103,21,0.019051674877543064,0.21717379093173086,-0.004889778992669874,0.46599343449573805
103,22,0.018809044696555907,0.22906468203868668,0.23230543339766563,-0.4184481660284932
103,23,0.02285147106316217,0.030952264458835737,-0.13709832914289571,-0.11025566926494967
103,24,0.01911618212023008,0.21401240105319036,0.18557663910316835,0.4237613857731291
103,25,0.020247614896083524,0.15856281156775745,-0.32897317855581665,-0.2243645679661569
103,26,0.02026039416260793,0.1579365215239951,-0.13337347357026075,0.37436351060406253
103,27,0.017946120172736356,0.2713551403176721,0.1505535201079581,0.49868705407376956
103,28,0.021670051308494732,0.08885163047010983,-0.26027073223076647,0.14529547967562684
103,29,0.022875901553584925,0.029754967815340736,-0.01932230034064719,-0.17141066631014115
103,30,0.02327781059663338,0.010058091497868307,-0.07933877862303418,0.06134696165641362
103,31,0.01988961233804844,0.1761079059838232,-0.3423571290897071,0.2426921963007398
103,32,0.023190468820511127,0.014338562891543673,-0.1193097547768096,-0.010185544003205232
103,33,0.020296786544849562,0.15615299297615598,-0.3092557655362068,-0.2459956594307523
103,34,0.020673045102576726,0.13771320317015978,-0.36636797915009084,0.059056811830968114
103,35,0.013045190974157166,0.5115413166049925,0.5011346780042456,-0.5102992760200367
103,36,0.020919993426898806,0.12561068722753468,-0.27873581826642524,0.21889959077824023
103,37,0.020493565174535888,0.14650920814998084,-0.31522128816703066,0.21712841277985395
103,38,0.020786015949026168,0.1321766947773229,-0.15846115102608305,0.32721057194536335
103,39,0.013616850785981998,0.4835252447998456,-0.6909523945020126,-0.07816670219332986
103,40,0.011167840303690202,0.6035470691509832,-0.7758707974751874,0.03964309241469387
103,41,0.012159164554369994,0.5549639593805543,-0.7392379023737186,-0.09214815828142672
103,42,0.023384434034845466,0.004832658750504292,-0.05728001472463534,0.03939109878703373
103,43,0.01628361611742378,0.35283162690381864,-0.29036084259416434,-0.5181912851368938
103,44,0.02060024845519457,0.1412808426264338,0.22229093370903502,-0.30309665688885323
103,45,0.02065524433828698,0.13858558824990846,0.3415483716261785,0.14808881824572145
103,46,0.022521722776490356,0.04711266525302809,0.0622639856056158,-0.2079323480113947
103,47,0.022022849945772395,0.07156157132955662,0.261764343714602,-0.05514525989802138
103,48,2.3384434034845465e-08,1.1508638638331854,-0.044626204536223665,1.0718546383264274
103,49,0.022928342447076925,0.027184929118886255,-0.12112687935502486,-0.11186245221967694
137,0,0.02065990518294973,0.08946017276017362,0.12392688700455301,-0.2722173753409844
137,1,0.019330957452031578,0.1690589785921077,-0.1281848460405048,-0.3906758552018281
137,2,0.02126795770645816,0.05304018901790414,0.06450691374011866,0.22108606264898073
137,3,0.0218224786716384,0.01982653763778295,0.13841947818361605,-0.02581832095931863
137,4,0.01976793014734485,0.14288601187650385,-0.37141200295008536,0.07027898648322714
137,5,0.020847669282310913,0.07821383271267372,0.1300447261064055,0.24759281476768202
137,6,0.021104832502981327,0.06281075492938362,-0.190818239348926,0.16247816610597132
137,7,0.020586310015750918,0.09386823734220168,-0.289873395398204,-0.09920510058720852
137,8,0.02191012264233669,0.014577004308783496,-0.11930489797248925,0.018529587921954083
137,9,0.021460806903915157,0.041489271351173626,-0.15930367523138977,-0.12693151857968737
137,10,0.020772083579836943,0.08274112262402286,0.2869918141291619,-0.019411884166031845
137,11,0.021225263871009776,0.05559738388645515,-0.2273471209837017,-0.06253535373592492
137,12,0.021977963018852912,0.01051362933003305,-0.07709117778593044,0.0676060621365504
137,13,0.020277172438697245,0.1123843771412058,0.2649593058254991,-0.20537999755982922
137,14,0.022010126483601233,0.008587162753642562,-0.08052271013973067,0.04586126803082835
137,15,0.021233279916069405,0.0551172539314564,0.1850030842608838,-0.14453758246704118
137,16,0.018414340490103886,0.22396077335594816,-0.4730992315634282,-0.011742676442868055
137,17,0.012399218138377258,0.5842432321699008,-0.7643503440079806,-0.0034327517799120355
137,18,0.02109378853842234,0.06347224549827024,0.24659060717059256,-0.05162671743882952
137,19,0.021856414629912165,0.017793905585739855,-0.10776304187788954,-0.07861954204244692
137,20,0.020752573109010068,0.08390972402414335,-0.13874666990218487,-0.25428150859863463
137,21,0.021207931444663552,0.05663552888435993,0.021688202205261464,0.23699187912133957
137,22,0.016209930601856895,0.3559963610515898,-0.5911771500983963,-0.0806593965581691
137,23,0.018840987514392633,0.19840627421724277,-0.05934891554915678,-0.4414566574878918
137,24,0.016925871453225536,0.31311428564003885,0.35458369820905217,0.4328795289736287
137,25,0.022152380429756494,6.670406636516594e-05,0.004353322107060409,-0.006910329442026991
137,26,0.020714580518515036,0.08618533258534457,-0.0999296517802189,0.2760423831233689
137,27,0.020324367534457176,0.10955757426836546,-0.18459359866267966,0.27474129212975434
137,28,0.02141281392803234,0.04436386414343769,-0.05848422584735012,-0.20234490225966612
137,29,0.02124789106450322,0.0542421029077502,-0.21141489256962576,-0.09770284595406521
137,30,0.020007177572977965,0.12855602060920004,-0.3107759164787294,0.17881373086540603
137,31,0.021534385154407108,0.03708222001416131,-0.13095760672689866,0.1411818871333156
137,32,0.020639669417418002,0.09067221649518778,-0.28592164648738083,0.09445119673743158
137,33,0.01929484486954286,0.17122198197796948,0.18614051624835978,-0.36955877771846196
137,34,0.02157042302711039,0.03492369145418377,-0.16349655371169355,0.09051280781515436
137,35,0.019360379158473048,0.1672967326859723,-0.07594482915142667,0.40190684942052546
137,36,0.022016756426249867,0.008190054947753772,-0.07306817405594208,-0.05339566356816183
137,37,0.018682034194420577,0.20792696051545811,-0.13752877905251265,-0.4347560182996703
137,38,2.2152380429756493e-08,1.3269082250079622,-1.0562586000775918,-0.4595932927818772
137,39,0.01796591496046363,0.2508197203509937,-0.4994581508552547,0.03689547255752884
137,40,0.021821752013670585,0.019870061626831227,-0.12524961662810113,-0.06467298633390078
137,41,0.022035189532783415,0.007085983483009969,-0.06812022002304718,-0.049453201180728545
137,42,0.021841079842830513,0.01871239975295837,-0.13515316330790073,0.021119237695198384
137,43,0.021824965310626762,0.019677597623511817,-0.12894566142872838,-0.05523236390215039
137,44,0.020482990039147986,0.10005670252020758,0.248642317968503,0.1955343965532853
137,45,0.020235998288814474,0.1148505487486849,0.08787440180378109,0.3273051149253744
137,46,0.017684481758354773,0.26767647572830683,-0.048792438206160776,0.5150687077489806
137,47,0.021111466711693574,0.06241339160285929,-0.1717740813715552,0.18140302249912382
137,48,0.020675457676990392,0.08852863879194925,-0.28452315232712966,0.08703570865904531
137,49,0.02140706268063008,0.044708341517989976,-0.20343376895463688,0.0576458425812425
172,0,0.021840071525617576,0.06169470514027244,0.07854573950161092,0.23563801040243385
172,1,0.022279546592088053,0.04217191286360034,-0.1632839823494835,-0.12454017011267451
172,2,0.022780645881174868,0.01991158895171532,-0.07177647041462246,-0.12148961785491855
172,3,0.02079092983476327,0.10830070593991317,0.13498720943390002,0.30013190305124443
172,4,0.021878143670504602,0.060003426993081574,-0.1812349929313101,0.16479473392760327
172,5,0.02269759005097019,0.02360117647137808,-0.1489597829293854,0.03757871127391765
172,6,0.019765497928439964,0.15385344744536703,-0.36571596981540605,-0.14179307764254234
172,7,0.00747417747390601,0.6998705354386805,0.8345330891105763,-0.058524000360871936
172,8,0.0222380411977479,0.04401570618405391,0.05388727908832913,-0.20276061584171232
172,9,0.022399187239221758,0.03685711873751558,0.18808155463554538,-0.03850256541312452
172,10,0.02055289699253832,0.11887483423143422,0.19037391192279635,-0.28745888034751266
172,11,0.023155297701470397,0.00326843847119071,-0.024125987719704443,0.05183025359516757
172,12,0.021796896905912064,0.0636126504264624,0.0017298440211318267,0.25220955189311317
172,13,0.02132905718380021,0.0843954852455552,-0.22529942365398403,0.1834002588513381
172,14,0.018610168957417416,0.20517660371368698,0.036142149609328204,0.45152004245138877
172,15,0.017327973142686248,0.26213556329711213,0.00400100212801789,-0.5119761276456977
172,16,0.02264648381505582,0.025871467789181472,-0.09827660925278082,0.12733096977152772
172,17,0.02132075888772747,0.08476412028958513,-0.2898522475356662,0.027382382805519856
172,18,0.02201136460234473,0.05408535614526873,-0.23017705800193147,-0.03322466124498802
172,19,0.02153428315820409,0.07527873580117278,0.18952839521620013,-0.19838781012941453
172,20,0.021514371602364055,0.07616326645655741,-0.16656601687542888,0.22004324229299058
172,21,0.019883811592915454,0.1485976018439374,-0.37650806832590156,-0.08269991734842082
172,22,0.02209686857896179,0.05028701466544237,-0.03257628259895354,-0.22186888127332208
172,23,0.0168589196660593,0.282972316709274,0.441290792876747,-0.29704335177122876
172,24,0.02226133460979075,0.04298094339675925,0.10539910062116502,-0.17852723317468622
172,25,0.02149676790715492,0.07694527506430385,-0.15920417336463924,0.2271548067895235
172,26,0.019600817833247058,0.1611690280911002,-0.14829394359253747,-0.37306558992337197
172,27,0.021586883116529704,0.07294208888192945,-0.25833043513095477,0.07878753179901635
172,28,0.020717141536546274,0.11157860206746581,-0.23215391571875177,-0.24017319060194148
172,29,0.021429832049929726,0.07991876533978971,-0.22632918575199115,-0.1693926356623286
172,30,0.019004476004843618,0.18766030946301696,-0.11307520332537424,-0.4181797554353178
172,31,0.018149790069041022,0.22562800606176842,-0.04297953663421453,-0.47305471722885994
172,32,0.021891282125309906,0.05941977767240365,-0.20909183690369032,-0.12530116285431758
172,33,0.021996538718354174,0.054743966099617736,-0.23394909234049338,-0.0034334083178428065
172,34,0.016397229604839036,0.3034819652629373,-0.19149720952205285,-0.5165373016619461
172,35,0.018408818387695043,0.2141211961317498,0.4426008199055951,0.13500263090267833
172,36,2.3155297701470395e-08,1.0318957750818298,0.10699982569229405,-1.0101716747086351
172,37,0.021432927400665568,0.0797812606346317,0.15930098915210683,0.233247626975693
172,38,0.02281527489633584,0.01837326488895836,-0.07010027057611756,0.11601386535286834
172,39,0.021685948481582593,0.06854131010903347,0.2547976893026749,-0.06016184534280036
172,40,0.01903979582622161,0.186091297729201,-0.43138294071465205,0.00023704341374493343
172,41,0.017052402694465663,0.2743772239251134,0.5013886054894618,-0.15161362145416288
172,42,0.02228640173466849,0.04186738699891434,0.14270629669806062,-0.14663662530772942
172,43,0.022606218255539316,0.027660183951529343,-0.11112471655457662,-0.12373957055927723
172,44,0.019940489073104913,0.1460798192507392,-0.09390887485376553,-0.37048743902383385
172,45,0.021601864905970748,0.07227655314280454,0.023419485687041858,-0.267820986543174
172,46,0.0196292475376892,0.15990609588707627,-0.3989569033542586,-0.027193476295925063
172,47,0.017872757986791325,0.23793459682963872,0.006802921512656473,0.4877379594500836
172,48,0.01848488110218067,0.21074226365480922,0.43824532944135375,0.13668684968806818
172,49,0.017827870804313743,0.23992861925833503,0.4740832767789547,-0.12318143503330398
206,0,0.023458066600788596,0.0045135731282552995,0.04602329732766522,-0.048943122411066325
206,1,0.019938468505220297,0.032196564088192645,0.10311217316722468,-0.1468483702086098
206,2,0.02399325987300998,0.00030407246527358524,-0.012478494573326483,-0.012180297141574453
206,3,0.02300514195527682,0.008075999441368411,0.08986649482766586,0.00011202123689579846
206,4,0.021303005880928576,0.02146395348592169,0.1329289613134978,-0.061594193963687
206,5,0.022847467993795865,0.009316165713702397,0.09651816869974765,0.0006393938922524267
206,6,0.02121330394930582,0.02216949363419273,-0.042152247244148955,0.14280294705103558
206,7,0.014057283295272206,0.0784543448290423,0.2778381962634896,0.03550044402670097
206,8,0.0236121034832324,0.0033020138796132094,0.018277903491537663,0.05447873092838383
206,9,0.018559278423016957,0.04304442385540434,0.10606885413680692,-0.1783082220132014
206,10,0.023642279703494164,0.003064666316048136,-0.017828272342556517,0.05241010419115545
206,11,0.023874925956906445,0.0012348141695246637,0.0066416840704478786,0.03450655303319969
206,12,0.022130418161880466,0.014956038072916598,-0.11122124268169031,-0.050851482271976556
206,13,0.022630872173033337,0.01101977504218771,0.06757848429025917,0.08033009089512413
206,14,0.023294821622477403,0.005797557587882658,-0.004158562623396582,0.0760280470930955
206,15,0.02395526004204949,0.000602955732167864,-0.022264623117206367,0.010355785321095823
206,16,0.019274649512527702,0.037417755450036685,0.19112332405958338,0.029826673472785423
206,17,0.021726061642805446,0.018136457415750165,-0.042404693131625315,0.12782135743357936
206,18,0.015810258245791367,0.06466652349531615,0.23011150061159114,-0.10823687348402966
206,19,0.02120158903224513,0.02226163595677663,0.053360670513239415,0.13933511689145034
206,20,0.02060962568391924,0.026917655074684986,0.16088245865752718,0.03216348194760703
206,21,0.020691503023989886,0.02627365834453176,-0.016857151467657885,0.16121257639814643
206,22,0.022085834917572517,0.01530670241459121,0.11992051984569158,0.030426490670636075
206,23,0.023112829565465346,0.007228995022568461,-0.0712976281412542,0.04632108854506657
206,24,0.021006577146554746,0.023795479345158015,-0.03549789525528605,-0.1501178829373861
206,25,0.023067401351572668,0.007586305374594331,0.03915269717046837,-0.0778034168842984
206,26,0.021529211733167086,0.019684757568499085,0.1251235218476571,0.0634733160386155
206,27,0.023943856756108182,0.0006926469562949348,0.008151372861957135,-0.025024029986400742
206,28,0.021606312626124575,0.01907832942960651,0.13779570749540695,0.009522206963028936
206,29,0.01936489739395709,0.03670792119682773,-0.009721715901527185,0.1913463076120303
206,30,0.017309864511754182,0.05287154418890445,0.029869596469829243,-0.22798980546426634
206,31,0.018972870163085288,0.039791365952050885,0.03327613224280225,0.19668265041688457
206,32,0.021912851993978116,0.016667279554383692,0.006846069274619837,0.12892017254825094
206,33,0.017036181339038586,0.05502416746873648,-0.2176420495141972,0.08749917572181018
206,34,0.008039476621521945,0.1257867058613551,-0.3533871857968147,0.03006996468176589
206,35,0.02215845327718723,0.01473553112225789,-0.10996634831190111,0.051409467622253534
206,36,0.01887155342814825,0.040588260989834896,0.16949569639088397,-0.1089011932662089
206,37,0.017709846815814206,0.049725529727375234,-0.15682455457500993,0.15852945723027304
206,38,0.013578825718555086,0.08221759745372442,0.28152985442339407,-0.05439244912730967
206,39,0.023969435507475566,0.000491460251551161,-0.019063507476283995,0.011315605783731829
206,40,2.3993259873009977e-08,0.18902027759116485,-0.32643842522067773,0.28715541459392485
206,41,0.022258772691709162,0.01394648039262667,-0.04918647739014417,-0.10736466287645813
206,42,0.018281122647536403,0.045232225873986606,-0.21255673842206727,0.007201307197965828
206,43,0.01748211367561612,0.05151673835125756,-0.21964339501151647,-0.05721466052571225
206,44,0.020825834156959308,0.025217092384823756,0.04869751790743844,-0.15114775596904662
206,45,0.016912048996894094,0.05600051602107507,-0.23213413900116767,-0.04598105622168375
206,46,0.01770668597236857,0.04975039097520963,-0.014828492314145333,0.2225545029670237
206,47,0.018931849399911868,0.040114010011192,0.05982047726747815,0.19114267056490325
206,48,0.01969898817216533,0.03408016889619358,0.18410045604861422,0.0136817754288633
206,49,0.021796634665531264,0.01758137348369716,-0.12168162408216968,-0.052677849656404
241,0,0.023569576264568987,0.0025982750538998765,-0.04826705015861513,-0.01638801155984483
241,1,2.3709627386055795e-08,0.18357409390697066,0.04178441181340677,-0.4264131292964351
241,2,0.019108552825726665,0.036851643069720434,0.07217916258825877,0.17788145366445077
241,3,0.020228881646956992,0.028249349013562883,-0.16351956784743094,0.03886772368627103
241,4,0.020264800320474303,0.027973552313658542,0.1513831222446036,0.07111049580149154
241,5,0.021538776561397285,0.0181914972265257,-0.014917591038122839,0.13404835957274902
241,6,0.0225504314297528,0.010423641489867498,-0.1018385362149166,0.0072494159399649274
241,7,0.007885217622045962,0.12302851175623751,-0.16402054856391457,0.31004156399591015
241,8,0.023469196721571366,0.00336902586359517,-0.03813068494707064,0.04376158965419801
241,9,0.017458556829643923,0.04952091523411857,0.2196202560436584,0.0358867436449241
241,10,0.02282585234586385,0.008308859057508345,0.047645811464218465,0.07770930257970723
241,11,0.01227467991092857,0.08932461639816239,0.06434040164732745,-0.2918645732424937
241,12,0.019813563922575307,0.031438310257942886,0.09730280170602251,0.14822440770028852
241,13,0.017334339610688622,0.05047470043007392,0.1695024453328694,0.14745718516319078
241,14,0.023472789644429403,0.003341438089041632,0.0035306061288679722,0.05769725218244307
241,15,0.023363025307844818,0.004184248773089486,0.05551240615158848,0.0332057455322203
241,16,0.018389798747435206,0.042370499514684204,-0.018824456980222014,0.20497838748044628
241,17,0.022164191252558474,0.013389334702043544,0.10087082639156432,0.05669577660749023
241,18,0.017761937095478523,0.04719145069827051,-0.16681088069798405,-0.13916027011698937
241,19,0.02298491165491965,0.0070875435625051275,-0.0729460961361697,-0.04202868807133783
241,20,0.02341318220973562,0.0037991257531026423,0.061514269971525135,0.0038884885203589736
241,21,0.02321514173927077,0.005319752849072171,-0.06837157630802147,-0.025398433066403284
241,22,0.022629417492004103,0.009817157642493543,0.09858007470488507,-0.009956229892525634
241,23,0.020967870459083666,0.022575122888465925,0.11530989122382942,0.09632627821324019
241,24,0.023703930272018937,0.0015666558919127688,0.03601948190411599,-0.0164089248664204
241,25,0.021982675949463536,0.014783075524671391,-0.002902876691233125,0.1215510132890174
241,26,0.023704214501125438,0.001564473476976091,-0.001292640542248362,0.03953229764894303
241,27,0.019424784250361374,0.0344235026408078,-0.1813580885708826,0.03915030460575881
241,28,0.01879668790397144,0.0392462558940097,-0.19794934764388739,0.007893773582331325
241,29,0.022664018741496112,0.009551476605640602,0.07942892979683075,0.05694314460030052
241,30,0.017919014712986576,0.04598535135507856,-0.04695837722110695,-0.20923733453626
241,31,0.018218677657763385,0.043684429768616716,-0.06750558601057279,0.19780653585254931
241,32,0.022801024486093606,0.008499496436893187,0.0651356002383904,0.06524454014304785
241,33,0.023501699266426986,0.0031194594478044587,-0.003084282639181351,-0.05576689563178233
241,34,0.021791246191499268,0.016252943154515344,0.07278628161167772,-0.10466661532533136
241,35,0.023709627386055795,0.0015229113686193974,-0.039001925296177464,0.0013270990207176758
241,36,0.022050538214795867,0.014262004254662824,-0.06092236576417598,0.10271547889368371
241,37,0.013428369131567666,0.08046616900549607,-0.015125442398092274,-0.28326205181378966
241,38,0.021212824728827108,0.02069427449939173,0.05304466599448092,0.13371812857247775
241,39,0.02181149216672711,0.016097487158861917,-0.021288187198706517,-0.12507717715336697
241,40,0.022353671781321534,0.011934433966252388,-0.05753329599853629,0.09286739911183686
241,41,0.020508205673503806,0.026104597073086246,-0.14408727121013926,0.07309894218319456
241,42,0.02276106119386933,0.008806349197128206,-0.045803866160839535,0.08190454835873344
241,43,0.021309245045238092,0.019953924078125112,0.13824449026878363,0.029023869288041196
241,44,0.021163812079231122,0.02107061153215064,0.12753752301965562,-0.06931660518347282
241,45,0.01949845523534715,0.03385782989880117,-0.14715292999233584,0.11047101472092975
241,46,0.012179348041204945,0.09005660932804643,-0.025671423875065255,0.29899429312994114
241,47,0.01993238295589745,0.030525974303769222,0.15532338777282184,0.08000387187219654
241,48,0.021833079396579375,0.015931732520109425,0.09612845087078797,-0.08179885973100069
241,49,0.015055197712044648,0.06797478472346366,0.09796537708249037,0.2416145062212721
275,0,0.024982047744636828,0.0005590749248923539,0.010559085143081764,0.021156101858175666
275,1,0.007915667684039777,0.033375501588772505,0.12692502063803662,0.13139840457481394
275,2,0.02016016276609594,0.009830931886831864,-0.0046421366341226206,0.09904232657960939
275,3,0.009254853115275413,0.030800422378217087,0.16861474024417816,0.0486774254722393
275,4,0.018708053656666397,0.012623148626898995,0.09396831566127685,-0.06158818294674415
275,5,0.024119531204595555,0.0022175819241591834,0.030423006174096295,0.03594471615536951
275,6,0.024321044389315514,0.0018300983087300806,0.03587669953364071,-0.023301517961346316
275,7,0.015211831416260731,0.01934592875634171,0.139088943233115,-0.0004411650904412312
275,8,0.023288566161067618,0.0038154195039129674,-0.03442338807431927,0.05128791141582762
275,9,0.02463417031865387,0.0012279979183598834,0.03198024024354372,0.014326972894687495
275,10,0.024133616451712116,0.002190497827976985,0.028107385675336268,-0.03742289003370647
275,11,0.024612671823245093,0.0012693367257379485,0.022728983826503464,0.02743592571706835
275,12,0.013635391220165202,0.02237721798706753,0.03307614717844004,0.14588758163359108
275,13,0.019360109822637302,0.011369329523179433,-0.10643574437169477,-0.006384500232804291
275,14,2.507456441169586e-08,0.04859629985569272,0.22037167528133506,-0.0057117938855089645
275,15,0.022245201579051854,0.005821673739892544,0.04911726397817957,-0.05838808199616055
275,16,0.020769626470042074,0.008659012541673122,0.09303944380786405,0.0016353707825531028
275,17,0.02111375346119607,0.007997301146042125,-0.07727623139587045,-0.04500761277044152
275,18,0.022670936107691875,0.005003041675694391,0.037266373679311696,-0.06011870814054719
275,19,0.02497493342592441,0.0005727548334295232,0.007884467765869735,0.022596238657760816
275,20,0.017913241840713166,0.01415146825749453,0.06827241412631735,-0.09741840548304592
275,21,0.023340626820230286,0.003715313635098436,-0.012100701312612372,-0.05974015954817477
275,22,0.021793746779226145,0.0066897625365754665,-0.051778141368955866,0.06331497937259309
275,23,0.01807080772709542,0.013848489574444399,-0.11537472637042158,-0.02317675752547682
275,24,0.02473819788221081,0.0010279664589427653,0.006881816737300523,0.03131464605159981
275,25,0.015501480863060219,0.01878897058504945,-0.13567834565163706,0.019502746121619556
275,26,0.01791210336313782,0.014153657401632127,0.031089697820914076,0.11483504731150843
275,27,0.020695057909320237,0.008802398174459374,0.01639977807169505,-0.09237664993740856
275,28,0.017581260412176947,0.014789825317670525,0.10968683891386966,0.05252259215569367
275,29,0.024465718986926385,0.0015519078954282475,-0.035270781880806554,0.017546505092035154
275,30,0.013931580825490252,0.021807683942516726,0.11011960527169361,0.0983938843491968
275,31,0.020885531223900855,0.008436142791820108,-0.07772639374493728,0.04893618811500425
275,32,0.02507456441169586,0.00038117742062084627,-0.01941339171630614,0.002073075659521948
275,33,0.02126996633476902,0.007696924130450137,-0.08029921958134648,0.035340620609672926
275,34,0.022215471265756705,0.005878841261211083,0.007396884787708242,-0.0763159705215655
275,35,0.024152644499755738,0.0021539093692081583,-0.015951849139302067,0.043582655704363704
275,36,0.013092030912782073,0.023422029107878703,0.1425865378632248,0.05559773671704507
275,37,0.022147231707641088,0.006010057046077318,-0.07752416408197305,-0.00024704143101685755
275,38,0.023809492536988348,0.0028137459122089805,0.034348471676520984,-0.04042188028402707
275,39,0.02273082024630935,0.004887892274574041,0.019462908512122762,-0.06714973914188185
275,40,0.021396296479252733,0.007454007711902839,-0.08220271977937955,0.026395465003966882
275,41,0.021206112459023648,0.007819706819172769,0.056836131155919636,0.0677448227866888
275,42,0.017785812215721994,0.014396498833895632,-0.041756698118615695,0.11248500787272243
275,43,0.02214603213466848,0.0060123636687086975,0.055468773420811565,0.054180982308365044
275,44,0.02029476618217397,0.009572107044261362,0.08046002752158415,0.05566229437857625
275,45,0.011659532711057574,0.02617653662594154,0.05140510125508098,0.15340812296256157
275,46,0.021764676849931414,0.0067456602254489986,0.0806110926242733,-0.015732513193060727
275,47,0.022529601160612762,0.005274810375875489,-0.01793341284440403,-0.07037899601179072
275,48,0.025037223776255273,0.00045297860049424454,0.01939846204167217,0.008756612981744055
275,49,0.018746175589277558,0.012549845114298339,-0.002564623427372261,0.1119967312959361
310,0,0.023833089357842556,0.0011696927461958368,-0.03371401046647633,-0.005749629941323275
310,1,0.01913524298862375,0.0031627403955609376,-0.052359496418238685,-0.020523730908131393
310,2,0.023070132182369456,0.0014933751073531185,0.035951382430001386,-0.014172974589863135
310,3,0.025528736163474203,0.0004503195239762368,0.001547366728923947,0.021164242962658883
310,4,0.023644695080944435,0.0012496184698605887,0.031505195120867094,-0.016032502931753387
310,5,0.023617824244790083,0.0012610183438932555,0.020966619701789244,-0.028660411758622703
310,6,0.02589130680647529,0.0002964999839212742,-0.01593389907451688,0.006527698231718768
310,7,0.025975424423205974,0.00026081332984212734,-0.005771993579313968,0.015083017601345085
310,8,0.025217123279272734,0.0005825203831696986,-0.019355172829427753,-0.014418656938587598
310,9,0.004212209336617825,0.009493793989906648,-0.08235631504821538,0.05206948589707548
310,10,0.021757037098389477,0.002050451875053878,-0.03852781546426632,0.023792000979432536
310,11,0.026430330387819844,6.782079832888612e-05,-0.008215684743321919,-0.000568614568256541
310,12,0.021866165755620275,0.002004154359835563,0.028619812007748737,0.03442471089895577
310,13,0.016804023742753638,0.0041517533757595045,0.0033429805288127286,-0.06434732206505166
310,14,0.011355911736098232,0.006463099038207791,-0.04362650335681886,-0.06752649289771581
310,15,0.024380272302516073,0.0009375519744584319,0.026601111662754817,-0.015163536288217257
310,16,2.6482905937806963e-08,0.011280811541605745,0.07804578596242856,0.07203934227290346
310,17,0.010298230840614077,0.006911817079805564,0.07675717719677834,0.03193983138007988
310,18,0.01220700837236304,0.006102023767333792,0.07771048461433185,0.007943824541081272
310,19,0.024568364564423628,0.0008577543797744335,0.027857503751535298,0.009039572141845566
310,20,0.026482905937806965,4.551577426456331e-05,0.006746185505559634,-6.895932961109574e-05
310,21,0.025732081516327016,0.0003640508498518386,0.017004587145926238,0.00865418198609428
310,22,0.0195522421506433,0.0029858297147230517,-0.05427917300419481,0.006292939909433526
310,23,0.01993283014082362,0.0028243663675656195,-0.05276800436191642,0.006316967882330049
310,24,0.012703978003728552,0.0058911858476247275,0.025350970096181764,0.07244662975464922
310,25,0.017711278831641242,0.003766853044805802,0.060766109341805895,-0.008621658788510029
310,26,0.025532305430932066,0.0004488052726453571,-0.0032200431138459246,-0.02093887759624022
310,27,0.012931563802055285,0.005794633235058259,0.0005597266140803629,-0.07612043051097221
310,28,0.02123055855767326,0.002273808863671219,-0.047684411315585346,7.603392200553061e-05
310,29,0.023489914906051762,0.0013152835085811843,0.030220312035413137,-0.020050342866481066
310,30,0.02219697631468396,0.0018638089429553896,-0.01479023658275961,0.04055931267639269
310,31,0.0261746287608883,0.00017630146935165698,-0.003008829890634333,-0.0129324557621854
310,32,0.025926545882055375,0.0002815499086674573,0.015913964225714144,-0.005319365684942866
310,33,0.023229595524440417,0.0014257232485871876,0.0022705944120233884,-0.037690418538446555
310,34,0.01746517802427771,0.0038712605960694035,0.058228547406161534,0.02192480018239168
310,35,0.023003543661664218,0.0015216250934607625,0.031661404027577666,0.022785534631938116
310,36,0.01304477300774187,0.005746604559033747,0.05350735118470625,0.05369886337931429
310,37,0.01405558656345677,0.005317769849928741,0.012062970024692997,0.07191838849774165
310,38,0.018437510639133105,0.0034587513141277697,-0.05840240525069454,-0.006921732085353842
310,39,0.018477462362659295,0.003441801911698673,0.05579513715803361,0.018130211835907777
310,40,0.00901231978738832,0.007457361101576196,-0.046455092743245954,-0.07279619124509615
310,41,0.0245991656109851,0.00084468712541517,-0.0023485812853962576,0.028968453382275286
310,42,0.02046402916554277,0.002599006727348695,0.00396352204538699,0.0508261470145478
310,43,0.023584439255080296,0.0012751818286127928,-0.022044929420107162,0.028092755569279537
310,44,0.02624295831497673,0.00014731285489835784,-0.009193859388199901,-0.007923749393334343
310,45,0.020787015941254334,0.002461980527785042,0.01670868811978551,-0.046720448083262006
310,46,0.016481453175688127,0.004288603000016413,-0.05083070376102356,-0.04128973910277804
310,47,0.02481487216281677,0.0007531742486004585,0.008815324213483623,-0.025989696181595273
310,48,0.026243272074989055,0.0001471797431263061,0.005583137799615107,-0.010770715641813922
310,49,0.010665859345473854,0.006755851756577631,-0.07531112678772486,-0.03292546033908807
344,0,0.022930309391121777,0.00028744030280909396,-0.01679008207663362,-0.0023523279254815694
344,1,0.019963604043862472,0.0023826262791425573,0.04555332868731782,0.01753626313237073
344,2,0.0195792743059994,0.0026540527212064852,0.048565993996035034,0.01718711576686368
344,3,0.02247813312306847,0.0006067822207826152,0.002716238844939059,0.024482734065456403
344,4,0.02218811186165959,0.0008116048804726903,-0.027325249365338533,0.008058264552293894
344,5,0.019380453038914985,0.0027944669119777227,0.009059489605032257,0.052080635173488765
344,6,0.01914309695944492,0.00296209566876093,0.014269096691504016,-0.05252131518126178
344,7,2.331494537753622e-08,0.01648158736013284,0.034347656205783283,0.12370054920372082
344,8,0.02224127383716058,0.0007740601254309576,0.007748683166593832,0.026721115893890042
344,9,0.022401186738364647,0.0006611243165724587,0.01963490002904622,-0.016601054708114765
344,10,0.021370227136743306,0.001389222272602661,0.024299782113754637,-0.02826203923687587
344,11,0.023160874587300664,0.00012460749364223396,0.007051502928006329,0.008653542632849977
344,12,0.023156002831179096,0.00012804808982933003,0.006480874565879303,0.009276117436226687
344,13,0.021141262899758716,0.0015509244311453633,-0.0033447038127226054,-0.039239487605606194
344,14,0.021345849133991665,0.0014064388288553544,0.025216179859310225,0.027759378634225076
344,15,0.02228438070224275,0.0007436166237575284,0.024758301582573104,-0.01142992241897934
344,16,0.02292211874763716,0.00029322480762416353,0.013736206361874195,0.01022455096364483
344,17,0.013792369133459395,0.006740957602096786,0.08207326349305649,0.0022219409749375304
344,18,0.02328783816584945,3.494159219830471e-05,0.002187320469098919,0.005491559101363255
344,19,0.016677143040735355,0.004703634333373467,0.0063112608296792515,0.06829203701833196
344,20,0.015275422393006591,0.005693576070112333,-0.06398557302404585,0.039992780784747
344,21,0.020576810343982902,0.0019495595973439898,-0.002272495270256223,-0.044095298644987686
344,22,0.02127399105356994,0.0014571873949456586,-0.026343708651569972,0.027626009654433556
344,23,0.02242087527707126,0.0006472196157801467,-0.00013000172233671543,0.02544017915291353
344,24,0.01494977900256139,0.005923556261969531,0.07333395246319238,0.02335995886331504
344,25,0.017671928626765646,0.004001083670148747,-0.043147436418555965,0.04625345825617169
344,26,0.023026787114400604,0.0002193045261876904,-0.0027264498226517025,-0.01455578914220225
344,27,0.02331494537753622,1.5797577833650165e-05,0.0007074159454067072,0.003911155905079022
344,28,0.02159266758349996,0.0012321274316726568,-0.0018965007904455586,0.03505040251444334
344,29,0.023234698085336642,7.247088427125285e-05,-0.0016006303503785296,0.008361152238340117
344,30,0.02320241988675843,9.526682154383895e-05,-0.00517485057498189,0.008275732177303017
344,31,0.022071337738557194,0.0008940746496220955,0.024432198987675516,0.017237816052177925
344,32,0.02252660160774982,0.0005725521650434082,-0.015185471892268543,-0.01849198768257567
344,33,0.02086861575059754,0.0017434769149764664,0.024592233653255698,-0.03374461377642578
344,34,0.02307034741405442,0.00018854079394044237,-0.00024691872967547157,0.013728795470884465
344,35,0.011812808541742116,0.008138989123798124,0.06761203081195469,0.059729409952563685
344,36,0.017341468907827885,0.004234465313358152,-0.0315370049229945,0.056919966917112416
344,37,0.021343779364217517,0.0014079005691016633,0.021868862196284658,-0.030490218683072362
344,38,0.017345052160828562,0.0042319347009252,-0.05977618490780005,0.025665977846045487
344,39,0.016386254824875258,0.0049090692651282365,-0.06689375604716179,-0.020839737691032544
344,40,0.020398330087945154,0.0020756082896578915,-0.04358257417833945,-0.01327281121870686
344,41,0.02288981450133442,0.0003160391406660533,0.016476226757802834,-0.006676308298117696
344,42,0.012990492962788683,0.007307269220841581,-0.0006844490108739954,0.08547982656974155
344,43,0.022688787867238935,0.00045801083496170255,0.009655257530645195,0.01909939362855852
344,44,0.01891715787917909,0.0031216613610248983,-0.015052495197896783,0.0538059824679579
344,45,0.022573461398759008,0.0005394582222738385,0.011347323513555066,0.02026564756805365
344,46,0.015817851574114996,0.005310494543508322,0.06179439382417634,0.03862573540284922
344,47,0.021341993236137488,0.0014091619921508638,-0.03745751413255484,0.002469134901198815
344,48,0.02264742704597093,0.0004872212224275237,0.02163201091825015,-0.004390595182914271
344,49,0.020984559398151813,0.0016615936552772579,0.04073151860661057,0.0015928111239550298
379,0,0.02400820784717231,6.175507044104051e-05,-0.006938149516934895,0.003690142506963193
379,1,0.022315972830906052,0.00040140644384521285,0.019536504878613845,0.004442006412997433
379,2,0.022797830330815897,0.00030469200403260066,0.010404562135410972,-0.014015601692505854
379,3,0.02010233708730056,0.0008457090456144903,-0.02239058616948239,-0.018557227610865645
379,4,0.021111867195541,0.0006430845375167458,-0.020244245002361397,0.015272690719094373
379,5,0.02219881935877519,0.00042492051684679303,0.019153540422772824,0.00761986916685585
379,6,0.023666471257394857,0.0001303456036380606,-0.011002488388257459,-0.003048090042029661
379,7,0.017696142049883568,0.0013286605513339518,0.03130645570890982,0.018669932572990714
379,8,0.019578294135609253,0.0009508905993312132,-0.029861632846839292,-0.007692430243543441
379,9,0.02394274345586056,7.489453996174797e-05,-0.002333928667645903,-0.008333505681049758
379,10,0.023554805024511072,0.00015275832350100885,-0.009532684952427171,0.00786678085996918
379,11,0.023812495914580456,0.00010103674589240626,-0.00857274363921441,0.0052483151952522
379,12,0.024288899502887883,5.416969970079823e-06,0.0012953292061270978,0.0019336732448461827
379,13,0.02119291802569817,0.0006268166872986534,0.023294925606947882,0.00917404644992695
379,14,0.024197652843761328,2.373124239262921e-05,0.004566501737461804,-0.001696556593334727
379,15,0.024105477970275648,4.223181830072251e-05,0.0058397864832426954,-0.002851089639218384
379,16,0.021476062404304493,0.0005699862966372554,0.016504838036654132,-0.01725040921314826
379,17,0.024165243964413153,3.0236083785986883e-05,0.005271765615040672,-0.0015635124195418869
379,18,0.017184307551934258,0.0014313917254989267,-0.01832784178149527,0.03309806551947414
379,19,2.4288899502887882e-08,0.00488048337347356,0.06939496923955354,0.008051187348147892
379,20,0.023473426277365785,0.00016909199049650321,0.003079148597388082,-0.012633718154672686
379,21,0.024272958657189307,8.616484270814237e-06,0.002893863790427588,0.0004919721874926571
379,22,0.023043805269721742,0.0002553219549440798,-0.000910490285443627,0.015952835559366635
379,23,0.01445902837808507,0.001978387151908436,0.041775004026117564,0.015272072240737265
379,24,0.011167311307523313,0.002639073293683881,0.014013249462639635,0.04942370011625709
379,25,0.02356501407222034,0.00015070924814074787,0.004337482654627483,-0.011484576281324165
379,26,0.022084287756634586,0.00044790834985539526,0.02083781731280719,0.0037005026001163868
379,27,0.012157506925273188,0.002440329444115281,0.04832778890803087,0.010234953022661591
379,28,0.023538349193245267,0.00015606120143239136,-0.007495505238413316,-0.009993928289382004
379,29,0.003139829269536125,0.004250282891033732,-0.012398437422793228,0.06400438766605625
379,30,0.016770253359628964,0.0015144972479165767,-0.019929458473310464,-0.03342624616790181
379,31,0.024172099763078093,2.8860044754796855e-05,-0.002743192804975751,0.004618975859379017
379,32,0.024134951231956032,3.63161897312757e-05,0.00038158745617434403,-0.006014198262824904
379,33,0.023903152445897195,8.284091902804641e-05,0.006795190805500253,0.006055270509637967
379,34,0.023291541745261976,0.0002055983448363044,0.0050031012446898875,0.01343753410308926
379,35,0.018642699784680885,0.0011386753356045151,0.015213574126875929,0.030120134426834262
379,36,0.02136209790288338,0.0005928603058942024,0.015335782042640526,0.01891227366116583
379,37,0.015258518069886652,0.0018179202136683636,-0.04244613484278892,-0.004030614168603116
379,38,0.023031242744627933,0.00025784340076012935,0.0033234775006178684,-0.015709802610568223
379,39,0.02320512893039712,0.000222942408141014,-0.00468883221522981,0.014175939496147587
379,40,0.0171727013172597,0.0014337212326355664,0.03589548263639783,0.012051371661998822
379,41,0.018671625129902423,0.001132869680281082,-0.009355332147696677,-0.03233183324043589
379,42,0.023030578889205164,0.00025797664431313294,-0.010591677882210743,0.012074477378032588
379,43,0.016075552709656004,0.0016539317990279818,-0.040649017938467626,0.0012606108305575235
379,44,0.019619683833577147,0.0009425832025308578,-0.022719750890771682,0.020649361297438166
379,45,0.021696272827919163,0.0005257874873113119,0.0015174279136865804,0.022879792390624452
379,46,0.015242375899881411,0.001821160136113711,-0.008925198559804105,-0.041731294813146906
379,47,0.02376255921246959,0.00011105962645698383,0.0029599090256125643,-0.010114275308546881
379,48,0.020918085668158195,0.0006819787580495115,0.02589249116497106,0.0033996557651337182
379,49,0.007740788386352828,0.00332681654742194,-0.04174472353985902,-0.039801942213950815
413,0,0.02342116189508014,0.00011579090960978692,-0.009707964262325529,0.0046418034739955615
413,1,0.01908512693227803,0.00043958766119612765,-0.010454096846502121,-0.01817414428027031
413,2,0.022524919307404967,0.00018271851536299784,0.0015034470616556595,0.013433471714184565
413,3,0.02227099922730366,0.0002016801929796869,-0.007878094028664767,0.011815914160791937
413,4,2.4929055725254235e-08,0.0018647842191803026,0.0431748690414062,-0.0008455190345147377
413,5,0.024391005279092895,4.336710768363885e-05,-0.0025887703927727993,-0.006055194095744728
413,6,0.018337300683139216,0.000495432162520366,-0.016271655661400704,0.01518767212436364
413,7,0.020371885233988613,0.00034349799362080224,0.015618006924320887,0.009978770131267032
413,8,0.024428688633295358,4.055307417507376e-05,-0.0015209466607790188,-0.006183833392818642
413,9,0.016673135818059712,0.000619704955991717,-0.003979178263755364,0.024573788807120765
413,10,0.014745702594704852,0.0007636375169548734,0.02711386419665275,-0.005336280097628453
413,11,0.018240902262894064,0.0005026307888232462,-0.021195211616764076,-0.00730710567487808
413,12,0.023898729239310555,8.012820023310958e-05,0.006829492483674074,-0.0057867290111555175
413,13,0.024195857370332734,5.79399281238533e-05,0.00697197221607735,0.003054755561759203
413,14,0.01721781387093677,0.0005790307027407721,0.023711315779929742,0.004099293442195477
413,15,0.019988256953243272,0.00037214573105549294,-0.003526043122128328,0.01896609477347365
413,16,0.022228537475577778,0.00020485105700487481,-0.00791662233142269,0.0119238478632736
413,17,0.010292752585230382,0.0010961649897297746,0.012123141421392421,-0.030808999201640645
413,18,0.02087127273550387,0.0003062058471873331,-0.007480939009438503,0.015819020156899552
413,19,0.02282223132237838,0.00016051651157800796,-0.0009480508746416787,0.012633990308572311
413,20,0.023769035338511293,8.981319219918543e-05,-0.008871345158621681,0.003333530752188299
413,21,0.021468979768696904,0.0002615716139746137,-0.01573783495472763,0.0037272194612561933
413,22,0.02393428358384821,7.74731521615798e-05,-0.006142522467351013,0.006304170833636079
413,23,0.021190198279556757,0.0002823898364659858,-0.005290700043643525,0.015949869263231477
413,24,0.021254496613061107,0.00027758830887229027,0.014963730701808488,0.007326327344314088
413,25,0.018245319156966873,0.0005023009538553212,-0.02238765701232922,-0.0010458333297555349
413,26,0.018965564957272932,0.00044851604379728626,-0.021085684485378734,0.0019773602555793425
413,27,0.023173706280166788,0.00013426984830795745,0.0011194854293757814,0.01153328230302947
413,28,0.022731265884363375,0.0001673094257469594,0.01215407282360086,-0.004425826425151174
413,29,0.02414858549875833,6.146999155473185e-05,-0.0077865549790191255,-0.0009162713099537256
413,30,0.024929055725254237,3.1877760704921134e-06,0.000747011438197968,-0.0016216503882444935
413,31,0.01674578208420603,0.0006142800400962385,0.02109947636720776,0.013003543252739993
413,32,0.02155863283483331,0.00025487670218682617,-0.014059059859115637,0.007564359726019751
413,33,0.016073885829897324,0.0006644544105555568,-0.023701286518796983,-0.010134269974174222
413,34,0.019899904263244058,0.00037874353625334903,-0.00042218999215138395,0.01945675440210613
413,35,0.02168320617926955,0.0002455740917123399,-0.0029098430149047273,-0.015398276050939925
413,36,0.017516065878504926,0.0005567585042845437,-0.018940943013152547,-0.014071218215103175
413,37,0.012380865217720008,0.0009402335700925109,-0.017783428963947537,-0.024979656210139138
413,38,0.017472460222189116,0.0005600147902663162,-0.023636842335252685,0.0011465054228928205
413,39,0.02444564852542673,3.9286581163254364e-05,0.002483807576023147,-0.005754761601364941
413,40,0.01789250887259212,0.0005286473336670218,0.022982828366122168,-0.0006610098035521033
413,41,0.023550997226580057,0.00010609535619717334,0.01029468799180613,-0.0003387555881989371
413,42,0.021574124268124426,0.0002537198674702909,-0.011009522514041567,-0.011511311023645516
413,43,0.011541571023405141,0.001002908510695113,-0.014910858208424426,0.027938769088551037
413,44,0.01856669376636014,0.0004783020572927758,-0.011968644053330268,-0.018304469858956795
413,45,0.018498361608489562,0.0004834048138289174,0.002639174366322633,0.02182749579070084
413,46,0.022878323335897555,0.00015632779725184172,-0.010055265302097018,-0.007430978196461451
413,47,0.02450818978881979,3.461626413387054e-05,-0.005538211224709813,-0.001986071641298163
413,48,0.022701684459264824,0.00016951844145748213,-0.004154949604688526,0.012339158611509166
413,49,0.02069429917990764,0.00031942148380242864,0.015617502403385858,0.008689942605257274
448,0,0.02213975469801931,1.3073547868996752e-05,-0.003615601499838906,3.1203579272339344e-05
448,1,0.02217149728539134,1.0665735391537545e-05,-0.00076346542573031,-0.003175351308950237
448,2,0.021289998281872984,7.753124558651301e-05,0.0036700794716444628,0.008003859210301422
448,3,0.022230408966635282,6.197029690115989e-06,-0.0024815240285644656,-0.00019765673723193527
448,4,0.019971837287028414,0.00017751945554205994,0.01315242064677451,0.0021291516320730963
448,5,0.021193454767479115,8.485448851724393e-05,-0.006610764108682551,0.006415004786950555
448,6,0.020894976257305325,0.00010749537385613579,-0.009511531334850006,-0.004126275017773568
448,7,0.02139192647442368,6.979955153926959e-05,0.00279679709884547,-0.00787257756564895
448,8,0.019686802406545235,0.00019914058345122448,-0.006403962503823194,0.012574969093435221
448,9,0.01953270532581581,0.00021082951319635582,0.00930203068296747,-0.011149068946306125
448,10,0.021605827551669603,5.3574230121755634e-05,-0.00649899688657979,0.003367086216594673
448,11,0.01940925188885875,0.00022019399008686775,0.004676711243869536,0.014082697256858574
448,12,0.02217649521672804,1.028662069326324e-05,0.001179854718433437,-0.0029823754855238457
448,13,0.015132938297966128,0.0005445708627406878,0.002963830303057058,0.02314706401847475
448,14,0.019196201120204506,0.00023635481192176298,-0.009294679313276164,-0.012245968658506322
448,15,0.015043059872735132,0.0005513885298447963,0.003636140490590525,-0.023198426933253132
448,16,0.020204961409166104,0.00015983598306701935,0.012258865505294375,0.003091310335460201
448,17,0.017358630256050025,0.0003757425059074578,0.019295892062951188,-0.0018469042753740889
448,18,0.022296809353150555,1.1602733196989883e-06,0.0002841480770701876,-0.0010390058661991775
448,19,0.01917412836226345,0.0002380291260335746,0.014794071363440714,-0.004377736690002954
448,20,0.018925239097879965,0.0002569084527017045,0.015914666294912578,0.0019057411742621488
448,21,2.2296809353150555e-08,0.0016924696533279404,0.04113559894960641,0.0005763266305494031
448,22,0.018281441667185566,0.0003057432709984663,0.01742478263016587,0.0014560979671492183
448,23,0.019704094998515033,0.00019782886559330395,0.01211093053390513,-0.007152218340922509
448,24,0.021745023402721022,4.3015623066695826e-05,0.00627172878641939,-0.0019186039446155087
448,25,0.0213912306450907,6.985233320229188e-05,0.004201946396332946,0.007224678517736028
448,26,0.02222637769936585,6.502818739935598e-06,0.002140628639632103,0.0013858310745261887
448,27,0.02199077523460686,2.4374284216839643e-05,-0.004003184485447771,-0.00288942869652634
448,28,0.021126528955512695,8.993110067957892e-05,-0.00846305831201969,-0.004278755039369904
448,29,0.017108188224905323,0.00039473961664713815,0.014493056471150808,-0.013590104148650658
448,30,0.019472492942920056,0.00021539688274108598,0.014401501153608613,0.0028273038859832154
448,31,0.021865307285796536,3.389157054028897e-05,0.004030577079547924,0.004200716480091449
448,32,0.02135264920009702,7.277890259518405e-05,0.008120216639855932,0.0026155275408588034
448,33,0.021372273904746414,7.129028390864002e-05,0.0028552256100969273,-0.007945940512241874
448,34,0.021148549367890408,8.826075720503993e-05,-0.009382038490683415,0.00048796615084943564
448,35,0.02067619865182175,0.00012409060102202754,0.010217150358087252,-0.004438517723549731
448,36,0.019870914692616,0.00018517487062324776,0.008110350246199473,-0.010926897524330495
448,37,0.01900440351439239,0.00025090348947626325,0.01273407177180145,0.009420557604880548
448,38,0.015465079032347288,0.00051937655217166,-0.016163041429438536,0.01606650689857361
448,39,0.017767830054622367,0.0003447029321881311,-0.015838905806384536,-0.009686691645996032
448,40,0.022130251241274487,1.3794426147159482e-05,0.0032655104128070196,0.001769425864795813
448,41,0.021376117243502683,7.099875004897101e-05,0.008425495350050553,9.888455515161439e-05
448,42,0.02193373466007524,2.870105838521408e-05,0.005325803890353954,-0.0005804061566737255
448,43,0.02143483537143761,6.654472620278187e-05,-0.005525899478105115,-0.006000763381492349
448,44,0.021885305496945735,3.237461977104129e-05,-0.002819776813185666,-0.004942011583845366
448,45,0.022026562227176544,2.1659686120908746e-05,0.0046217808094363546,-0.000546651873164797
448,46,0.02161588336016325,5.281145357559188e-05,0.0025232713833201765,-0.006815024218717741
448,47,0.0222965964570342,1.1764224104881172e-06,-0.0009541022439568045,-0.0005158597857603435
448,48,0.021674691817037878,4.8350577888828366e-05,0.004908230309667009,-0.00492542923166037
448,49,0.021029736176200534,9.72732514319509e-05,-0.009724787514478871,0.0016437029020436632
482,0,0.020380496523558826,7.315753515507662e-05,-0.00102114536639257,-0.008492043175571565
482,1,0.017309682153691292,0.00011429864990605014,-0.0026991170968056694,0.0103447289381492
482,2,0.015387403542350943,0.0001400523020018969,-0.009757203969569387,-0.006696959959423104
482,3,0.0252960599762274,7.301467117771853e-06,0.0006992609248536348,-0.0026100768718075513
482,4,0.02492210896392668,1.2311461098284047e-05,-2.672979437253636e-05,0.0035086673561876523
482,5,0.01983223401862663,8.050286050277736e-05,-0.005515465064863396,-0.007076899435561366
482,6,0.025234950061657782,8.12018479488085e-06,-0.0016495465392539401,0.0023236137823907394
482,7,0.02513437926847246,9.46757804132195e-06,-0.0028712596880069805,-0.0011060948627256203
482,8,0.02479448711761971,1.4021269765055582e-05,0.003639628224148733,-0.000879986451620433
482,9,0.023536686960326438,3.087259790548864e-05,-0.004985278218668711,-0.002453487107762331
482,10,0.021873032830649952,5.316133867945601e-05,0.0020735376852810353,-0.00699012018116823
482,11,0.015003977182373802,0.0001451892415802564,-0.005470022206794826,0.010736298181283336
482,12,0.016160283883693918,0.00012969766802467783,0.0023216562336569237,-0.01114933093765719
482,13,0.01424715895192943,0.0001553286840584039,-0.011486954699292432,0.004835137619014316
482,14,0.021803466221612906,5.409335458810657e-05,0.007082872751620195,0.0019814813076238537
482,15,0.02312526656212748,3.638458650997239e-05,-0.0060282815860659865,0.0002107311772617873
482,16,0.014693855100061388,0.00014934408998152146,-0.0037130007050921667,0.011642925566433315
482,17,0.02366141400525752,2.9201572226303505e-05,-0.004383658101886867,0.003159923080086781
482,18,0.02352525633720913,3.1025739229158025e-05,-0.0046827913174245,-0.0030161572748468777
482,19,0.018795592522809934,9.43912241738303e-05,-0.005377572280787312,-0.008091535116326088
482,20,0.025254627863371373,7.856552220313765e-06,0.002571261664962384,0.0011158699165264001
482,21,0.020061216474213238,7.743507705950306e-05,-0.0026254116820417697,-0.008398945800474109
482,22,0.025642517410532556,2.6598172671847705e-06,-2.4887258063604686e-06,-0.001630892722844955
482,23,0.02253641130771391,4.427375162241366e-05,-0.0023445882373452458,-0.006227090622410756
482,24,0.016414453338831875,0.00012629244274547146,0.0009523184394853819,-0.01119756814381085
482,25,0.024549766919220898,1.7299898998720717e-05,-0.003705294200136308,-0.0018896279763903141
482,26,0.025557851784320837,3.7941216646171847e-06,-0.0019449307445883073,0.00010661174125000186
482,27,0.02451077784110875,1.782225363936141e-05,-0.001365990771109966,0.003994536625517885
482,28,0.022137266113131382,4.9621283669206795e-05,-0.006311880392678975,-0.0031275309075565506
482,29,0.015989043733551783,0.00013199185120165552,0.011486482547654891,-0.0002292812335869059
482,30,0.012980561000318736,0.00017229788030220406,-0.0027276664733077625,0.012839692983580132
482,31,0.013519049201800883,0.00016508350580057043,0.012842783763149181,-0.00038263692132646434
482,32,0.02193482329893472,5.233350331071319e-05,0.0033978344867163996,0.006386565909124706
482,33,0.025001604983983756,1.1246416295997654e-05,0.0010394054006316756,-0.003188424800608501
482,34,2.5697805637699442e-08,0.0003462044358030374,0.004753102506805279,-0.017989231566769015
482,35,0.023053269756552957,3.734916088115868e-05,-0.0056058746028349905,0.0024337893948426018
482,36,0.02004106487309652,7.770505734293994e-05,-0.0013755370747684731,-0.008707063517563044
482,37,0.0163314180221696,0.00012740490513483223,-0.010937639085133418,-0.0027880022199047875
482,38,0.010592312636195044,0.00020429434383525572,0.009703892002486782,-0.010494228120225366
482,39,0.017464631942395947,0.00011222271620576194,-0.010154216363544731,0.0030190406171633983
482,40,0.02447632259489035,1.828386644551267e-05,0.0014101596813623322,0.004036745733703419
482,41,0.016935547268905508,0.00011931110731094959,-0.010105610913519518,-0.004145809375201036
482,42,0.025697805637699443,1.9190954180979455e-06,-0.0013232424378118086,-0.00041003032677084674
482,43,0.02346163079195862,3.1878159969379217e-05,0.0010898019720899767,0.005539899965794329
482,44,0.022886691625876806,3.958088483568932e-05,0.001819660078310411,0.006022434892557384
482,45,0.017452625394588285,0.00011238357345782025,0.010597926625745133,-0.00025985513876508647
482,46,0.024279077305009472,2.092645245940724e-05,0.0035836200282445257,-0.002843258685482548
482,47,0.015177599288170496,0.00014286314624607457,0.005004943942198347,-0.010854201139721275
482,48,0.009836345017322369,0.00021442239027832436,0.0028555067812662017,0.014362049690084876
482,49,0.021505868692144575,5.808040578520997e-05,0.005547943497442813,-0.005225009926726644
517,0,0.02159967041470296,2.9847813294937995e-05,0.003183056297944324,-0.004440266422080433
517,1,0.01992292131287159,4.307765580708357e-05,-0.0011587833596982755,0.0064602536275575086
517,2,0.022777829192114706,2.055193529957468e-05,0.0026806212655866675,-0.0036559820746359262
517,3,0.018457453063139458,5.46404555899074e-05,-0.003159228962051302,-0.006682793424552614
517,4,0.023323965856016947,1.624282188144691e-05,-0.0007531083662256966,0.003959248624444766
517,5,0.023739345079183426,1.296540744937253e-05,-0.0013624692407522721,-0.0033330294054173086
517,6,0.020728374361301146,3.672249094072885e-05,-0.00018928395764080536,0.006056951586739709
517,7,2.5337395966494296e-08,0.00020027297564550035,0.0006978442409304997,0.014134567169209692
517,8,0.024258199907743094,8.871552464739828e-06,0.002839111993802568,-0.0009005529142622508
517,9,0.02227652802537189,2.450728883453026e-05,0.0024071217177951696,0.00432585874367727
517,10,0.0023285093132353004,0.00018190063152524958,-0.0036245731387522734,0.012990885308056763
517,11,0.013482099144792186,9.389686473903289e-05,0.008403182291279607,-0.004825286739516907
517,12,0.022130527498860922,2.5659258422777395e-05,0.0012428140781344755,0.00491066915908292
517,13,0.018617208099375348,5.337996052382116e-05,0.004842818279517636,-0.005470564105774742
517,14,0.020616965773154524,3.7601524109179885e-05,0.006117970146127381,-0.000414687111294762
517,15,0.018970371679168877,5.0593438356258466e-05,-0.00028495760952023454,-0.0071071961783135676
517,16,0.025337395966494296,3.5650755944516684e-07,0.0005390307557568783,-0.00025681394781696624
517,17,0.0214469785807516,3.1052578464551474e-05,-0.005333117727712517,0.001615683684051416
517,18,0.022132346924527427,2.5644902837314953e-05,0.0005518708000893694,-0.005033919095230243
517,19,0.02431384736014791,8.432484371180871e-06,0.0029034438348009076,4.998269037848502e-05
517,20,0.02285801320184687,1.9919269494302925e-05,0.0012323636018713347,0.004289586162683486
517,21,0.020211421926797212,4.080133570485453e-05,5.216271581535276e-05,0.006387379333962662
517,22,0.015056820651476767,8.147203772635032e-05,0.008381485521322075,-0.0033500355493962667
517,23,0.025131686295778447,1.979592697122314e-06,-0.0013503366425585664,0.000395200770350935
517,24,0.020569749096100903,3.797407191653162e-05,0.0010089455974599884,0.006079152958916047
517,25,0.023350356796182848,1.603459276609449e-05,-0.000940885458872354,0.003892213678535269
517,26,0.021842321707632395,2.7933252322566712e-05,-0.005029659300889502,-0.0016235084353160715
517,27,0.017298071721861458,6.378817634304523e-05,-0.0026276294582362634,0.007542130983565204
517,28,0.022858421845441772,1.9916045225151203e-05,-0.001193392635327425,0.0043002161856234
517,29,0.018312036617944994,5.578781667481721e-05,-0.0042521853420912255,-0.0061405811200017325
517,30,0.008434766618398062,0.000133721197644708,0.007884781538662178,0.00845880711047841
517,31,0.021150988147635327,3.3387994544961526e-05,-0.005762829760308098,0.0004216487859212137
517,32,0.02373681809046045,1.2985345830611778e-05,-0.0014938539158212364,0.0032792905191210697
517,33,0.023664867524881995,1.3553048327200669e-05,-0.0009734559662518466,-0.0035504129068277893
517,34,0.020449973234534038,3.891912432989237e-05,0.005124938135302889,-0.0035572648817891695
517,35,0.01270119954330519,0.00010005829863166854,-0.009581648346995472,-0.002872335911098748
517,36,0.01967421999086692,4.5039952562806005e-05,0.0014180346908254518,0.0065596593035325826
517,37,0.024872013814229432,4.028453812884539e-06,-0.00037556726718349174,0.001971649827100356
517,38,0.017803864892927786,5.979738011144587e-05,0.004705317497862157,-0.006136559895882878
517,39,0.019868686680054447,4.350557650797507e-05,0.006581472588770445,0.000435654761523765
517,40,0.02048677960169874,3.862871568109605e-05,-0.006083475597266834,0.001272808052518128
517,41,0.0217718027574076,2.848965912462009e-05,0.004437598256738637,0.0029660379020522137
517,42,0.01971714527023288,4.470126463079447e-05,-0.0027282285599237992,0.006103935906905526
517,43,0.02109866582371832,3.38008267954965e-05,-0.0055870195783380774,-0.0016081166085715034
517,44,0.019350520545162474,4.759399757959551e-05,-0.0067771061753743,-0.0012902827082849095
517,45,0.023901739292209668,1.168408881865166e-05,0.0010680207274447887,-0.0032470633724028183
517,46,0.02135997324388212,3.17390657292485e-05,-0.005292496114188798,-0.0019309455224177032
517,47,0.02284298488735023,2.0037845513694447e-05,0.0016974748593634305,-0.004142031459987182
517,48,0.02039140114194504,3.938126834399253e-05,-0.00438084534454733,-0.00449326856655047
517,49,0.022772126147685923,2.0596933313618753e-05,0.004241527443563534,0.0016144281523549264
551,0,0.02523094600895037,4.6983142917265164e-07,-0.0006841288650058872,4.241609645415541e-05
551,1,0.02270776160101995,9.778163966477162e-06,0.002861355784912997,-0.001261271992324451
551,2,0.021939892962264194,1.261092427208182e-05,0.0022099729297989706,-0.0027797381030661094
551,3,0.017540720528068824,2.8840003596498382e-05,0.0004990363895313959,0.005347052111062866
551,4,0.021003050432817277,1.6067049703014606e-05,0.000497985906397149,-0.003977318159268179
551,5,0.021545954505113242,1.4064210899435964e-05,0.0035857117315345973,-0.0010985819394888682
551,6,2.523094600895037e-08,9.354984371203328e-05,-0.009666995944966556,0.0003146952685272734
551,7,0.015101167877947175,3.7839808461423256e-05,0.005121034913003275,-0.0034080507451070604
551,8,0.02456301309928562,2.933916739872735e-06,0.0006975485132676802,0.001564398546250534
551,9,0.024706433522337992,2.4048214481388437e-06,0.0008567354863087467,0.0012926042529088936
551,10,0.017967746196977562,2.7264654242057928e-05,0.0052030130107413525,0.00043967016286545124
551,11,0.020473393747785455,1.802101729229852e-05,0.0029715381824798447,0.003031662600350326
551,12,0.015278790810364644,3.7184535974800256e-05,0.00457960781247513,-0.0040263790505511285
551,13,0.01787392346909949,2.7610777635933228e-05,-0.00350976604276815,0.003910539599718283
551,14,0.01974411733479602,2.0711406208139295e-05,-0.0031746363983993107,0.0032608419075596945
551,15,0.020338239257837194,1.851961855679353e-05,0.0038985829390244652,0.0018222704586149919
551,16,0.01999465805892364,1.978713116625687e-05,0.004443771977373518,0.00020005444100725444
551,17,0.025108144133609112,9.228624039552778e-07,0.0009469823264084998,0.00016151432575850153
551,18,0.02278900552163386,9.478445314391425e-06,0.0021301143794460638,-0.0022228490827918427
551,19,0.0230973217898978,8.341029300468163e-06,-0.0024273011285005502,0.0015650043233320855
551,20,0.023537886702715616,6.7157320372608e-06,-0.0008572026137494962,0.0024455951660570952
551,21,0.01956030779430191,2.1389501840416792e-05,-0.002666239660148941,0.0037789770990395866
551,22,0.021197023901220635,1.5351458111041454e-05,0.0013362349149571625,0.003683196215665258
551,23,0.0005922442195752102,9.136498313593921e-05,0.009046274998175563,0.0030870522822464357
551,24,0.023274818484855846,7.686222519105253e-06,0.0005414516573281182,-0.0027190168483997826
551,25,0.024857267377010096,1.8483771102781056e-06,-6.907728012360082e-05,0.001357794328920559
551,26,0.02133450532762639,1.4844272496440487e-05,-0.0035902969101501755,0.0013978700202116755
551,27,0.02042111737151584,1.8213871168786252e-05,-0.0026977633936310207,0.003306953861300561
551,28,0.02338927749242095,7.263969392874285e-06,0.0009294799117413981,-0.002529829339410761
551,29,0.02367360557422875,6.215048700893738e-06,-0.0012679021950191393,0.0021465024399612005
551,30,0.02419241406402085,4.3011014162706925e-06,0.0006476061399219291,0.001970204990300784
551,31,0.020718329362096537,1.711742017863904e-05,-0.002677647438220432,0.003153985474797022
551,32,0.020175118858828753,1.912138944314493e-05,-0.0032474862414945257,-0.002928348093114732
551,33,0.02207364623818638,1.211749225564877e-05,0.002909357406404945,-0.0019113167548696535
551,34,0.018150048588769015,2.659211866368032e-05,0.0018063490387317527,-0.004830033313958941
551,35,0.019295698599811978,2.2365677171478244e-05,-0.0046081861948577725,0.001063154346743918
551,36,0.01967861149530936,2.0953065174943568e-05,0.0006077196529970197,-0.0045369309007637255
551,37,0.02141235840797569,1.4557063064316898e-05,0.0025369117586774587,0.0028497617081084062
551,38,0.023880452923596036,5.45196380455436e-06,-0.0019738357115573904,-0.0012473717923438426
551,39,0.02459765847553482,2.8061057554698686e-06,0.0006561118528401067,0.001541305612794747
551,40,0.013373320813627416,4.421404531773201e-05,0.00664862923831748,9.886642059836763e-05
551,41,0.011285038205312032,5.191797250156124e-05,-0.006218699441924147,-0.0036394710814311388
551,42,0.018141021991979325,2.66254188712809e-05,-0.003098771542695778,0.0041258979383232116
551,43,0.01930357389043617,2.2336624271607956e-05,-0.0022952627400324,0.004131391197384595
551,44,0.014481978003823734,4.012407481704812e-05,0.0021689279179948275,-0.005951455830600673
551,45,0.019422381390305835,2.1898329031182108e-05,0.0031221793897734805,0.0034857316146335486
551,46,0.021447467723490383,1.4427540551835958e-05,-0.0037631544117601922,0.0005159548672953465
551,47,0.024082893975173617,4.705134273837916e-06,0.0021524354018998063,0.0002686189019528147
551,48,0.02045211548232308,1.809951538784725e-05,0.00011961702276763308,0.004252670591018244
551,49,0.024993511174252213,1.3457572593909669e-06,-0.00014370379230707825,-0.001151132694118072
586,0,0.025169424113362444,1.0176860031339345e-06,0.0007556356502601131,-0.0006683567663979401
586,1,2.5651025079435803e-08,3.613667966719711e-05,0.0029614906006450413,-0.0052312764302307885
586,2,0.010748604870564348,2.1139110209639926e-05,-0.000304472737894393,-0.004587636271711067
586,3,0.023261955025013683,3.679184912540942e-06,-0.0006976885689305139,-0.0017867332126886301
586,4,0.013272963808027663,1.7616862535982205e-05,0.004176540437795681,0.0004163802438152724
586,5,0.01533235036517785,1.4743392601721067e-05,0.00152155752443547,-0.0035253730726768294
586,6,0.014673781280045197,1.5662296563287782e-05,0.0032679820539308884,0.0022321715566849774
586,7,0.02535239438946965,7.623868775607999e-07,-0.00040058566451239147,0.0007758337469767384
586,8,0.024226469675479995,2.3333939343262498e-06,0.00020545134898822,0.0015136656425793545
586,9,0.019908305665944453,8.358544681051266e-06,-0.0028734977481029624,0.0003186775371727215
586,10,0.02501681676815416,1.2306196151753013e-06,-0.001094109538550424,-0.00018315002819622832
586,11,0.025302049706016405,8.326330068027932e-07,0.00039198724756574774,0.0008240018231464191
586,12,0.016783502417143978,1.2718594597243303e-05,-0.0004062418702166764,0.003543100639288441
586,13,0.015732852206549193,1.4184570851719304e-05,-0.0036712398060011722,0.0008405766702400085
586,14,0.02553651399190071,5.054840925752136e-07,0.000699349088661805,0.00012804274584339549
586,15,0.012501169856876083,1.8693749585855736e-05,-0.0007049738172123852,0.004265766226939861
586,16,0.017594247022209138,1.158735955109298e-05,0.0012239359219097874,0.00317637220900697
586,17,0.021974440931117594,5.4756582486918244e-06,-0.000818326164976832,-0.0021922592311143622
586,18,0.023048360392139557,3.977214320158654e-06,0.0019012406398786186,0.000602078358216432
586,19,0.02161073783550888,5.983134568084513e-06,0.00016765475139727008,0.0024402922883167977
586,20,0.004224509269684516,3.0242205736938925e-05,0.004684414104538356,0.0028807065512025066
586,21,0.01807152217675844,1.0921415703782897e-05,-0.003171475694182935,0.0009290627669806643
586,22,0.02411490740277474,2.4890571998279953e-06,0.0015703578295715522,0.00015176787186792565
586,23,0.025035353786500594,1.2047548426271914e-06,-0.0007992818520337058,0.0007522654874688593
586,24,0.015023850270233495,1.5173843963298378e-05,-0.002012625536845875,0.003335143536901258
586,25,0.01856849867311774,1.0227982498945896e-05,-0.0007118838563203244,0.0031178845190379324
586,26,0.013510479464471717,1.728545603275013e-05,-0.0019405170120336667,-0.0036769348319977144
586,27,0.01960558515120101,8.780931772284423e-06,-0.0021393412786774252,0.002050402561847615
586,28,0.02314243363836553,3.845953560147304e-06,0.0005000835277484458,0.0018962779399186117
586,29,0.01824948336957483,1.0673105771270382e-05,0.002615874567412169,-0.0019571167616768753
586,30,0.02507741971200398,1.1460600959944202e-06,-0.0010639940864375494,0.00011822300969077442
586,31,0.023327185516515917,3.5881685584339556e-06,-7.011250898797866e-05,-0.0018929481753385026
586,32,0.021312239859694042,6.399629934611846e-06,-0.0015065297350764732,-0.0020322396738431856
586,33,0.021859751897054212,5.635684296267187e-06,0.0023350666600891207,-0.00042795792924938975
586,34,0.024474451554757116,1.9873838703728092e-06,0.0007597562808014718,-0.0011874991638546632
586,35,0.016806958889594818,1.2685865691580939e-05,-0.0034733153249871173,0.000788635749120324
586,36,0.021107192177822094,6.685733748829385e-06,0.0004542589414169863,-0.002545463133296592
586,37,0.01226079211280266,1.90291495708961e-05,0.0009461121458686672,0.004258405966830298
586,38,0.02498148024090639,1.2799248067019337e-06,-6.341101270034358e-05,0.0011295591397400362
586,39,0.01741256483804284,1.1840861397057818e-05,-0.002424882724086185,0.0024414760231233445
586,40,0.0252853259560495,8.559677190505476e-07,-0.0007674648961385866,0.0005166868996263948
586,41,0.024975273304311856,1.2885853690554851e-06,-0.0005489222591855952,-0.0009936144737402266
586,42,0.0238551079956808,2.8515563055113734e-06,0.0014138326281063146,0.0009233816140758733
586,43,0.021559100272970918,6.055184656454848e-06,0.00227173593217624,0.0009457275035200143
586,44,0.020982870481672817,6.8592002866296715e-06,0.0025303172799455297,0.0006757919424192089
586,45,0.022722996185375346,4.4311962414136115e-06,0.0014897352132813195,0.00148724081295642
586,46,0.02534954662130293,7.663603793681256e-07,-5.5067312650446554e-05,0.0008736864256960752
586,47,0.02366964998184721,3.1103265810423773e-06,-0.0002321480188869642,0.0017482659632816842
586,48,0.025651025079435803,3.457063344708898e-07,-0.0005709959417514986,-0.0001402496665743238
586,49,0.02073547814775032,7.204387755696529e-06,0.0009750291605885751,0.0025007410685031883
620,0,0.013179245841237572,8.03933428424755e-06,0.002805070754296954,0.0004134154661299762
620,1,0.018982290696712013,4.052982464856837e-06,0.001987139466914342,-0.0003228919384069871
620,2,2.4830485363480863e-08,1.7092704014425104e-05,0.003131920903264336,0.002698847063121771
620,3,0.02412698470063072,5.188791081711498e-07,0.0006660503353414335,-0.00027432837797558215
620,4,0.021067932801387496,2.620268535250093e-06,0.0009504744509950839,-0.001310292659391667
620,5,0.02454672244098478,2.30543872687165e-07,-4.943223974351429e-05,-0.0004775984991194013
620,6,0.022685995162642775,1.5087544942044352e-06,0.00017230080524522598,0.0012161689548398618
620,7,0.0003599597039691922,1.6845432787584377e-05,0.004094279528824111,-0.00028689358207563626
620,8,0.020527171158373037,2.991740101156362e-06,0.0005040958116590885,0.0016545777448715205
620,9,0.023075158043778042,1.2414223956442445e-06,-0.0006781933668208439,0.0008840113985941882
620,10,0.024830485363480863,3.561537040258429e-08,-0.00011856653696444217,-0.00014682420343677626
620,11,0.019232317002452877,3.8812290416784226e-06,-0.0005875575352256317,-0.0018804268623049403
620,12,0.022918174902164853,1.34926061640055e-06,-0.0011591240967913832,-7.544497755391177e-05
620,13,0.02371019090206465,8.051920281302682e-07,0.0005440325607098645,0.0007135969457738281
620,14,0.02191234718707995,2.040205325924855e-06,-0.0007093740704300462,0.0012397555219180768
620,15,0.023249132712315546,1.1219119914125578e-06,-0.001024325323653027,-0.00026957303785000314
620,16,0.02440446920050957,3.2826351437623736e-07,-8.408572130882833e-05,-0.0005667390103462187
620,17,0.02426810423620132,4.219382553285678e-07,-0.0001509921366306473,0.0006317749836803288
620,18,0.02311697375062525,1.2126974549930927e-06,0.0008593501683625308,-0.0006886325167521374
620,19,0.022478820713396467,1.651071202631251e-06,0.0011430799427036105,-0.000586889638024017
620,20,0.021646479033605354,2.2228411703336223e-06,-0.0010708831459311208,-0.0010373285198500464
620,21,0.022937727825374257,1.3358289037477204e-06,0.00015178669059591306,0.0011457703540874414
620,22,0.007663384637930393,1.1828407760487728e-05,0.0007813089748659632,-0.00334932292355957
620,23,0.022794408857248462,1.4342806378925135e-06,-0.00015481320301377133,-0.0011875662129183073
620,24,0.01944868454358737,3.7325972177412153e-06,-0.0016553557943069558,-0.0009961899477487226
620,25,0.023476222632942377,9.659145209807914e-07,0.0007027622389629159,0.0006870514947721321
620,26,0.005838257302462484,1.308216330702613e-05,0.0015540065018744805,-0.0032660721209363964
620,27,0.024028807212959507,5.863212900512588e-07,0.00013956363507831697,-0.0007528899533231833
620,28,0.02454680690302192,2.3048585221622346e-07,-0.0003956011941418046,-0.0002720028444884385
620,29,0.019158948984595126,3.931628571366087e-06,0.0005897113861231353,0.0018931109456243756
620,30,0.021149108068932217,2.5645058824487535e-06,5.657678533878632e-05,0.0016004077448605034
620,31,0.022869356687983365,1.3827958693183705e-06,0.0011169458186613972,-0.0003677334734467231
620,32,0.024282016079920282,4.123816337787939e-07,0.00037620206637401334,0.0005204360085877191
620,33,0.02333154598866887,1.065298899093771e-06,-0.001032001220378193,1.650394594305139e-05
620,34,0.01855556377016247,4.346118861765614e-06,0.002084717515221658,-8.470153106647591e-06
620,35,0.015898773014696808,6.171178451267112e-06,0.0019254232874416851,-0.0015696890187054142
620,36,0.022523607368767025,1.620305394410342e-06,0.00047939258924583716,0.0011791896114648035
620,37,0.02192740133509954,2.029864008247352e-06,0.00030221991749409237,0.0013923099977078439
620,38,0.023862328554249863,7.006823747171612e-07,-3.8548588803797613e-05,-0.00083617963441978
620,39,0.018126677491847706,4.640738606822191e-06,0.002126568570851243,-0.00034415798739807334
620,40,0.02021231555577931,3.2080274529697486e-06,-0.0013521267488298967,-0.0011746406718943637
620,41,0.005427486845940897,1.3364338543904066e-05,0.0036436525837969663,-0.0002968743715677698
620,42,0.024504886296349684,2.592828529011601e-07,0.00044489827179602535,-0.00024768605260302827
620,43,0.023578189965271817,8.958689378648167e-07,0.000864658898472687,0.0003850115935355925
620,44,0.018021915431361772,4.71270400444052e-06,-0.0021035714540085754,0.0005363684762556128
620,45,0.017417550999962356,5.127866959524577e-06,-0.00033082005089463644,0.0022401841561466877
620,46,0.020488675589750576,3.0181843013716775e-06,0.0013528485388308892,0.0010899473071459948
620,47,0.020245619750520406,3.1851494224519816e-06,-0.0015212657667034975,0.0009332201720430187
620,48,0.024829848723282155,3.605270491879427e-08,0.0001846261629315359,4.433830037306604e-05
620,49,0.02253490319723325,1.6125458220686984e-06,-0.0005124899048322962,-0.0011618519352799145
655,0,0.022071676929821014,1.2773093372143987e-07,-0.0003253913247888735,0.00014782225635397975
655,1,0.01975476405869083,2.2204455977502807e-06,-0.0014900518258769957,-1.3825843587709965e-05
655,2,0.02068624426826449,1.3791009282476316e-06,-0.0011699397389364325,0.0001016953071925341
655,3,0.021617556243060887,5.379082141291354e-07,0.0002947936940732333,0.0006715689778896821
655,4,0.01922218485625441,2.701489283329967e-06,0.000996058165142992,-0.0013074239614531864
655,5,0.021660629862832143,4.990026528318989e-07,0.0006747062772131608,-0.00020922259036981717
655,6,0.019697078090628595,2.272549530002877e-06,-0.00010334305265095551,0.0015039513766979499
655,7,0.02136968325009739,7.617955487177639e-07,-0.000770353042083255,-0.00041030688425962184
655,8,0.02055842317880982,1.4945532922993925e-06,4.317703176356119e-05,-0.0012217565372149564
655,9,0.019570296188423975,2.3870632647155905e-06,3.810399352209944e-05,-0.0015445424404636017
655,10,0.021792221596038646,3.801445148424958e-07,0.0005739594062598567,-0.00022520016609303066
655,11,0.021060809087495365,1.0407812186025296e-06,-0.000868568102799356,0.0005351361223110033
655,12,0.020900429485469454,1.185641540780727e-06,-0.0010836071240413966,-0.0001069445721271552
655,13,0.02210574170184956,9.696247072085834e-08,0.0003105607865736249,2.268189947137887e-05
655,14,0.016915595684262236,4.784879230472669e-06,0.002143285492145416,0.0004372716885777652
655,15,0.021917794993640386,2.667223426721217e-07,0.00042578670080564165,0.0002922807350633441
655,16,0.022031106052701956,1.643759325634325e-07,0.00012570026446125592,-0.00038545476528096373
655,17,0.020156778348579926,1.857332590747274e-06,0.0008185616508753486,-0.0010896281083303137
655,18,0.020856923930127596,1.224937241005403e-06,0.0003376708462717842,-0.0010539998294988003
655,19,0.019159021286065413,2.7585407724964333e-06,-0.0007774787172199549,0.001467674220243187
655,20,0.020942440985669917,1.1476953220761485e-06,0.0010579917178205108,-0.00016837115875159044
655,21,0.01997331500943784,2.0230429309669517e-06,-0.00032244976369969413,-0.001385304688816494
655,22,0.021969482113311307,2.200367747232538e-07,-0.00026952029415363004,-0.0003839213275693271
655,23,0.021154746732220325,9.559335365555316e-07,-0.00012393187895339008,0.0009698321637967127
655,24,0.018227827970824107,3.5996263092609347e-06,-0.0018961365500297428,6.551711915400043e-05
655,25,0.01721329766931548,4.5159846520902245e-06,-0.002113258880990863,0.00022387843577144665
655,26,0.021533729148165287,6.136237030095582e-07,0.0006085547139326027,0.0004932391541229937
655,27,0.020128693996077897,1.882699335022851e-06,0.0008377306746087043,0.0010866952893256216
655,28,0.019702012098763683,2.2680929657076043e-06,-0.001477417222423272,0.0002921152453993257
655,29,0.022165523903437078,4.2965148910004026e-08,0.0002002949701388865,-5.3357978288786376e-05
655,30,0.017989944060416745,3.814491164063683e-06,0.0017796242035114272,-0.0008046296404806386
655,31,0.021770937747196486,3.993688124559109e-07,-0.00021592800621494522,-0.0005939224769176104
655,32,0.020345053144447112,1.6872763788422908e-06,0.0005271344992233958,-0.001187183894167534
655,33,0.019965003044280755,2.030550581162987e-06,-0.00012570934216455344,0.001419418099946433
655,34,0.021020565175860925,1.0771308910760538e-06,0.001034773173409051,7.984591829903506e-05
655,35,0.014547924590445932,6.923440451037524e-06,-0.0005533680524011368,0.0025723965964872713
655,36,0.020814935414650907,1.2628626991241658e-06,0.0007868774583999864,0.0008023007943322402
655,37,0.016493638332166268,5.166005490907001e-06,3.8135074297037096e-05,0.002272564896106459
655,38,0.02037381972848419,1.6612934197942662e-06,0.0012887661363765572,-1.9371771300204486e-05
655,39,0.019019904431585365,2.884195856471148e-06,-0.0009536660787602266,-0.0014052461943350858
655,40,0.02119036050482849,9.237659634425456e-07,-0.0006747995231608923,0.000684405995725036
655,41,0.02154496564172116,6.034745190977864e-07,-0.000776571901081768,2.0263305456789168e-05
655,42,2.2185573227759818e-08,2.0063621724561693e-05,0.004478656211798992,7.252765731771373e-05
655,43,0.022158381674774224,4.9416253240620086e-08,-0.00017530392373053534,-0.00013669230982501807
655,44,0.021575378014634213,5.760050274496122e-07,0.0007397054313601709,0.00016982609418424388
655,45,0.020488386880667727,1.5578124635710153e-06,-0.0012004006231728615,0.0003418344737694269
655,46,0.02107503670106007,1.0279303531634386e-06,0.0006933538826971377,-0.000739723425688441
655,47,0.02046996753666107,1.574449442796617e-06,-0.00019490790799430672,0.0012395403786072884
655,48,0.02085417324244842,1.227421755858811e-06,0.00105442051897169,0.00034002812388136814
655,49,0.022185573227759815,2.4855915914289273e-08,4.372302087247873e-05,-0.00015147347411370105
689,0,0.0068402571142949405,3.0198444961484454e-06,-0.0008780040100344715,0.0014996511109294165
689,1,0.019941005699332576,1.029193456330966e-06,-0.0002114151694803372,-0.0009922182635108902
689,2,0.01767886065185924,1.3729250653867864e-06,0.0011562681186100285,0.00018965522210793832
689,3,0.015142381408367918,1.7583415941260835e-06,-0.0012622752573122663,0.00040620532850189873
689,4,0.02304802466997593,5.570837517215887e-07,-0.0006491833914715065,0.000368299709420387
689,5,0.022504586990560054,6.396587873833475e-07,-0.0007911560954133986,-0.00011717858197457748
689,6,0.018647856737468205,1.22568668027652e-06,0.0010071506859529915,-0.0004597109701333421
689,7,0.01204898606629008,2.228381196390239e-06,0.0012944924560265433,-0.0007434181042190236
689,8,0.023539214114120324,4.824478046696678e-07,0.0006200443512774849,-0.00031303802823067796
689,9,0.026687590875444155,4.053808098785909e-09,-6.169080478052899e-05,-1.574968902285284e-05
689,10,0.023799299207861235,4.4292802769389384e-07,-0.00014238075494190446,-0.0006501197953577996
689,11,0.021341585624167568,8.163761607678314e-07,-0.0008508071362745967,0.0003041436792571089
689,12,0.024260722268458684,3.728150651092109e-07,-0.0006018464272090886,0.00010293659779138874
689,13,0.01854425167160838,1.2414294090790379e-06,-0.0005175101429579442,0.0009867181264245053
689,14,0.016384605802078827,1.569586328350547e-06,0.0003380726246096945,-0.0012063553493229346
689,15,0.021773039533137476,7.508169931409382e-07,0.0002212748489525732,-0.000837767530023666
689,16,0.017253364591318692,1.4375789414500722e-06,0.0010503273715405672,-0.0005782658160766168
689,17,0.016467399110273225,1.5570059338809256e-06,0.000235953988437647,-0.0012252883943061291
689,18,0.013406947029483241,2.0220398269741918e-06,-0.0011539237056559866,-0.0008309632413647115
689,19,0.026024842731817398,1.0475799860240929e-07,-0.00010358870489721151,0.00030663884101680223
689,20,0.024902588280771076,2.7528390217303664e-07,0.0001444681827936839,-0.0005043935431122482
689,21,0.02540123512389603,1.995148077334961e-07,-5.3457164986641414e-05,0.0004434604145186886
689,22,0.019034268287601193,1.1669716725747285e-06,-0.0005644854279148959,-0.000921047161792742
689,23,0.024145940666033202,3.902560620672905e-07,-4.330407608395807e-05,0.0006232020692053303
689,24,0.026699861990053836,2.1892194534182708e-09,4.3245579854406485e-05,-1.786167059584357e-05
689,25,0.02265884682750494,6.162190959166223e-07,0.00029946378402265347,-0.0007256311307926747
689,26,0.017125169089564893,1.4570581725191714e-06,-0.0012055810683228182,6.0269894813113744e-05
689,27,0.019851101348257006,1.0428543695826788e-06,-0.0009875207306651653,0.00026010993077777084
689,28,0.026190749949503822,7.954849448461427e-08,-0.0001511507921960598,-0.00023812167583636272
689,29,0.02105688428861533,8.596363612041458e-07,-3.814326671151429e-05,0.0009263808355145955
689,30,0.025105815074976254,2.444037103597721e-07,0.0003116179440047002,0.00038379417313718516
689,31,0.01667670376554756,1.5252022146540445e-06,-0.001234373641247936,-3.903752613007539e-05
689,32,0.023585392167592516,4.7543107661290923e-07,-0.0006864376056792256,-6.507295999323606e-05
689,33,0.021982841518215303,7.189377049430153e-07,0.0006128598742825252,-0.0005859526255913722
689,34,0.021458712423307578,7.985788125487501e-07,-0.0008797913307037144,0.00015667171719023677
689,35,0.009627586733831562,2.5963114003540804e-06,0.00039799758009070006,0.0015613805835208874
689,36,0.023792559675827933,4.4395209562122516e-07,-0.0006662613698870567,6.919726688811752e-06
689,37,0.019113518846591626,1.154929596762313e-06,-8.918614244682255e-05,0.0010709693874045925
689,38,2.6699861990053835e-08,4.059217540276749e-06,-0.00039055393801092775,0.001976533622729678
689,39,0.02121808051621458,8.35142689258439e-07,-0.0008694784019684087,-0.00028133609396752027
689,40,0.01740797276534976,1.4140863203680425e-06,-0.0010233844139013188,-0.0006056159358470486
689,41,0.023252264828334927,5.260495798213533e-07,-0.0007252925659077422,-5.231255267762512e-07
689,42,0.008745757808814055,2.7303047866962998e-06,-0.0005775584412602891,-0.0015481379246130769
689,43,0.024012203950993564,4.1057727723506147e-07,0.0004791305653528042,-0.0004254540851605067
689,44,0.025269179648085238,2.1958055958958348e-07,0.0001510420934642956,-0.0004435840907781821
689,45,0.017798829934448496,1.3546958034799357e-06,-0.0008056402343463438,-0.0008400235807894346
689,46,0.024842026733367824,2.8448619367025144e-07,0.00031640846711756426,0.0004293854627331539
689,47,0.020811598660851385,8.969073680318198e-07,0.0003686213467762249,-0.000872367852876699
689,48,0.02467162010984998,3.103793798569552e-07,0.0005117120857554111,-0.0002202955313863675
689,49,0.018225840388217982,1.2898118162564894e-06,1.2590931711608622e-05,0.0011356290260006226
724,0,0.023388698549872158,1.4368644141375085e-08,-5.5399073707846415e-05,0.00010629951445650015
724,1,0.015827570086731683,7.772691691412407e-07,0.00048310145803455174,0.0007374836610977432
724,2,0.020084896782627842,3.477146671607098e-07,0.00026520780340762065,0.0005266682904565402
724,3,0.02119732464567523,2.3547324646795262e-07,-0.00041732787603730704,0.00024760995608041024
724,4,0.022715813884048988,8.2261164063942e-08,-0.00013867011563301903,0.0002510612735852886
724,5,0.022448594177894646,1.0922301970615985e-07,0.000326101970087013,5.367052087998326e-05
724,6,0.019372452461832074,4.1959866556357655e-07,3.3007820132876695e-05,-0.0006469228310808425
724,7,0.02292539377286478,6.111503382869747e-08,0.00021654999082833197,-0.00011925240165693441
724,8,0.020068648156165624,3.493541163142296e-07,0.00010076748816650222,0.0005824088165909265
724,9,0.02282123491061623,7.16244242034519e-08,-0.00016664260574327167,0.0002094150571342577
724,10,0.023447073415600775,8.47875403723804e-09,-6.551090551935675e-05,-6.47076138894949e-05
724,11,0.013754311330764416,9.864562238379745e-07,-0.0006066162357091989,0.0007864305223044029
724,12,2.3484553646913355e-08,2.3742346998160818e-06,-0.0015397839938711276,5.744520897656258e-05
724,13,0.022615332908478086,9.239946410595754e-08,-0.00029813372871511696,-5.929370884316979e-05
724,14,0.02335705444232003,1.756146203652798e-08,0.00011422345108333528,6.718977049477765e-05
724,15,0.022748666732650042,7.89463869684773e-08,-0.0002150195284411558,0.00018086732528961743
724,16,0.023003279005690023,5.325659241988221e-08,0.00012166936420016225,-0.00019609476850495142
724,17,0.014796519475548631,8.812998117109975e-07,5.649937180488162e-05,0.0009370739739725201
724,18,0.009253529249460294,1.4405748159866858e-06,0.0006412045592249355,0.0010146090524018807
724,19,0.020289874564485562,3.270328789653517e-07,0.0004740130374879952,0.0003199132995934307
724,20,0.01682476832060748,6.766541538215822e-07,0.0008201968805348606,-6.269952936399019e-05
724,21,0.022044672303988214,1.4997781062980925e-07,0.00037256919412510727,0.00010568825014530892
724,22,0.013845184276133026,9.77287352013093e-07,0.0009883222533142444,-2.2505013151462696e-05
724,23,0.02089625399820258,2.658505844722764e-07,-0.0002682831543441572,-0.0004403120865561443
724,24,0.021520731547211198,2.0284223164349443e-07,-6.543983027905232e-05,0.0004456005613288018
724,25,0.022696808223948275,8.417879158997653e-08,-0.0002809648998350372,7.237068916808822e-05
724,26,0.018013802671505392,5.566833141559214e-07,-0.0007127905153988965,0.0002204835488495616
724,27,0.022635875808787242,9.032673256763237e-08,-0.0002839813857819322,9.839362325377471e-05
724,28,0.02336602391041114,1.6656463272251804e-08,-1.3030210790770027e-05,-0.0001284004551354858
724,29,0.016901666298096158,6.68895324212546e-07,-0.0008050813715024874,-0.00014401149076452135
724,30,0.0225172245317677,1.0229837436308442e-07,0.0002233569880721315,-0.00022893237045562196
724,31,0.02323568561986142,2.980729793571487e-08,-8.282186934738345e-05,0.00015148543129132853
724,32,0.020515807152366485,3.042367988895816e-07,0.0005108927937503484,0.00020790707583809065
724,33,0.022178881239282872,1.3643643678659348e-07,-0.00034022313160603614,0.00014382161696621022
724,34,0.020573541058694172,2.9841158011934096e-07,0.00036783158497202015,0.00040387065406676
724,35,0.020410095820807,3.149028298581483e-07,0.0005568530119866635,6.940859384492026e-05
724,36,0.02188257042618589,1.6633351841624902e-07,-0.00038096944769322797,0.00014558776851290037
724,37,0.021060934903766756,2.4923465869812564e-07,-0.00015194985180396083,-0.0004755480009787445
724,38,0.021400323616760433,2.14991115742321e-07,0.0004095116880947651,0.00021746561350267967
724,39,0.02098445734318718,2.5695106920500775e-07,0.0005064757963693461,-2.0816745592057765e-05
724,40,0.022385605259849384,1.1557845710947334e-07,0.0002900933854845249,0.00017726896177165416
724,41,0.023249805198664045,2.8382664809348927e-08,0.0001678286789120742,-1.4703718712517172e-05
724,42,0.021968369075040104,1.576766314748029e-07,-0.00024408884227756497,0.0003132048348132591
724,43,0.013853958336798039,9.764020694100595e-07,0.00020679745612415946,0.0009662488714356338
724,44,0.021822298563885636,1.724148111248356e-07,0.00011858090772026597,-0.0003979364012616506
724,45,0.02154304379373897,2.005909771286493e-07,0.00034198102880243124,0.0002892057279306203
724,46,0.02348455364691335,4.6970846363180525e-09,2.091380604068814e-06,6.850336315457057e-05
724,47,0.015280489300805247,8.32468366038269e-07,0.0008104328614147108,0.00041912640477239477
724,48,0.01939348017188305,4.174770178339239e-07,-0.0006404437324633474,-8.54917737699956e-05
724,49,0.019396795542970652,4.1714250449300803e-07,-0.00022719981693765574,-0.000604584772944625
758,0,0.022861969184620908,1.977003069929537e-08,-0.00011841246733538987,7.581898363101815e-05
758,1,0.020700445848774302,1.2241193574726065e-07,0.0003023117163231319,-0.00017612371197832187
758,2,0.020266339108660495,1.4302588983255908e-07,0.00015136950446169013,-0.00034657345967569625
758,3,0.0163211112769406,3.3036862806738704e-07,0.00041006277415882016,0.00040276190152068695
758,4,0.016847902825249287,3.053534514163367e-07,0.00045042336937716143,-0.0003201128546860652
758,5,0.01988524697651488,1.611223969548827e-07,-0.00037693417666869036,0.00013799646159948898
758,6,0.022996999079917937,1.3358013090294555e-08,-3.542594095133525e-05,0.00011001370731871126
758,7,0.023051428384125952,1.0773387987388769e-08,3.818482217395406e-05,9.651583985508428e-05
758,8,0.022093706849972333,5.625166765281983e-08,8.064043438255449e-05,-0.00022304436328993556
758,9,0.021156591272662915,1.0075145468264075e-07,6.0852707529709265e-06,0.00031735535943560776
758,10,0.021715223882172226,7.42242762288891e-08,9.123457367013862e-05,0.00025671098300640967
758,11,0.022185182052841708,5.1907884298066394e-08,2.8473374233066624e-05,-0.0002260467899746646
758,12,0.02221516676822896,5.04840327676994e-08,0.00018673819222523067,0.00012495151192423482
758,13,2.3206191507305447e-08,1.1053914678318597e-06,0.0010234518204140846,0.00024070280248255526
758,14,0.023030402635999068,1.1771814794544544e-08,7.914993465498685e-05,7.420985540112482e-05
758,15,0.019136546176325556,1.9667513662135912e-07,9.35719201599303e-05,-0.0004334967501365411
758,16,0.02086177949758851,1.1475086043615662e-07,3.3006292488438446e-05,-0.00033713713099023113
758,17,0.018645821216941697,2.1997765843568722e-07,0.00024642768981169053,-0.000399062717038012
758,18,0.020104788687166343,1.5069725879187998e-07,0.00027649782306296507,-0.00027248158219101933
758,19,0.02039733278526432,1.3680553574575602e-07,-0.00031534692980903265,0.00019329213539555367
758,20,0.016854031772718322,3.0506241276145485e-07,0.0005142538252593144,0.00020150785584591315
758,21,0.019795604097829843,1.653791707262432e-07,0.0001540681660447147,0.00037635378427466545
758,22,0.021959491316903564,6.262501452941548e-08,-0.00024094482260977033,6.760626440620563e-05
758,23,0.018381454832269228,2.325313370860254e-07,-0.0004820092834288389,-1.408501950451676e-05
758,24,0.0194630641009565,1.811701354674847e-07,-0.0004212212356401855,6.117847753287121e-05
758,25,0.020269786094959805,1.4286220654745733e-07,0.00034826568243601053,-0.00014687825225280016
758,26,0.01865514212998143,2.1953504638736063e-07,0.00014077025825135994,-0.00044689907225144924
758,27,0.01675903593007856,3.095733769034925e-07,-0.0005366230348649295,-0.0001470003243392518
758,28,0.019139409204606276,1.9653918311483632e-07,0.0003315379272124663,0.0002943157928730596
758,29,0.022500515723049747,3.693397765585875e-08,-0.00012929531782960706,0.00014218543681826084
758,30,0.02129428935651614,9.421273570896224e-08,-0.00030265965653131216,-5.108686736638281e-05
758,31,0.02177891097411776,7.120003664014827e-08,0.00018594659410782374,-0.00019137372019127527
758,32,0.020622317809577847,1.2612191687390206e-07,6.527014963110002e-06,0.00035507649168816204
758,33,0.018370879233630316,2.3303352902322022e-07,-0.00048180976511168585,2.9881085426107527e-05
758,34,0.022088124364873625,5.6516757044144334e-08,-6.969399120108368e-05,-0.00022728727336700488
758,35,0.021487496662815568,8.503811073088324e-08,0.00013180516832556638,0.00026012594705940496
758,36,0.020967249680267867,1.0974251271377315e-07,0.0002660847189100696,-0.00019733584336435793
758,37,0.023098292399300696,8.548007527247519e-09,-9.195814104095577e-05,9.576420183931124e-06
758,38,0.02320619150730545,3.4243200727022147e-09,-4.2835308026003e-05,3.986798789780665e-05
758,39,0.01903032926175269,2.0171894358808144e-07,0.00044911993750796643,-3.1977055714639427e-06
758,40,0.023009582662478083,1.2760470207050288e-08,-0.00011294953071391692,-1.6952045765114893e-06
758,41,0.02158728165586223,8.02997294181984e-08,8.158093058976398e-05,-0.0002713747983551651
758,42,0.016639635363719967,3.152432215873816e-07,0.0005295503357711441,-0.00018660027725609122
758,43,0.021538809758962937,8.260146160703168e-08,-0.00017929898413281763,0.0002246182002776518
758,44,0.01528266316927556,3.7968028262902846e-07,-0.0003190323986952551,0.0005271608968918126
758,45,0.015092209204509401,3.8872416267572706e-07,0.000618923433424444,7.521932088117355e-05
758,46,0.021423870552580666,8.805945454753205e-08,4.310209120114987e-07,-0.00029674782015796757
758,47,0.022988988338147828,1.3738410462136743e-08,0.00011577860066950234,1.8268171477973783e-05
758,48,0.019976003014961934,1.5681276377798084e-07,5.093113459021922e-06,0.00039596315986878676
758,49,0.022265332109830425,4.810188581422262e-08,0.00014748985324407126,-0.0001623226078039191
793,0,0.021128999008236282,5.3603105304486094e-08,-3.595703197015959e-05,-0.00022871422595978374
793,1,0.020497259106419384,6.336015178256903e-08,6.241874965914526e-05,-0.0002438525199245601
793,2,0.022499998385073976,3.242840254666475e-08,-1.2947823310485618e-05,0.00017961279580860933
793,3,0.021288162050169677,5.114487654092244e-08,0.00021735508936407215,6.246312246805027e-05
793,4,0.023875552326558025,1.1183355808964761e-08,-5.999049684360002e-05,8.708901249539333e-05
793,5,0.024017405781592123,8.992468784314714e-09,-1.3172499086830581e-05,9.390928629332757e-05
793,6,0.024037072567719673,8.68872076116599e-09,1.4101068541013217e-05,9.214054822480512e-05
793,7,0.022657636932518235,2.9993719175030984e-08,-8.359045976484927e-05,0.00015167845664870177
793,8,0.02306756152268048,2.3662548281410054e-08,0.0001061644301116444,0.000111317842507299
793,9,0.014692584976456978,1.5301172375590948e-07,-7.164638581703117e-05,-0.0003845497616112466
793,10,0.021655569861216487,4.54703654351898e-08,0.00019911574880610922,-7.631044497689827e-05
793,11,0.018238533487002568,9.824553861107754e-08,0.0002803320588252228,0.00014021225126888652
793,12,0.018492754274594563,9.431916949445832e-08,5.846093294062973e-05,0.00030149873766596356
793,13,0.02383188082291698,1.1857849994891476e-08,9.35507301287958e-05,-5.573249399821163e-05
793,14,0.021292504532245307,5.107780811716086e-08,-0.0002256561344691362,-1.2534635758887076e-05
793,15,0.023905403076861526,1.0722319301251279e-08,-7.847803385530833e-05,6.755381190914661e-05
793,16,0.024255045696302092,5.322186621981321e-09,-3.387993091364129e-05,-6.460910851627822e-05
793,17,0.024499349274144235,1.5489860422613006e-09,3.0599608391098266e-05,-2.4751767786821396e-05
793,18,0.012969574702755718,1.796231365768621e-07,-0.00015102368005397707,-0.00039599871797749056
793,19,0.018140818883470952,9.975471339250808e-08,-0.00011758502372374658,0.00029313559249670456
793,20,0.02437091004589692,3.5326940778214475e-09,-4.657693235867724e-05,-3.6922668509692695e-05
793,21,2.4576854800586007e-08,3.7993459832213154e-07,-0.0003863781579996428,-0.00048025672024755114
793,22,0.008376592355155268,2.505604671296197e-07,-0.0005005422099287199,4.238302642923928e-06
793,23,0.0242826158786335,4.896372850137731e-09,-2.67011708587157e-06,-6.992312439304659e-05
793,24,0.024175841081625644,6.5454797912969325e-09,8.088624060566865e-05,-1.7017261762144055e-06
793,25,0.024007439069825064,9.14640186605481e-09,-4.4761652303252145e-05,-8.451506581159108e-05
793,26,0.024252246458692388,5.365420065654105e-09,6.793614972753505e-05,2.7387946725741314e-05
793,27,0.007186670684805672,2.689384752457575e-07,-0.000518579113647995,3.7653862773103856e-06
793,28,0.011721528315995076,1.9889886471656798e-07,0.00044453906798255517,-3.583129573109494e-05
793,29,0.021565747357225513,4.6857648941736004e-08,-0.0001925769727456139,-9.885220538698712e-05
793,30,0.023578986546020357,1.5763731524022308e-08,-0.00010434395619667291,-6.982886458513495e-05
793,31,0.023928785072687968,1.0361190901141015e-08,-7.374523493719536e-05,7.016289065595057e-05
793,32,0.023542763703269232,1.632318322127073e-08,0.00010564412739332964,7.185055023152339e-05
793,33,0.02212254393708807,3.8258081156114155e-08,-2.2097864157157997e-05,0.00019434445079756187
793,34,0.02453505364214575,9.975420428250882e-10,1.5078074779003458e-05,2.7752363931453984e-05
793,35,0.023555626991016314,1.6124513331893367e-08,-1.272723958104206e-05,0.00012634290919770735
793,36,0.021307326905280095,5.084888070225489e-08,0.00017137303552813745,-0.00014656112511892991
793,37,0.0141799196553318,1.609296965664499e-07,-0.0003901908776353167,-9.317067981200536e-05
793,38,0.016062393714390864,1.3185541008367483e-07,0.00024540696038021306,0.0002676393728146503
793,39,0.02222007206892703,3.6751786377936276e-08,2.609523240424312e-05,-0.00018992320875476176
793,40,0.013423970138054513,1.7260512589099587e-07,-0.00041434286394202843,-3.041573591602869e-05
793,41,0.018554711781081694,9.336225309781717e-08,-0.00023502027296493062,0.0001952632182294112
793,42,0.023051836749934853,2.390541300800894e-08,0.00011774696686481684,0.00010020511365267076
793,43,0.022091202672773216,3.8742138236761446e-08,0.00014249978308290956,-0.00013577904867130704
793,44,0.02457685480058601,3.519348165499567e-10,1.5969147807440775e-07,-1.875924612509221e-05
793,45,0.006409909365683288,2.809353370416596e-07,-0.0005294717350759551,2.4393007139696327e-05
793,46,0.022865320986082245,2.6786096928038543e-08,0.00016108549764700725,2.8940618097313767e-05
793,47,0.024084466214186074,7.956739118074369e-09,5.9431093459249977e-05,6.651830010089151e-05
793,48,0.01762106804650193,1.0778212001783633e-07,-5.96685175716723e-05,-0.0003228339945368755
793,49,0.017303903915313536,1.1268063151012276e-07,0.00032731631965586137,7.446246300697246e-05
827,0,0.02458763910058997,1.7214531339909373e-10,-1.2409089342413997e-05,-4.261433454963375e-06
827,1,0.02450829205974537,6.088728758940079e-10,-7.651985554764997e-06,-2.3458900080005365e-05
827,2,0.018182867043768355,3.542412773060575e-08,0.00013563657443170805,0.0001304869625941131
827,3,0.014758001675858721,5.4274649288552446e-08,-8.21862648807607e-05,0.00021799097952324056
827,4,0.018476609237227062,3.380736533108068e-08,7.413779897658655e-05,-0.00016825858698440305
827,5,0.024137232878795413,2.651189387167655e-09,1.6090330551788317e-05,4.891104834188123e-05
827,6,0.023774403674539535,4.648207956353801e-09,-6.512437378552907e-05,-2.0174833218554618e-05
827,7,0.02172630899639671,1.59209584839494e-08,0.00011996282865571467,-3.911365777920855e-05
827,8,0.020808580972287084,2.0972150295722484e-08,-7.150552844210548e-05,-0.00012593295715553467
827,9,0.02356372593844878,5.807782064921505e-09,-4.292639589063229e-06,7.608781315217249e-05
827,10,0.024247410297242117,2.044770863073644e-09,-3.797325902535391e-05,2.4552035802902823e-05
827,11,0.01952318258602684,2.804700649818327e-08,-0.0001558246702668767,-6.13651255551753e-05
827,12,0.022402941915957455,1.2196758532468924e-08,-8.262768924462754e-05,7.327635022681048e-05
827,13,0.023420154152077082,6.598003800196446e-09,7.515251053363234e-05,3.082375643377564e-05
827,14,0.019714615605408704,2.699335566198612e-08,-9.719243097275682e-05,0.0001324650407601644
827,15,0.022238100318382695,1.3104049697209212e-08,-0.0001129511702194148,-1.860330194546105e-05
827,16,0.019722220519733102,2.695149807460134e-08,-9.167437660351242e-05,0.00013618849712423848
827,17,0.023988543757933946,3.4695770249690016e-09,5.401126238629433e-05,-2.3502352231380354e-05
827,18,0.019162906928890396,3.002997029737024e-08,0.00017274039102132933,-1.3810416618208306e-05
827,19,0.02454360754312436,4.14495810155145e-10,1.2383014843456223e-05,-1.6160345093527174e-05
827,20,0.023035694057698557,8.714079183818316e-09,9.021081447561479e-05,2.4001836085277403e-05
827,21,0.011215199927846094,7.377429483730716e-08,-0.0002701495922117583,2.8169001848270625e-05
827,22,0.021424667457527358,1.7581199024937303e-08,-0.00011869680402769786,5.9095412161584867e-05
827,23,0.022741827567538456,1.0331525714658784e-08,8.968038239272574e-05,4.7843021733093646e-05
827,24,0.02252131439746699,1.1545234231551648e-08,2.3691465141462443e-07,0.00010744849046403395
827,25,0.019283618168779323,2.9365573427603215e-08,-1.6355118271189624e-05,0.00017058160373832406
827,26,0.023766843333435997,4.689820211916601e-09,6.544843729215938e-05,2.0157437037750665e-05
827,27,0.022696538608747253,1.058079697128385e-08,-3.1437432167216446e-05,9.794123151163413e-05
827,28,0.01835094047249572,3.449904850815533e-08,0.00018566978163180132,-5.077469542453993e-06
827,29,0.018684136367130292,3.266513221653134e-08,0.0001716431677423988,-5.6601724213013895e-05
827,30,0.022635606766405882,1.0916166944767645e-08,8.302011104703596e-05,-6.343365121530892e-05
827,31,0.01760805446940056,3.858790664186624e-08,-0.0001931782855625243,-3.563785387744408e-05
827,32,0.023553741743846227,5.862735254427183e-09,7.590508924948161e-05,1.0057468889109955e-05
827,33,0.023352049788254444,6.972851462956527e-09,-6.779079794174846e-05,4.875714488541716e-05
827,34,0.015549595338469628,4.991770330696821e-08,9.12092756628823e-05,0.00020395727822272134
827,35,0.019663041579682555,2.7277220041850555e-08,-0.00015264168222801526,-6.306930226704721e-05
827,36,0.011145093184906071,7.41601636313132e-08,-0.0002251189141447495,0.00015323719563344306
827,37,0.02400603883980132,3.373283774732362e-09,-2.316626993624049e-06,-5.803375753908043e-05
827,38,0.01979461405855916,2.655304271425836e-08,-8.328687855672314e-05,0.00014005833989640178
827,39,0.015670724035203486,4.925100874709965e-08,0.00022133339330975352,1.620301678977114e-05
827,40,0.01889330372651644,3.151387124894066e-08,-0.0001754182663031952,-2.724523988005892e-05
827,41,0.019324724766860594,2.9139321960738167e-08,-0.00014813580636553872,8.482396379072241e-05
827,42,0.01893954249207375,3.1259372238521786e-08,-0.00017678560202510037,-2.4946252513377315e-06
827,43,0.023590182720444625,5.662163453445698e-09,-6.908915015492741e-05,-2.9813634201747237e-05
827,44,0.015951233239299107,4.7707080962798354e-08,0.00018199038917133053,-0.00012077491135192777
827,45,0.023125042366890114,8.22230445761658e-09,9.061019755591377e-05,-3.478010421901653e-06
827,46,0.016144178301338453,4.66451078161891e-08,-0.00012662504971091453,0.00017496058013706265
827,47,2.4587639100589966e-08,1.355029601441074e-07,0.00015434223770947902,-0.00033418772240005775
827,48,0.023539639878887943,5.940352176801469e-09,-7.394040187873774e-05,-2.175245151269679e-05
827,49,0.010305442554421061,7.878161604208686e-08,-0.00027948124670317025,-2.5920045974661228e-05
862,0,0.020418834142719847,8.166891239436853e-09,-8.818469956964669e-05,-1.9757277171918403e-05
862,1,0.020447462644756068,8.106100611228001e-09,5.1462629958615766e-05,7.387623656474783e-05
862,2,0.017073201144089053,1.527110966782995e-08,0.00012355833479684336,-2.1089262815747925e-06
862,3,0.023888389656495358,7.995319895178378e-10,2.264313166351274e-05,1.6935778044916166e-05
862,4,0.021923108247974523,4.972670048924211e-09,3.913786043811353e-05,5.865916747833163e-05
862,5,0.018259207028186557,1.2752708856552583e-08,-0.00010226256836770922,4.7906951138557954e-05
862,6,0.02338284859831803,1.8730131822495376e-09,3.971939659873254e-05,-1.7186701722032987e-05
862,7,0.02247981310057557,3.790546105669592e-09,-5.910492348326236e-05,1.7238158999942336e-05
862,8,0.023801384079590707,9.842822663927832e-10,-5.278336106667874e-06,-3.092606399685918e-05
862,9,0.017007746280799454,1.5410098506773207e-08,-0.0001016858547706696,-7.120453248446687e-05
862,10,0.009883825796517112,3.053724700380139e-08,-0.0001704208073097849,3.8652237188584056e-05
862,11,0.024176468008980014,1.878176916913227e-10,1.2600379452103273e-05,5.3896316529366195e-06
862,12,2.4241559826930273e-08,5.152486202176073e-08,0.00022691804986515226,-5.749840620139292e-06
862,13,0.020900275840748304,7.144583357869928e-09,4.230015493163901e-05,-7.317978034012718e-05
862,14,0.02369310516426146,1.2142049943199775e-09,4.327265366863737e-06,-3.45757106762062e-05
862,15,0.024144834819344308,2.549885645428317e-10,1.5953299166295687e-05,-6.934048265630952e-07
862,16,0.012211290656523212,2.5595037635152884e-08,-4.244418943915981e-05,0.00015425151026166842
862,17,0.02406005548661832,4.350115671092602e-10,2.074160858335481e-05,-2.190260369034307e-06
862,18,0.017365931808597457,1.464951650976167e-08,2.3140864314182608e-05,0.00011880242804149357
862,19,0.02069558610542918,7.57922774066749e-09,6.372299063567817e-05,-5.9317857388081405e-05
862,20,0.023582015305648362,1.450096564342679e-09,3.7201140851540824e-05,-8.134597942522997e-06
862,21,0.023074655713303627,2.5274392875979048e-09,4.149148239796008e-05,-2.8388310552367743e-05
862,22,0.019399593702831917,1.0331177256157355e-08,6.793222497888863e-06,-0.00010141513390146232
862,23,0.02268218928379835,3.3608143894569832e-09,5.794635379709255e-05,1.7419733290612893e-06
862,24,0.018377195910079424,1.2502167691567705e-08,-0.00011180378947271184,-1.442342230274602e-06
862,25,0.0204234889675831,8.15700704335557e-09,5.5565183825606376e-05,-7.12005434654971e-05
862,26,0.017405203654734244,1.456612548236681e-08,0.00011418640610271018,-3.908439770181653e-05
862,27,0.021792191782704747,5.250662035950361e-09,6.196401480159266e-05,-3.756491588727929e-05
862,28,0.015063477853026343,1.9538616966503067e-08,0.00012970400180122282,-5.2110352937314236e-05
862,29,0.019508641570777745,1.009962171095716e-08,-4.491841943865966e-05,8.989970692994389e-05
862,30,0.023860230826549155,8.593253017871914e-10,1.461600674215471e-05,2.5410581431767345e-05
862,31,0.02137527436253937,6.135957111850541e-09,5.350250192773672e-05,-5.7213979055149354e-05
862,32,0.02136440797927276,6.159031119156247e-09,2.878267089854494e-05,-7.301088257994353e-05
862,33,0.022664762147383707,3.3978196986829825e-09,5.650522720817117e-05,-1.4317087582184268e-05
862,34,0.020934519467699718,7.0718694033678064e-09,-7.937999733573041e-05,2.77612216292302e-05
862,35,0.011252787192577404,2.76303529178002e-08,0.00015546384205418202,5.883321112732625e-05
862,36,0.016387911909250583,1.6726273582375062e-08,2.2484067277864015e-05,-0.00012736067014985258
862,37,0.02035667402923347,8.29888390686978e-09,-9.031317962807857e-05,-1.1933712428921462e-05
862,38,0.01577125284085717,1.8035706123095783e-08,9.824773537214426e-05,-9.155920826078006e-05
862,39,0.024241559826930274,4.9599754216089525e-11,-6.8631336785993825e-06,1.5802374270230512e-06
862,40,0.02258708124928203,3.562769670199253e-09,-5.962556690437288e-05,-2.749807544430467e-06
862,41,0.020482658807223914,8.031364013963716e-09,7.693553363173814e-05,-4.5959630968529376e-05
862,42,0.019814589439003966,9.449962742244862e-09,9.720304701291209e-05,1.2370908012200875e-06
862,43,0.02381842230545359,9.48102781610153e-10,7.477128550552002e-06,-2.986963893736704e-05
862,44,0.020737787603235688,7.489615802195608e-09,6.613782386784468e-05,5.58158047171369e-05
862,45,0.02091965595446278,7.1034310375015384e-09,8.242247623677527e-05,-1.760586403729606e-05
862,46,0.023000646082133834,2.6845935797304284e-09,1.9982008601469986e-05,4.780494652210384e-05
862,47,0.023922778757636053,7.265091307166516e-10,-2.539962710350399e-05,9.020425362453646e-06
862,48,0.020972405482588767,6.991421092012881e-09,-1.6501243999012533e-05,8.197029973409841e-05
862,49,0.018412547140113714,1.2427101819136763e-08,8.965689473795446e-05,6.624758897563079e-05
896,0,0.02063072875994012,2.5365872678490333e-09,2.0090738928635862e-05,-4.618386598315941e-05
896,1,0.014679663903030986,8.898653650188528e-09,9.129269850075152e-05,-2.375493318532825e-05
896,2,0.020153718328779283,3.0465417215616776e-09,-4.7433093247021146e-05,2.8224871772624134e-05
896,3,0.017077748634472645,6.334948730354955e-09,-1.0012258570079507e-05,-7.896013809942853e-05
896,4,0.020930198291747238,2.216435314096916e-09,4.177169062542008e-05,2.1715459387061277e-05
896,5,0.02134594305898792,1.7719777471079282e-09,3.964159356581843e-06,-4.190779387779262e-05
896,6,0.014649163489681144,8.931260529643924e-09,-5.026404481731049e-06,9.437158358123466e-05
896,7,0.021798078809502196,1.2886159072077774e-09,-5.328026236199899e-06,3.549969075406352e-05
896,8,0.015436057369013163,8.09002098402635e-09,8.677467047462151e-05,-2.3668070222288946e-05
896,9,0.022504791943213434,5.330946722607147e-10,1.688515221523205e-05,1.574758098658835e-05
896,10,2.2873107661370687e-08,2.4592146910153184e-08,-0.00013223245196319962,8.430139712930793e-05
896,11,0.022258359758874576,7.965463322923654e-10,-1.3548349220601824e-05,-2.475860589146698e-05
896,12,0.019266519200586276,3.9950139502527325e-09,-1.9603179093097254e-05,-6.0089344477175714e-05
896,13,0.020018492873087303,3.191106324095904e-09,4.7409479091691144e-05,-3.0715592397842565e-05
896,14,0.020024086010404476,3.185126904991428e-09,-1.4511949996339228e-06,5.641826776908757e-05
896,15,0.019850156065472756,3.3710690652835537e-09,4.2308142851991614e-06,5.79065564143449e-05
896,16,0.02272874125843585,2.936786275724548e-10,-3.820143168753144e-06,1.6705841306042732e-05
896,17,0.020745178294892797,2.4142334444065812e-09,2.4591104816313122e-05,4.253834750339607e-05
896,18,0.01851982156056946,4.793281162516083e-09,-6.787930486979967e-05,-1.3626486447682467e-05
896,19,0.022593114765308116,4.386719646020065e-10,4.104091024820229e-06,2.0538461516432932e-05
896,20,0.019805179564508932,3.4191518020134344e-09,4.684818824413498e-05,-3.499141409339622e-05
896,21,0.021276370193133737,1.8463555604265012e-09,-1.763547876738823e-05,3.918348439166048e-05
896,22,0.02237735922190125,6.693283466978252e-10,2.336135379422663e-05,1.1116451574076967e-05
896,23,0.02175665586311061,1.3328996683550618e-09,-2.4490904846501096e-05,-2.7075731719654243e-05
896,24,0.02114371181488997,1.988175794091151e-09,2.999115598658691e-05,-3.2995550558815706e-05
896,25,0.021752444046033867,1.3374023683720887e-09,-1.7933626328225347e-09,-3.657051223535075e-05
896,26,0.022873107661370688,1.3934177174325257e-10,-3.5890599819308694e-06,1.1245462204345135e-05
896,27,0.019412883310099764,3.838541419183656e-09,6.194166458020725e-05,-1.3310177372046507e-06
896,28,0.018004278148836993,5.344429820325074e-09,-6.927528000206005e-05,-2.3353059777280858e-05
896,29,0.01848776694118629,4.827549586954368e-09,-6.21675108388604e-05,-3.102821591800829e-05
896,30,0.02260947659834744,4.2118012567303274e-10,-2.0260791823744653e-05,3.2680942991160044e-06
896,31,0.022402472910297684,6.424802184173844e-10,2.52281691384138e-05,-2.453507762565631e-06
896,32,0.02251356313303796,5.237177131353339e-10,-2.2033281764920743e-05,-6.184836926140004e-06
896,33,0.01576703094650077,7.736189204100129e-09,-6.8993088051524e-05,5.4554037478584357e-05
896,34,0.021757942825507408,1.3315238237966726e-09,-1.9730109452601756e-05,-3.0696035652589204e-05
896,35,0.021952733679057704,1.1232800269708354e-09,3.1875059162744516e-06,3.3363450556028385e-05
896,36,0.021032100026403214,2.1074958862894375e-09,4.0313236770618525e-05,2.1962213626260176e-05
896,37,0.02064637790910036,2.5198573332611053e-09,-3.822879226353072e-06,-5.0052401817313656e-05
896,38,0.022765718402936633,2.541477110726631e-10,1.0367655275066644e-05,1.2110302852119177e-05
896,39,0.018230088857917458,5.103023827354732e-09,-7.127842994374676e-05,4.733841157993929e-06
896,40,0.020034492987688043,3.1740011851564817e-09,3.5985710046477244e-07,5.63371253084831e-05
896,41,0.021037129320535947,2.1021192513681087e-09,-8.499736283010031e-06,-4.505412006118188e-05
896,42,0.021173925046819732,1.9558759298174494e-09,-3.779287499577796e-05,-2.2968990604093824e-05
896,43,0.020284702345384046,2.9065114868554505e-09,-3.620779883138897e-05,-3.994379539604516e-05
896,44,0.022395501284905087,6.499333288450118e-10,-2.399274916953867e-05,8.618660924564397e-06
896,45,0.02051814700854888,2.656944312010555e-09,-2.5507812039514032e-05,-4.4791693839007447e-05
896,46,0.02214656471627158,9.160623347824046e-10,-2.5135188335489625e-05,1.6860742632573184e-05
896,47,0.021795103746160983,1.2917964389148878e-09,1.583702711038014e-05,-3.226429932944418e-05
896,48,0.019265463583626463,3.996142471842425e-09,1.7312731720914372e-05,-6.079812326217044e-05
896,49,0.019571122656773292,3.669373505198276e-09,-6.0373420339771236e-05,-4.942026069900156e-06
931,0,0.02288268446122233,1.5491910627500964e-10,-9.947370381162065e-06,7.481238451953615e-06
931,1,0.02207428298337635,3.970607214169133e-10,-1.5516664352505793e-05,1.2501753828506996e-05
931,2,0.021422111262602114,5.924066208812822e-10,-1.5133798938729995e-05,1.906239099807202e-05
931,3,0.018684089577082605,1.4125300513725421e-09,3.752500066658616e-05,-2.0986606074470943e-06
931,4,0.015622738134896135,2.3295008920285987e-09,-4.7674830388355575e-05,7.524057380836908e-06
931,5,0.021858757553203285,4.616173522450952e-10,1.921090725567751e-05,9.620727345624779e-06
931,6,0.02216743425950192,3.691589905669458e-10,1.646782367009101e-05,9.897968182295603e-06
931,7,0.019844116655126347,1.0650655328336843e-09,-1.6899145708318097e-06,-3.259155905410133e-05
931,8,0.017664957949758003,1.717791960269735e-09,-4.123483932228041e-05,4.180907357913159e-06
931,9,0.020907709748691886,7.464860193276492e-10,3.664401217672743e-06,-2.7075047239913872e-05
931,10,0.020972331706140258,7.271297148440474e-10,-2.6943932145103837e-05,1.0743534819078782e-06
931,11,0.023209450711877116,5.704235830289873e-11,3.1652459463281577e-06,6.857373870670309e-06
931,12,0.023278534430896634,3.63496161916785e-11,-5.980731661382919e-06,7.618825278285432e-07
931,13,0.02309002677902045,9.281357443867789e-11,5.589485261134058e-06,7.846733648738373e-06
931,14,0.012400047680636158,3.294797830594537e-09,4.647185557683564e-05,3.36922019143936e-05
931,15,0.020111548896073507,9.849611830290433e-10,3.6234012622513202e-06,-3.117422246539212e-05
931,16,0.0216380143294318,5.277368760219213e-10,-1.8666502267038375e-05,-1.3390241563787134e-05
931,17,0.020203978921268097,9.572754894701193e-10,-7.281938211412275e-07,3.093129844072135e-05
931,18,0.02142269996871822,5.922302849223501e-10,1.4594518840784184e-06,2.429197985180315e-05
931,19,0.02291682411409529,1.4469320873079865e-10,9.029637286909707e-06,7.947254821487011e-06
931,20,0.02232622913620582,3.2159494105061373e-10,1.382456641231247e-05,1.142262249057438e-05
931,21,0.022332078369428316,3.1984291211616654e-10,1.642145034023524e-05,7.0837053043837485e-06
931,22,0.022478564075228046,2.759658456218542e-10,-3.988878236891232e-06,1.61262114593946e-05
931,23,0.017688992671106307,1.7105928068710168e-09,-1.6083193537454836e-05,3.810411647719689e-05
931,24,0.016874986516457254,1.9544131986240916e-09,4.360874600208071e-05,7.258820203731514e-06
931,25,0.02175748600588297,4.919513591811059e-10,-1.755771767665954e-05,-1.3552782340457735e-05
931,26,0.022486743813207196,2.735157573674542e-10,1.2030191301087769e-05,-1.1348579410070953e-05
931,27,0.016070779549536948,2.195298426094636e-09,3.90918103571665e-05,2.5828836386759012e-05
931,28,0.022554868662523757,2.5311022682740026e-10,1.589243533911562e-05,-7.353406145653095e-07
931,29,0.01588075262010205,2.2522174556545867e-09,3.404469755724491e-05,-3.306321254642853e-05
931,30,0.02209046499201639,3.9221370193993326e-10,-1.95454169002179e-05,-3.192237481236281e-06
931,31,0.022216504416210234,3.544609385145447e-10,2.131035353123625e-06,1.870613874743481e-05
931,32,2.3278534430896635e-08,7.009001299428263e-09,2.6031993579729296e-06,8.367929643902912e-05
931,33,0.019592613664739376,1.14039857213934e-09,2.044859857811958e-06,3.3707819868707756e-05
931,34,0.02252131675247042,2.6316007695021237e-10,1.6220083883366918e-05,2.6259430068665055e-07
931,35,0.021092674404385097,6.910832996380972e-10,1.1326626090418555e-05,2.372321312651275e-05
931,36,0.019429491167121195,1.189258879946412e-09,-3.633987914621004e-06,-3.429362931774356e-05
931,37,0.022162298904221275,3.706971906520026e-10,-7.554792068629808e-06,-1.7709384728210372e-05
931,38,0.017421030573011784,1.790855865521415e-09,-4.223786813701312e-05,2.611199104186979e-06
931,39,0.021902650657950204,4.4846998974233004e-10,9.082230609196748e-07,2.115762559017301e-05
931,40,0.021398921194995958,5.993527739738857e-10,-1.8455166997338008e-05,1.6086005876980517e-05
931,41,0.023003687215977123,1.1867498342776407e-10,-9.116047471824645e-06,-5.9642821797097734e-06
931,42,0.02105866470568916,7.012702718275438e-10,-2.317771589309445e-05,1.2808737557095182e-05
931,43,0.014720207537751771,2.5998371327413603e-09,-5.083547524466454e-05,3.948618668656048e-06
931,44,0.016719435729062496,2.0010055415731944e-09,-4.4177024726055995e-05,7.02823078211238e-06
931,45,0.022654343640290696,2.2331434885984492e-10,-4.25457935385933e-06,1.4325254042478927e-05
931,46,0.021352597990361353,6.132280276642418e-10,-1.1282274647573674e-05,2.2044008402306467e-05
931,47,0.019280192197904687,1.233978607131268e-09,-3.412980595492123e-06,3.496183877581473e-05
931,48,0.015640485246890917,2.3241850749744654e-09,4.19270302323159e-05,-2.3797252170637978e-05
931,49,0.02291857418711815,1.441690069325767e-10,1.1992652863911691e-05,5.876088990879858e-07
965,0,0.020706740069045923,9.987502401353419e-11,-1.5700442124499198e-06,-9.869649699178117e-06
965,1,0.006858803937054039,5.793976049555042e-10,2.3745910246887485e-05,3.940729818481354e-06
965,2,0.02024577085754175,1.1583734099191775e-10,7.439173968998256e-06,7.777919493726873e-06
965,3,0.02167287482491286,6.641997141542431e-11,-1.9810585982153403e-06,-7.905401839619627e-06
965,4,0.022143030009177743,5.013956506078322e-11,-5.938821990865988e-06,3.856158505765779e-06
965,5,0.020179051764011604,1.181476716883291e-10,-5.66785582407101e-06,-9.274862912511075e-06
965,6,0.022533715839219502,3.661100197575601e-11,-4.2057344026854075e-06,-4.350034495245345e-06
965,7,0.020200542667867506,1.1740349049154044e-10,-2.3181061007529835e-06,1.0584416592197807e-05
965,8,0.02290290878777406,2.3826688568398283e-11,-4.731416358332034e-06,-1.2001615776662387e-06
965,9,0.023154286485760737,1.5122049741292183e-11,-3.7743743352076675e-06,-9.360278409416364e-07
965,10,0.00694565235800051,5.763902413623998e-10,-2.7243154701323734e-06,2.385305738436055e-05
965,11,0.022700378650242988,3.083984730496043e-11,-2.4769600715039014e-06,4.970363780362139e-06
965,12,0.020969982864856025,9.075952379327975e-11,8.641196790284349e-06,-4.011139716447085e-06
965,13,2.3563497299775638e-08,8.169024096225962e-10,2.848417576238149e-05,-2.356722461461055e-06
965,14,0.021993538503652616,5.5316116416526606e-11,7.0840693394619814e-06,2.265409016098703e-06
965,15,0.021597336377964817,6.903569629280818e-11,-6.856171627522898e-06,4.69346427564525e-06
965,16,0.019374508131768328,1.4600719063299297e-10,1.2067413443672308e-05,6.202607616718935e-07
965,17,0.02311894311243525,1.6345910498208845e-11,2.2912125661455383e-06,3.3311042425816733e-06
965,18,0.02011414186307157,1.2039535415384418e-10,-7.75748957654096e-06,-7.759942630181137e-06
965,19,0.02232530461927995,4.382780924076057e-11,6.523471300375854e-06,1.1278880414000045e-06
965,20,0.022651835366423123,3.252079098659123e-11,-2.2356893918485066e-06,-5.2461875614361414e-06
965,21,0.02342315500065316,5.811743644675139e-12,-2.383130868298024e-06,-3.639105786319558e-07
965,22,0.02126656613631409,8.04895186142967e-11,-8.275494106402628e-06,3.4649265373442e-06
965,23,0.022694979748289594,3.102679901922797e-11,1.720193452849981e-06,5.297898970724152e-06
965,24,0.023563497299775638,9.520085297023486e-13,5.255657107637789e-07,-8.220639959101192e-07
965,25,0.014080960260130173,3.2931073229820715e-10,1.8145105901962e-05,-2.566400295956735e-07
965,26,0.018362988891529767,1.8103380486116568e-10,1.3416685238773748e-05,1.013095289119576e-06
965,27,0.023108195002529645,1.671809313633333e-11,-3.638628317497561e-06,-1.865067586828477e-06
965,28,0.02328728366247514,1.0516659535256414e-11,2.3653623837650078e-07,-3.234302110686494e-06
965,29,0.021028275306255093,8.874098892406463e-11,-6.967386907552544e-07,-9.394442193173008e-06
965,30,0.022707735987362553,3.058507942830302e-11,5.529806252024183e-06,-7.951253597564059e-08
965,31,0.023284999112032304,1.059576832910095e-11,3.1460165339896044e-07,3.239875634770506e-06
965,32,0.02243669631981595,3.9970567610858927e-11,-6.298086567774936e-06,5.519720968236108e-07
965,33,0.01886418894450759,1.6367838520285673e-10,-6.7326360852637365e-06,1.0878878459945277e-05
965,34,0.02243113181520559,4.01632537690699e-11,6.182430889269241e-06,-1.3931267237690321e-06
965,35,0.020269370222062703,1.150201485904065e-10,-1.8206341745788594e-06,1.0569079420307241e-05
965,36,0.020811257710486582,9.625581543978813e-11,5.761266549151038e-06,-7.941260806032089e-06
965,37,0.021295525671418875,7.948671567789059e-11,7.346244614061317e-06,5.051673559154994e-06
965,38,0.008871593293567284,5.096992803872692e-10,-2.2558183722561168e-05,9.097403621064782e-07
965,39,0.023394034959293895,6.820104548179808e-12,1.208001218696433e-07,2.6087376025074057e-06
965,40,0.02332575740022278,9.18440136715204e-12,-3.016831748350237e-06,2.883185205603181e-07
965,41,0.016526544070051837,2.44625718642324e-10,-2.7396775205377427e-06,1.539869753342094e-05
965,42,0.018134799641381337,1.8893548039833107e-10,-1.593400176022166e-06,-1.3652712414658986e-05
965,43,0.012280173875513363,3.916678753876881e-10,-1.978885333156224e-05,-2.6298138642533764e-07
965,44,0.022142387107939213,5.016182727070771e-11,-1.915280964349044e-06,6.818616142466879e-06
965,45,0.023162336034508617,1.484331214789127e-11,-3.77100940502365e-06,-7.891769225683454e-07
965,46,0.02309008826035139,1.7345088499325236e-11,2.8013679534244424e-06,3.081789429674225e-06
965,47,0.020380436912321918,1.1117416132832345e-10,5.348422766639771e-06,9.086723019747704e-06
965,48,0.021101779126834072,8.619571853740396e-11,9.28391048835109e-06,-6.873559258923531e-08
965,49,0.022283891573611617,4.5261848967277674e-11,-5.360420291124972e-06,4.065432728477173e-06
1000,0,0.022723188688945763,5.61598506128273e-12,2.3697955549454712e-06,-7.354525369903761e-09
1000,1,0.023009941711562093,2.352125859391377e-12,1.47193854581739e-06,-4.30723550236534e-07
1000,2,0.022184042031563763,1.1752620563185137e-11,-3.1589403047858686e-07,-3.413624397131754e-06
1000,3,0.02264367884774975,6.520976138484887e-12,-2.517828486003954e-06,4.260467739015556e-07
1000,4,0.021874163126997363,1.527970148080908e-11,6.47359089943771e-08,-3.908389789017435e-06
1000,5,0.020129783362461098,3.513445277210543e-11,5.812550094241391e-06,1.1613415406502195e-06
1000,6,0.01945810547744115,4.2779575483374824e-11,-4.4619216123350655e-06,-4.782345764240816e-06
1000,7,0.019930296771772125,3.7405034399226676e-11,-5.679103693104458e-06,-2.269981418909411e-06
1000,8,0.022352256598214396,9.837981072220051e-12,1.2077128708993963e-06,-2.8947211771920262e-06
1000,9,0.019731011944674578,3.967331952761022e-11,-2.741128444909945e-06,5.670937698133864e-06
1000,10,0.023099815088141167,1.3291757105968837e-12,-1.1324002646013206e-06,-2.1643786944003806e-07
1000,11,0.01878698705475145,5.0418330323582106e-11,7.100237783860565e-06,-7.038278355481241e-08
1000,12,0.02304371714452439,1.9676896059700535e-12,-8.715234829675977e-07,1.0991525938676945e-06
1000,13,0.008956548614644566,1.6230962502947383e-10,-9.625413426016754e-07,-1.2703666368149645e-05
1000,14,0.021521957806495285,1.9288547022478788e-11,3.399862409001594e-06,-2.78019470942894e-06
1000,15,0.018945382745812107,4.861545051749907e-11,6.593085793461376e-06,2.268627390638851e-06
1000,16,0.017006999848656168,7.067837002205143e-11,-8.400606946991075e-06,3.288965554953773e-07
1000,17,0.022742485587101142,5.39634532379109e-12,6.659825264173095e-07,-2.225491540828207e-06
1000,18,0.021750886939083506,1.6682846656492412e-11,-4.084460796144728e-06,5.163453222931614e-09
1000,19,0.022359989461152238,9.749964647401334e-12,-3.0696245956186447e-06,5.721621180875263e-07
1000,20,0.022529100032556905,7.825126716905626e-12,-2.7925344814141644e-06,-1.6394476819511362e-07
1000,21,0.022101210105538806,1.2695424030434594e-11,-1.0975018821054013e-06,3.3898250174912712e-06
1000,22,0.017080279063001386,6.984429672836547e-11,-9.045620243045785e-07,-8.308192599630288e-06
1000,23,0.020592453509286724,2.9868282594092315e-11,-5.464562283518114e-06,8.271422878572244e-08
1000,24,0.022894039807370203,3.671336004281744e-12,-1.8973296863330186e-06,-2.6735008068297447e-07
1000,25,0.02087282707467902,2.6677035181865002e-11,-9.738229629144934e-07,5.072346993134977e-06
1000,26,0.023161714266425142,6.24631427895551e-13,-1.6265862266434168e-07,-7.734168348106281e-07
1000,27,0.02271511414075258,5.7078905909297555e-12,-2.2791607342382816e-06,-7.164614005207625e-07
1000,28,0.022457330959106358,8.642011395768078e-12,1.547916453399672e-06,-2.4991930795884216e-06
1000,29,0.022365024324396455,9.69265719662027e-12,-2.555557039705038e-06,1.7781409993120043e-06
1000,30,0.015876847140902255,8.354191120145985e-11,-9.138556193867528e-06,-1.694163303383331e-07
1000,31,0.021185178860004795,2.312180762240958e-11,-3.3124077082084364e-06,-3.4856509861159243e-06
1000,32,0.022169824001633975,1.191445197962737e-11,-2.794345343841486e-06,-2.0263479659176948e-06
1000,33,0.019725972546388037,3.9730678596817066e-11,-5.589889192888789e-07,6.2783923089378e-06
1000,34,0.0217849244661877,1.6295427214371027e-11,8.006617916851643e-07,3.956560110715687e-06
1000,35,0.005727694445214049,1.9906085190864538e-10,-6.183781794379873e-07,-1.4095334701093136e-05
1000,36,2.321546107910416e-08,2.642541951210948e-10,-1.6219527382709516e-05,1.0867964862985966e-06
1000,37,0.011511838577040136,1.3322499121752547e-10,-1.1455397833103677e-05,-1.4138075197313966e-06
1000,38,0.023060874386960827,1.772403700718571e-12,-2.7460851104155485e-08,-1.3310332837217883e-06
1000,39,0.022467812623916818,8.522707760079638e-12,-2.0786681209286641e-07,-2.91195795788847e-06
1000,40,0.02231587563430106,1.0252073808745758e-11,2.6051711813092094e-06,1.8614931976297246e-06
1000,41,0.019154600803227746,4.6234104104242557e-11,-6.404074851016188e-06,-2.2851541319623365e-06
1000,42,0.023149200728890734,7.670620961313709e-13,-3.882228786172542e-07,-7.850764884070236e-07
1000,43,0.022264058235089382,1.0841866005849769e-11,-5.674752415795454e-09,3.29269400385684e-06
1000,44,0.020878869599290008,2.6608258401853142e-11,-5.151076600944855e-06,-2.7325492319727064e-07
1000,45,0.02321546107910416,1.2878402472507573e-14,-1.001390297746955e-07,5.3390796850114724e-08
1000,46,0.015065544516683953,9.277626036860509e-11,9.620964862767157e-06,4.618392339384313e-07
1000,47,0.022106293630147305,1.2637562709845514e-11,-3.3776117449560714e-06,1.1087387474875752e-06
1000,48,0.022481841410171153,8.363030339106691e-12,-2.2022148440153266e-06,1.8743745943394673e-06
1000,49,0.016836931964527485,7.261410420715282e-11,8.505159145963993e-06,-5.257110508424364e-07
